{
  "instance": {
    "num_nodes": 128,
    "team_size": 3,
    "max_route_distance": 19713.7,
    "start_depot": 0,
    "end_depot": 127
  },
  "objective": {
    "total_score": 2271.0
  },
  "performance": {
    "cpu_time_seconds": 0.6479867999996713,
    "iterations": 20,
    "iterations_to_convergence": 12,
    "last_improvement_iteration": 12,
    "stagnation_iterations": 8,
    "accepted_worse_moves": 4,
    "restarts_performed": 1,
    "num_lp_solves": null,
    "num_labels_generated": null
  },
  "routes": [
    {
      "route_index": 1,
      "nodes": [
        0,
        11,
        13,
        40,
        36,
        35,
        39,
        42,
        33,
        41,
        38,
        37,
        27,
        121,
        32,
        31,
        28,
        24,
        25,
        29,
        26,
        30,
        79,
        78,
        82,
        81,
        83,
        80,
        76,
        71,
        7,
        18,
        21,
        3,
        22,
        23,
        5,
        105,
        113,
        9,
        119,
        6,
        127
      ],
      "score": 835.0,
      "length": 19424.119276879483
    },
    {
      "route_index": 2,
      "nodes": [
        0,
        15,
        34,
        43,
        102,
        44,
        53,
        56,
        120,
        55,
        4,
        100,
        51,
        123,
        54,
        65,
        125,
        112,
        88,
        91,
        124,
        63,
        57,
        99,
        101,
        114,
        12,
        127
      ],
      "score": 687.0,
      "length": 19680.925751431947
    },
    {
      "route_index": 3,
      "nodes": [
        0,
        104,
        10,
        8,
        2,
        89,
        115,
        59,
        60,
        90,
        61,
        58,
        66,
        72,
        73,
        67,
        70,
        69,
        68,
        74,
        75,
        116,
        77,
        17,
        20,
        16,
        19,
        107,
        14,
        127
      ],
      "score": 749.0,
      "length": 19521.469432467187
    }
  ],
  "dataset": "vansteenwegen",
  "instance_name": "bier127_gen3_m3.txt",
  "run_seed": 13
}