{
  "instance": {
    "num_nodes": 128,
    "team_size": 4,
    "max_route_distance": 14785.2,
    "start_depot": 0,
    "end_depot": 127
  },
  "objective": {
    "total_score": 4670.0
  },
  "performance": {
    "cpu_time_seconds": 1.0064424000447616,
    "iterations": 20,
    "iterations_to_convergence": 20,
    "last_improvement_iteration": 20,
    "stagnation_iterations": 0,
    "accepted_worse_moves": 3,
    "restarts_performed": 1,
    "num_lp_solves": null,
    "num_labels_generated": null
  },
  "routes": [
    {
      "route_index": 1,
      "nodes": [
        0,
        113,
        10,
        8,
        2,
        57,
        63,
        99,
        101,
        114,
        49,
        4,
        100,
        51,
        123,
        54,
        55,
        120,
        50,
        34,
        35,
        36,
        13,
        11,
        127
      ],
      "score": 1227.0,
      "length": 14709.280696352705
    },
    {
      "route_index": 2,
      "nodes": [
        0,
        14,
        107,
        19,
        16,
        20,
        17,
        76,
        83,
        81,
        80,
        75,
        74,
        68,
        69,
        70,
        67,
        72,
        7,
        71,
        18,
        21,
        3,
        22,
        23,
        5,
        105,
        104,
        12,
        127
      ],
      "score": 1279.0,
      "length": 14114.689376112188
    },
    {
      "route_index": 3,
      "nodes": [
        0,
        6,
        119,
        9,
        89,
        60,
        61,
        58,
        59,
        115,
        66,
        73,
        82,
        77,
        116,
        79,
        78,
        30,
        127
      ],
      "score": 912.0,
      "length": 14559.927691516617
    },
    {
      "route_index": 4,
      "nodes": [
        0,
        15,
        40,
        29,
        26,
        25,
        24,
        28,
        31,
        32,
        121,
        27,
        37,
        38,
        41,
        33,
        42,
        39,
        43,
        102,
        44,
        53,
        56,
        1,
        127
      ],
      "score": 1252.0,
      "length": 14307.12251325072
    }
  ],
  "dataset": "vansteenwegen",
  "instance_name": "bier127_gen2_m4.txt",
  "run_seed": 4007,
  "run_index": 0
}