{
  "instance": {
    "num_nodes": 128,
    "team_size": 2,
    "max_route_distance": 29570.5,
    "start_depot": 0,
    "end_depot": 127
  },
  "objective": {
    "total_score": 5354.0
  },
  "performance": {
    "cpu_time_seconds": 0.9097654999932274,
    "iterations": 20,
    "iterations_to_convergence": 17,
    "last_improvement_iteration": 17,
    "stagnation_iterations": 3,
    "accepted_worse_moves": 0,
    "restarts_performed": 1,
    "num_lp_solves": null,
    "num_labels_generated": null
  },
  "routes": [
    {
      "route_index": 1,
      "nodes": [
        0,
        15,
        36,
        35,
        29,
        26,
        30,
        11,
        16,
        20,
        21,
        3,
        18,
        22,
        23,
        5,
        105,
        113,
        10,
        8,
        2,
        89,
        115,
        59,
        58,
        61,
        60,
        90,
        57,
        63,
        99,
        101,
        9,
        119,
        12,
        114,
        49,
        100,
        4,
        55,
        123,
        65,
        54,
        46,
        52,
        48,
        45,
        93,
        117,
        47,
        44,
        102,
        43,
        53,
        56,
        120,
        50,
        1,
        127
      ],
      "score": 2916.0,
      "length": 29437.72499871969
    },
    {
      "route_index": 2,
      "nodes": [
        0,
        6,
        104,
        14,
        107,
        19,
        71,
        17,
        76,
        73,
        72,
        66,
        70,
        109,
        84,
        85,
        86,
        87,
        108,
        69,
        67,
        75,
        81,
        83,
        80,
        82,
        78,
        79,
        77,
        116,
        31,
        28,
        27,
        121,
        32,
        24,
        25,
        37,
        38,
        41,
        33,
        42,
        40,
        13,
        127
      ],
      "score": 2438.0,
      "length": 29537.071642555842
    }
  ],
  "dataset": "vansteenwegen",
  "instance_name": "bier127_gen2_m2.txt",
  "run_seed": 2008,
  "run_index": 1
}