{
  "instance": {
    "num_nodes": 128,
    "team_size": 4,
    "max_route_distance": 14785.2,
    "start_depot": 0,
    "end_depot": 127
  },
  "objective": {
    "total_score": 4820.0
  },
  "performance": {
    "cpu_time_seconds": 0.8675726000219584,
    "iterations": 20,
    "iterations_to_convergence": 20,
    "last_improvement_iteration": 20,
    "stagnation_iterations": 0,
    "accepted_worse_moves": 1,
    "restarts_performed": 1,
    "num_lp_solves": null,
    "num_labels_generated": null
  },
  "routes": [
    {
      "route_index": 1,
      "nodes": [
        0,
        12,
        114,
        50,
        56,
        53,
        47,
        117,
        52,
        48,
        45,
        93,
        44,
        102,
        43,
        34,
        35,
        40,
        29,
        13,
        127
      ],
      "score": 892.0,
      "length": 14174.549903480623
    },
    {
      "route_index": 2,
      "nodes": [
        0,
        14,
        105,
        107,
        19,
        16,
        20,
        21,
        3,
        8,
        10,
        2,
        101,
        99,
        57,
        63,
        112,
        125,
        65,
        54,
        123,
        51,
        55,
        120,
        4,
        100,
        49,
        1,
        127
      ],
      "score": 1369.0,
      "length": 14412.277498119149
    },
    {
      "route_index": 3,
      "nodes": [
        0,
        11,
        82,
        80,
        83,
        81,
        77,
        75,
        67,
        73,
        72,
        66,
        58,
        61,
        90,
        60,
        59,
        115,
        89,
        9,
        119,
        6,
        127
      ],
      "score": 1168.0,
      "length": 14468.192092377647
    },
    {
      "route_index": 4,
      "nodes": [
        0,
        15,
        36,
        39,
        42,
        33,
        41,
        38,
        37,
        27,
        121,
        31,
        28,
        32,
        24,
        25,
        26,
        30,
        79,
        78,
        76,
        17,
        71,
        18,
        22,
        23,
        5,
        113,
        104,
        127
      ],
      "score": 1391.0,
      "length": 14499.791744434562
    }
  ],
  "dataset": "vansteenwegen",
  "instance_name": "bier127_gen2_m4.txt",
  "run_seed": 4008,
  "run_index": 1
}