{
  "instance": {
    "num_nodes": 128,
    "team_size": 3,
    "max_route_distance": 19713.7,
    "start_depot": 0,
    "end_depot": 127
  },
  "objective": {
    "total_score": 2404.0
  },
  "performance": {
    "cpu_time_seconds": 0.9106667999876663,
    "iterations": 20,
    "iterations_to_convergence": 9,
    "last_improvement_iteration": 9,
    "stagnation_iterations": 11,
    "accepted_worse_moves": 0,
    "restarts_performed": 1,
    "num_lp_solves": null,
    "num_labels_generated": null
  },
  "routes": [
    {
      "route_index": 1,
      "nodes": [
        0,
        113,
        5,
        23,
        22,
        8,
        10,
        2,
        89,
        115,
        59,
        58,
        61,
        60,
        90,
        57,
        63,
        112,
        125,
        65,
        54,
        46,
        48,
        45,
        117,
        47,
        52,
        123,
        51,
        100,
        4,
        55,
        120,
        50,
        1,
        127
      ],
      "score": 840.0,
      "length": 18972.760045132407
    },
    {
      "route_index": 2,
      "nodes": [
        0,
        14,
        19,
        16,
        20,
        17,
        76,
        80,
        81,
        83,
        82,
        77,
        75,
        74,
        68,
        95,
        108,
        109,
        70,
        69,
        67,
        72,
        73,
        71,
        7,
        18,
        21,
        3,
        107,
        105,
        104,
        6,
        127
      ],
      "score": 875.0,
      "length": 19521.875736167778
    },
    {
      "route_index": 3,
      "nodes": [
        0,
        119,
        9,
        99,
        101,
        114,
        12,
        49,
        56,
        53,
        44,
        102,
        43,
        34,
        39,
        42,
        33,
        41,
        38,
        37,
        27,
        121,
        32,
        31,
        28,
        24,
        25,
        26,
        30,
        29,
        13,
        40,
        35,
        36,
        15,
        127
      ],
      "score": 689.0,
      "length": 19550.24813499323
    }
  ],
  "dataset": "vansteenwegen",
  "instance_name": "bier127_gen3_m3.txt",
  "run_seed": 6007,
  "run_index": 0
}