{
  "instance": {
    "num_nodes": 128,
    "team_size": 3,
    "max_route_distance": 19713.7,
    "start_depot": 0,
    "end_depot": 127
  },
  "objective": {
    "total_score": 97.0
  },
  "performance": {
    "cpu_time_seconds": 0.6637814000005164,
    "iterations": 20,
    "iterations_to_convergence": 7,
    "last_improvement_iteration": 7,
    "stagnation_iterations": 13,
    "accepted_worse_moves": 3,
    "restarts_performed": 1,
    "num_lp_solves": null,
    "num_labels_generated": null
  },
  "routes": [
    {
      "route_index": 1,
      "nodes": [
        0,
        15,
        36,
        35,
        34,
        39,
        41,
        38,
        29,
        11,
        79,
        78,
        82,
        77,
        75,
        83,
        81,
        80,
        76,
        17,
        71,
        7,
        18,
        22,
        23,
        5,
        14,
        105,
        8,
        10,
        9,
        114,
        100,
        4,
        51,
        123,
        55,
        120,
        49,
        12,
        127
      ],
      "score": 39.0,
      "length": 19618.148311904857
    },
    {
      "route_index": 2,
      "nodes": [
        0,
        13,
        40,
        42,
        33,
        37,
        27,
        121,
        32,
        31,
        28,
        24,
        25,
        26,
        30,
        19,
        107,
        3,
        21,
        16,
        20,
        73,
        67,
        72,
        66,
        115,
        2,
        99,
        101,
        119,
        127
      ],
      "score": 29.0,
      "length": 19543.313704952197
    },
    {
      "route_index": 3,
      "nodes": [
        0,
        1,
        50,
        56,
        53,
        43,
        102,
        44,
        47,
        117,
        93,
        45,
        48,
        52,
        46,
        54,
        65,
        125,
        112,
        63,
        57,
        90,
        60,
        61,
        58,
        59,
        89,
        113,
        104,
        6,
        127
      ],
      "score": 29.0,
      "length": 19603.40944380966
    }
  ],
  "dataset": "vansteenwegen",
  "instance_name": "bier127_gen1_m3.txt",
  "run_seed": 8
}