{
  "instance": {
    "num_nodes": 128,
    "team_size": 3,
    "max_route_distance": 19713.7,
    "start_depot": 0,
    "end_depot": 127
  },
  "objective": {
    "total_score": 4836.0
  },
  "performance": {
    "cpu_time_seconds": 0.6676921999996921,
    "iterations": 20,
    "iterations_to_convergence": 7,
    "last_improvement_iteration": 7,
    "stagnation_iterations": 13,
    "accepted_worse_moves": 2,
    "restarts_performed": 1,
    "num_lp_solves": null,
    "num_labels_generated": null
  },
  "routes": [
    {
      "route_index": 1,
      "nodes": [
        0,
        14,
        105,
        107,
        19,
        16,
        76,
        17,
        20,
        21,
        3,
        23,
        8,
        10,
        115,
        59,
        58,
        61,
        60,
        90,
        89,
        2,
        114,
        12,
        49,
        100,
        4,
        55,
        120,
        56,
        50,
        1,
        34,
        42,
        33,
        38,
        37,
        35,
        36,
        15,
        127
      ],
      "score": 1849.0,
      "length": 19647.865583857936
    },
    {
      "route_index": 2,
      "nodes": [
        0,
        6,
        119,
        9,
        57,
        63,
        99,
        101,
        51,
        123,
        46,
        48,
        52,
        53,
        44,
        102,
        43,
        39,
        41,
        121,
        32,
        31,
        28,
        24,
        25,
        29,
        40,
        13,
        127
      ],
      "score": 1604.0,
      "length": 19587.564420394094
    },
    {
      "route_index": 3,
      "nodes": [
        0,
        104,
        113,
        5,
        22,
        18,
        71,
        7,
        66,
        72,
        73,
        67,
        70,
        109,
        69,
        74,
        116,
        77,
        75,
        83,
        81,
        80,
        82,
        78,
        79,
        26,
        30,
        11,
        127
      ],
      "score": 1383.0,
      "length": 19551.28026653827
    }
  ],
  "dataset": "vansteenwegen",
  "instance_name": "bier127_gen2_m3.txt",
  "run_seed": 10
}