{
  "instance": {
    "num_nodes": 128,
    "team_size": 3,
    "max_route_distance": 19713.7,
    "start_depot": 0,
    "end_depot": 127
  },
  "objective": {
    "total_score": 94.0
  },
  "performance": {
    "cpu_time_seconds": 0.8625394001137465,
    "iterations": 20,
    "iterations_to_convergence": 6,
    "last_improvement_iteration": 6,
    "stagnation_iterations": 14,
    "accepted_worse_moves": 1,
    "restarts_performed": 1,
    "num_lp_solves": null,
    "num_labels_generated": null
  },
  "routes": [
    {
      "route_index": 1,
      "nodes": [
        0,
        1,
        50,
        56,
        53,
        44,
        102,
        43,
        34,
        36,
        35,
        39,
        42,
        33,
        41,
        38,
        37,
        25,
        29,
        40,
        11,
        19,
        16,
        20,
        21,
        22,
        7,
        66,
        10,
        5,
        105,
        107,
        14,
        104,
        113,
        2,
        119,
        6,
        127
      ],
      "score": 37.0,
      "length": 19684.1595783153
    },
    {
      "route_index": 2,
      "nodes": [
        0,
        30,
        79,
        78,
        82,
        81,
        80,
        83,
        75,
        67,
        72,
        73,
        76,
        17,
        71,
        18,
        3,
        23,
        8,
        89,
        115,
        59,
        61,
        60,
        90,
        57,
        63,
        99,
        101,
        9,
        114,
        100,
        51,
        123,
        55,
        4,
        49,
        12,
        127
      ],
      "score": 37.0,
      "length": 19671.51012825641
    },
    {
      "route_index": 3,
      "nodes": [
        0,
        15,
        13,
        26,
        24,
        32,
        28,
        31,
        121,
        27,
        122,
        94,
        92,
        93,
        45,
        47,
        117,
        48,
        52,
        46,
        120,
        127
      ],
      "score": 20.0,
      "length": 19696.67623250754
    }
  ],
  "dataset": "vansteenwegen",
  "instance_name": "bier127_gen1_m3.txt",
  "run_seed": 1008,
  "run_index": 1
}