{
  "instance": {
    "num_nodes": 128,
    "team_size": 3,
    "max_route_distance": 19713.7,
    "start_depot": 0,
    "end_depot": 127
  },
  "objective": {
    "total_score": 5013.0
  },
  "performance": {
    "cpu_time_seconds": 0.8518875000299886,
    "iterations": 20,
    "iterations_to_convergence": 15,
    "last_improvement_iteration": 15,
    "stagnation_iterations": 5,
    "accepted_worse_moves": 1,
    "restarts_performed": 1,
    "num_lp_solves": null,
    "num_labels_generated": null
  },
  "routes": [
    {
      "route_index": 1,
      "nodes": [
        0,
        14,
        19,
        3,
        22,
        23,
        5,
        113,
        12,
        114,
        49,
        100,
        4,
        55,
        51,
        123,
        65,
        54,
        46,
        52,
        48,
        45,
        93,
        117,
        47,
        44,
        102,
        43,
        53,
        56,
        120,
        50,
        1,
        127
      ],
      "score": 1543.0,
      "length": 19523.54599991557
    },
    {
      "route_index": 2,
      "nodes": [
        0,
        104,
        105,
        107,
        21,
        20,
        17,
        76,
        80,
        81,
        83,
        82,
        78,
        79,
        77,
        116,
        75,
        74,
        69,
        70,
        67,
        72,
        66,
        115,
        89,
        90,
        57,
        63,
        99,
        101,
        9,
        119,
        127
      ],
      "score": 1666.0,
      "length": 19472.586843458877
    },
    {
      "route_index": 3,
      "nodes": [
        0,
        15,
        13,
        40,
        35,
        36,
        34,
        39,
        42,
        33,
        41,
        38,
        37,
        27,
        121,
        32,
        31,
        28,
        24,
        25,
        26,
        30,
        11,
        16,
        18,
        71,
        7,
        59,
        58,
        61,
        60,
        2,
        8,
        10,
        6,
        127
      ],
      "score": 1804.0,
      "length": 19580.38488774819
    }
  ],
  "dataset": "vansteenwegen",
  "instance_name": "bier127_gen2_m3.txt",
  "run_seed": 3007,
  "run_index": 0
}