{
  "instance": {
    "num_nodes": 128,
    "team_size": 2,
    "max_route_distance": 29570.5,
    "start_depot": 0,
    "end_depot": 127
  },
  "objective": {
    "total_score": 2664.0
  },
  "performance": {
    "cpu_time_seconds": 0.8679599999450147,
    "iterations": 20,
    "iterations_to_convergence": 17,
    "last_improvement_iteration": 17,
    "stagnation_iterations": 3,
    "accepted_worse_moves": 0,
    "restarts_performed": 1,
    "num_lp_solves": null,
    "num_labels_generated": null
  },
  "routes": [
    {
      "route_index": 1,
      "nodes": [
        0,
        6,
        119,
        9,
        101,
        99,
        63,
        57,
        90,
        60,
        61,
        58,
        59,
        115,
        89,
        2,
        10,
        8,
        23,
        22,
        18,
        7,
        71,
        17,
        76,
        73,
        72,
        67,
        69,
        70,
        109,
        84,
        85,
        86,
        87,
        108,
        95,
        68,
        74,
        75,
        81,
        80,
        83,
        82,
        79,
        78,
        16,
        20,
        21,
        3,
        19,
        107,
        5,
        105,
        14,
        104,
        127
      ],
      "score": 1588.0,
      "length": 29493.569630554048
    },
    {
      "route_index": 2,
      "nodes": [
        0,
        15,
        36,
        35,
        42,
        33,
        38,
        41,
        39,
        43,
        102,
        44,
        93,
        45,
        117,
        47,
        52,
        48,
        46,
        54,
        65,
        64,
        98,
        91,
        88,
        124,
        112,
        125,
        123,
        51,
        100,
        4,
        55,
        120,
        56,
        50,
        1,
        127
      ],
      "score": 1076.0,
      "length": 29551.43989761236
    }
  ],
  "dataset": "vansteenwegen",
  "instance_name": "bier127_gen3_m2.txt",
  "run_seed": 5008,
  "run_index": 1
}