{
  "instance": {
    "num_nodes": 128,
    "team_size": 4,
    "max_route_distance": 14785.2,
    "start_depot": 0,
    "end_depot": 127
  },
  "objective": {
    "total_score": 2109.0
  },
  "performance": {
    "cpu_time_seconds": 0.8693802999332547,
    "iterations": 20,
    "iterations_to_convergence": 17,
    "last_improvement_iteration": 17,
    "stagnation_iterations": 3,
    "accepted_worse_moves": 0,
    "restarts_performed": 1,
    "num_lp_solves": null,
    "num_labels_generated": null
  },
  "routes": [
    {
      "route_index": 1,
      "nodes": [
        0,
        15,
        36,
        35,
        34,
        39,
        42,
        33,
        38,
        37,
        27,
        121,
        31,
        28,
        32,
        24,
        25,
        26,
        30,
        77,
        19,
        107,
        14,
        127
      ],
      "score": 489.0,
      "length": 14772.738445888408
    },
    {
      "route_index": 2,
      "nodes": [
        0,
        113,
        10,
        8,
        7,
        71,
        73,
        72,
        67,
        69,
        68,
        74,
        75,
        83,
        80,
        81,
        82,
        79,
        78,
        76,
        17,
        16,
        20,
        18,
        21,
        3,
        22,
        23,
        5,
        105,
        104,
        127
      ],
      "score": 692.0,
      "length": 14718.200243136938
    },
    {
      "route_index": 3,
      "nodes": [
        0,
        6,
        119,
        9,
        2,
        89,
        115,
        59,
        58,
        61,
        60,
        90,
        57,
        63,
        112,
        125,
        65,
        54,
        123,
        51,
        100,
        4,
        55,
        120,
        49,
        114,
        12,
        127
      ],
      "score": 586.0,
      "length": 14316.495504880992
    },
    {
      "route_index": 4,
      "nodes": [
        0,
        11,
        13,
        40,
        29,
        41,
        122,
        94,
        92,
        102,
        44,
        43,
        53,
        56,
        50,
        1,
        127
      ],
      "score": 342.0,
      "length": 14613.751023697807
    }
  ],
  "dataset": "vansteenwegen",
  "instance_name": "bier127_gen3_m4.txt",
  "run_seed": 7008,
  "run_index": 1
}