{
  "instance": {
    "num_nodes": 128,
    "team_size": 3,
    "max_route_distance": 19713.7,
    "start_depot": 0,
    "end_depot": 127
  },
  "objective": {
    "total_score": 2336.0
  },
  "performance": {
    "cpu_time_seconds": 1.0970737000461668,
    "iterations": 20,
    "iterations_to_convergence": 17,
    "last_improvement_iteration": 17,
    "stagnation_iterations": 3,
    "accepted_worse_moves": 1,
    "restarts_performed": 1,
    "num_lp_solves": null,
    "num_labels_generated": null
  },
  "routes": [
    {
      "route_index": 1,
      "nodes": [
        0,
        15,
        36,
        35,
        39,
        42,
        33,
        41,
        38,
        37,
        27,
        121,
        31,
        28,
        32,
        24,
        25,
        26,
        30,
        79,
        78,
        82,
        77,
        75,
        83,
        80,
        81,
        76,
        17,
        20,
        16,
        19,
        107,
        23,
        22,
        3,
        21,
        18,
        71,
        7,
        8,
        10,
        113,
        5,
        105,
        14,
        104,
        127
      ],
      "score": 956.0,
      "length": 19666.99367975927
    },
    {
      "route_index": 2,
      "nodes": [
        0,
        6,
        119,
        9,
        2,
        101,
        99,
        63,
        57,
        90,
        60,
        89,
        115,
        59,
        61,
        58,
        124,
        91,
        88,
        112,
        125,
        65,
        54,
        123,
        51,
        4,
        100,
        114,
        12,
        127
      ],
      "score": 760.0,
      "length": 19459.819874502016
    },
    {
      "route_index": 3,
      "nodes": [
        0,
        1,
        50,
        56,
        53,
        120,
        55,
        46,
        48,
        52,
        47,
        117,
        45,
        111,
        110,
        93,
        44,
        102,
        43,
        34,
        40,
        29,
        11,
        13,
        127
      ],
      "score": 620.0,
      "length": 19389.96321842436
    }
  ],
  "dataset": "vansteenwegen",
  "instance_name": "bier127_gen3_m3.txt",
  "run_seed": 6008,
  "run_index": 1
}