{
  "instance": {
    "num_nodes": 128,
    "team_size": 2,
    "max_route_distance": 29570.5,
    "start_depot": 0,
    "end_depot": 127
  },
  "objective": {
    "total_score": 101.0
  },
  "performance": {
    "cpu_time_seconds": 1.0071393999969587,
    "iterations": 20,
    "iterations_to_convergence": 20,
    "last_improvement_iteration": 20,
    "stagnation_iterations": 0,
    "accepted_worse_moves": 2,
    "restarts_performed": 1,
    "num_lp_solves": null,
    "num_labels_generated": null
  },
  "routes": [
    {
      "route_index": 1,
      "nodes": [
        0,
        15,
        36,
        35,
        39,
        42,
        33,
        41,
        38,
        37,
        27,
        121,
        31,
        28,
        32,
        24,
        25,
        26,
        30,
        79,
        78,
        82,
        77,
        116,
        75,
        80,
        83,
        81,
        76,
        17,
        71,
        18,
        21,
        3,
        22,
        23,
        8,
        89,
        115,
        59,
        58,
        61,
        60,
        90,
        9,
        119,
        12,
        114,
        49,
        4,
        100,
        51,
        123,
        55,
        120,
        53,
        56,
        50,
        1,
        127
      ],
      "score": 58.0,
      "length": 29546.476314913954
    },
    {
      "route_index": 2,
      "nodes": [
        0,
        13,
        11,
        29,
        40,
        34,
        43,
        102,
        44,
        47,
        45,
        117,
        52,
        48,
        46,
        54,
        65,
        125,
        112,
        63,
        57,
        99,
        101,
        2,
        10,
        7,
        66,
        70,
        69,
        68,
        74,
        67,
        72,
        73,
        20,
        16,
        19,
        107,
        5,
        105,
        14,
        104,
        113,
        6,
        127
      ],
      "score": 43.0,
      "length": 29507.368758683406
    }
  ],
  "dataset": "vansteenwegen",
  "instance_name": "bier127_gen1_m2.txt",
  "run_seed": 8,
  "run_index": 1
}