{
  "instance": {
    "num_nodes": 152,
    "team_size": 2,
    "max_route_distance": 262.5,
    "start_depot": 0,
    "end_depot": 151
  },
  "objective": {
    "total_score": 1893.0
  },
  "performance": {
    "cpu_time_seconds": 1.053550599999653,
    "iterations": 20,
    "iterations_to_convergence": 20,
    "last_improvement_iteration": 20,
    "stagnation_iterations": 0,
    "accepted_worse_moves": 0,
    "restarts_performed": 1,
    "num_lp_solves": null,
    "num_labels_generated": null
  },
  "routes": [
    {
      "route_index": 1,
      "nodes": [
        0,
        112,
        89,
        147,
        6,
        96,
        99,
        104,
        98,
        37,
        100,
        91,
        85,
        61,
        113,
        86,
        16,
        141,
        44,
        119,
        14,
        142,
        42,
        87,
        144,
        2,
        115,
        73,
        21,
        72,
        74,
        22,
        133,
        75,
        56,
        23,
        39,
        139,
        4,
        130,
        54,
        134,
        109,
        12,
        150,
        80,
        68,
        116,
        77,
        3,
        79,
        129,
        78,
        120,
        9,
        81,
        33,
        102,
        50,
        76,
        111,
        28,
        151
      ],
      "score": 1021.0,
      "length": 262.4610456485278
    },
    {
      "route_index": 2,
      "nodes": [
        0,
        53,
        105,
        40,
        58,
        137,
        13,
        94,
        95,
        97,
        92,
        59,
        93,
        5,
        118,
        60,
        83,
        125,
        45,
        114,
        8,
        124,
        47,
        143,
        49,
        107,
        19,
        123,
        48,
        82,
        106,
        7,
        88,
        127,
        31,
        148,
        62,
        10,
        108,
        90,
        32,
        131,
        128,
        20,
        66,
        103,
        51,
        30,
        122,
        1,
        69,
        132,
        27,
        151
      ],
      "score": 872.0,
      "length": 262.02519559352197
    }
  ],
  "dataset": "vansteenwegen",
  "instance_name": "cmt151c_m2.txt",
  "run_seed": 17
}