{
  "instance": {
    "num_nodes": 152,
    "team_size": 4,
    "max_route_distance": 131.25,
    "start_depot": 0,
    "end_depot": 151
  },
  "objective": {
    "total_score": 1680.0
  },
  "performance": {
    "cpu_time_seconds": 1.4621342000318691,
    "iterations": 20,
    "iterations_to_convergence": 16,
    "last_improvement_iteration": 16,
    "stagnation_iterations": 4,
    "accepted_worse_moves": 1,
    "restarts_performed": 1,
    "num_lp_solves": null,
    "num_labels_generated": null
  },
  "routes": [
    {
      "route_index": 1,
      "nodes": [
        0,
        89,
        147,
        6,
        94,
        95,
        59,
        104,
        99,
        93,
        85,
        91,
        100,
        98,
        37,
        92,
        97,
        87,
        144,
        57,
        2,
        115,
        145,
        22,
        133,
        74,
        72,
        110,
        130,
        54,
        109,
        12,
        138,
        28,
        151
      ],
      "score": 502.0,
      "length": 130.7278761329644
    },
    {
      "route_index": 2,
      "nodes": [
        0,
        105,
        26,
        149,
        116,
        3,
        129,
        79,
        33,
        81,
        120,
        9,
        103,
        51,
        122,
        30,
        108,
        10,
        62,
        148,
        88,
        31,
        127,
        69,
        132,
        151
      ],
      "score": 393.0,
      "length": 130.80626208331117
    },
    {
      "route_index": 3,
      "nodes": [
        0,
        27,
        146,
        52,
        106,
        7,
        123,
        11,
        107,
        19,
        47,
        124,
        48,
        82,
        114,
        8,
        45,
        125,
        83,
        60,
        118,
        5,
        96,
        13,
        112,
        151
      ],
      "score": 421.0,
      "length": 130.92629292654772
    },
    {
      "route_index": 4,
      "nodes": [
        0,
        111,
        50,
        102,
        76,
        77,
        68,
        80,
        150,
        134,
        4,
        139,
        39,
        67,
        23,
        75,
        73,
        21,
        40,
        58,
        53,
        151
      ],
      "score": 364.0,
      "length": 130.39030663487458
    }
  ],
  "dataset": "vansteenwegen",
  "instance_name": "cmt151c_m4.txt",
  "run_seed": 12007,
  "run_index": 0
}