{
  "instance": {
    "num_nodes": 152,
    "team_size": 4,
    "max_route_distance": 131.25,
    "start_depot": 0,
    "end_depot": 151
  },
  "objective": {
    "total_score": 1671.0
  },
  "performance": {
    "cpu_time_seconds": 1.4187325000530109,
    "iterations": 20,
    "iterations_to_convergence": 17,
    "last_improvement_iteration": 17,
    "stagnation_iterations": 3,
    "accepted_worse_moves": 1,
    "restarts_performed": 1,
    "num_lp_solves": null,
    "num_labels_generated": null
  },
  "routes": [
    {
      "route_index": 1,
      "nodes": [
        0,
        112,
        96,
        104,
        99,
        93,
        85,
        61,
        16,
        86,
        141,
        44,
        119,
        91,
        100,
        98,
        37,
        92,
        95,
        13,
        26,
        149,
        109,
        150,
        80,
        68,
        12,
        138,
        151
      ],
      "score": 455.0,
      "length": 131.22283049729015
    },
    {
      "route_index": 2,
      "nodes": [
        0,
        127,
        31,
        101,
        70,
        30,
        131,
        32,
        108,
        10,
        148,
        62,
        11,
        107,
        19,
        123,
        47,
        124,
        48,
        82,
        106,
        52,
        146,
        151
      ],
      "score": 366.0,
      "length": 130.5672853843279
    },
    {
      "route_index": 3,
      "nodes": [
        0,
        27,
        132,
        69,
        1,
        50,
        102,
        51,
        103,
        9,
        120,
        81,
        33,
        79,
        129,
        3,
        77,
        116,
        76,
        111,
        28,
        105,
        58,
        137,
        117,
        94,
        6,
        147,
        151
      ],
      "score": 419.0,
      "length": 131.1146567875951
    },
    {
      "route_index": 4,
      "nodes": [
        0,
        53,
        40,
        21,
        73,
        72,
        74,
        75,
        133,
        22,
        41,
        145,
        115,
        2,
        144,
        87,
        97,
        59,
        5,
        118,
        60,
        83,
        125,
        45,
        8,
        114,
        18,
        89,
        151
      ],
      "score": 431.0,
      "length": 129.44731954509268
    }
  ],
  "dataset": "vansteenwegen",
  "instance_name": "cmt151c_m4.txt",
  "run_seed": 12008,
  "run_index": 1
}