{
  "instance": {
    "num_nodes": 152,
    "team_size": 3,
    "max_route_distance": 116.67,
    "start_depot": 0,
    "end_depot": 151
  },
  "objective": {
    "total_score": 1303.0
  },
  "performance": {
    "cpu_time_seconds": 0.9468165000434965,
    "iterations": 20,
    "iterations_to_convergence": 14,
    "last_improvement_iteration": 14,
    "stagnation_iterations": 6,
    "accepted_worse_moves": 0,
    "restarts_performed": 1,
    "num_lp_solves": null,
    "num_labels_generated": null
  },
  "routes": [
    {
      "route_index": 1,
      "nodes": [
        0,
        27,
        132,
        69,
        31,
        88,
        148,
        62,
        123,
        48,
        82,
        114,
        8,
        45,
        125,
        83,
        60,
        118,
        99,
        104,
        96,
        94,
        58,
        105,
        53,
        151
      ],
      "score": 412.0,
      "length": 116.51243411930186
    },
    {
      "route_index": 2,
      "nodes": [
        0,
        112,
        13,
        137,
        144,
        87,
        97,
        95,
        59,
        93,
        85,
        98,
        37,
        100,
        14,
        119,
        44,
        141,
        86,
        16,
        61,
        5,
        6,
        147,
        89,
        151
      ],
      "score": 471.0,
      "length": 116.3361024679791
    },
    {
      "route_index": 3,
      "nodes": [
        0,
        28,
        138,
        12,
        109,
        54,
        130,
        134,
        150,
        80,
        68,
        116,
        77,
        3,
        79,
        129,
        78,
        34,
        120,
        9,
        81,
        33,
        102,
        50,
        76,
        111,
        151
      ],
      "score": 420.0,
      "length": 116.2228833135059
    }
  ],
  "dataset": "vansteenwegen",
  "instance_name": "cmt151b_m3.txt",
  "run_seed": 9007,
  "run_index": 0
}