{
  "instance": {
    "num_nodes": 152,
    "team_size": 3,
    "max_route_distance": 175.0,
    "start_depot": 0,
    "end_depot": 151
  },
  "objective": {
    "total_score": 1773.0
  },
  "performance": {
    "cpu_time_seconds": 1.3273678000550717,
    "iterations": 20,
    "iterations_to_convergence": 19,
    "last_improvement_iteration": 19,
    "stagnation_iterations": 1,
    "accepted_worse_moves": 0,
    "restarts_performed": 1,
    "num_lp_solves": null,
    "num_labels_generated": null
  },
  "routes": [
    {
      "route_index": 1,
      "nodes": [
        0,
        27,
        111,
        50,
        102,
        3,
        129,
        79,
        33,
        81,
        120,
        9,
        103,
        20,
        128,
        30,
        131,
        32,
        90,
        108,
        10,
        62,
        148,
        88,
        52,
        89,
        147,
        6,
        96,
        104,
        99,
        59,
        95,
        94,
        13,
        137,
        58,
        105,
        53,
        151
      ],
      "score": 623.0,
      "length": 174.4915320942114
    },
    {
      "route_index": 2,
      "nodes": [
        0,
        138,
        12,
        109,
        54,
        130,
        134,
        80,
        150,
        68,
        77,
        116,
        76,
        132,
        69,
        31,
        127,
        106,
        7,
        123,
        107,
        19,
        47,
        124,
        48,
        82,
        114,
        8,
        45,
        125,
        83,
        112,
        151
      ],
      "score": 537.0,
      "length": 174.70647589800862
    },
    {
      "route_index": 3,
      "nodes": [
        0,
        28,
        26,
        149,
        21,
        73,
        72,
        74,
        75,
        133,
        22,
        41,
        145,
        115,
        2,
        144,
        87,
        97,
        92,
        37,
        98,
        100,
        142,
        14,
        119,
        44,
        141,
        16,
        86,
        113,
        61,
        85,
        93,
        5,
        118,
        60,
        18,
        146,
        151
      ],
      "score": 613.0,
      "length": 173.57799005335738
    }
  ],
  "dataset": "vansteenwegen",
  "instance_name": "cmt151c_m3.txt",
  "run_seed": 11008,
  "run_index": 1
}