{
  "instance": {
    "num_nodes": 152,
    "team_size": 4,
    "max_route_distance": 131.25,
    "start_depot": 0,
    "end_depot": 151
  },
  "objective": {
    "total_score": 1706.0
  },
  "performance": {
    "cpu_time_seconds": 1.0435697999992044,
    "iterations": 20,
    "iterations_to_convergence": 19,
    "last_improvement_iteration": 19,
    "stagnation_iterations": 1,
    "accepted_worse_moves": 0,
    "restarts_performed": 1,
    "num_lp_solves": null,
    "num_labels_generated": null
  },
  "routes": [
    {
      "route_index": 1,
      "nodes": [
        0,
        13,
        117,
        95,
        97,
        92,
        93,
        85,
        61,
        16,
        86,
        141,
        44,
        119,
        14,
        142,
        42,
        144,
        57,
        145,
        22,
        133,
        75,
        74,
        72,
        73,
        21,
        105,
        53,
        151
      ],
      "score": 462.0,
      "length": 130.10911834565545
    },
    {
      "route_index": 2,
      "nodes": [
        0,
        112,
        147,
        6,
        94,
        96,
        104,
        99,
        59,
        98,
        100,
        37,
        87,
        137,
        58,
        40,
        26,
        149,
        12,
        76,
        116,
        3,
        129,
        79,
        102,
        50,
        111,
        27,
        151
      ],
      "score": 440.0,
      "length": 127.11841254796425
    },
    {
      "route_index": 3,
      "nodes": [
        0,
        146,
        127,
        31,
        88,
        148,
        62,
        11,
        107,
        19,
        123,
        47,
        124,
        48,
        82,
        114,
        8,
        125,
        45,
        84,
        5,
        118,
        60,
        83,
        18,
        89,
        151
      ],
      "score": 434.0,
      "length": 130.54031414891523
    },
    {
      "route_index": 4,
      "nodes": [
        0,
        132,
        69,
        1,
        101,
        70,
        122,
        30,
        128,
        20,
        51,
        103,
        9,
        120,
        81,
        33,
        77,
        68,
        150,
        80,
        134,
        130,
        54,
        109,
        138,
        28,
        151
      ],
      "score": 370.0,
      "length": 131.16364822280252
    }
  ],
  "dataset": "vansteenwegen",
  "instance_name": "cmt151c_m4.txt",
  "run_seed": 19
}