{
  "instance": {
    "num_nodes": 152,
    "team_size": 3,
    "max_route_distance": 116.67,
    "start_depot": 0,
    "end_depot": 151
  },
  "objective": {
    "total_score": 1246.0
  },
  "performance": {
    "cpu_time_seconds": 0.7649658000000272,
    "iterations": 20,
    "iterations_to_convergence": 18,
    "last_improvement_iteration": 18,
    "stagnation_iterations": 2,
    "accepted_worse_moves": 0,
    "restarts_performed": 1,
    "num_lp_solves": null,
    "num_labels_generated": null
  },
  "routes": [
    {
      "route_index": 1,
      "nodes": [
        0,
        112,
        94,
        96,
        99,
        104,
        59,
        93,
        85,
        98,
        37,
        97,
        95,
        13,
        58,
        105,
        138,
        12,
        116,
        77,
        3,
        79,
        102,
        50,
        1,
        132,
        27,
        151
      ],
      "score": 468.0,
      "length": 116.11753224404124
    },
    {
      "route_index": 2,
      "nodes": [
        0,
        89,
        147,
        5,
        118,
        60,
        83,
        114,
        8,
        82,
        106,
        7,
        48,
        123,
        19,
        107,
        11,
        62,
        148,
        88,
        31,
        127,
        146,
        151
      ],
      "score": 379.0,
      "length": 115.60904847894078
    },
    {
      "route_index": 3,
      "nodes": [
        0,
        28,
        111,
        76,
        68,
        80,
        150,
        134,
        54,
        130,
        4,
        139,
        39,
        56,
        75,
        133,
        22,
        74,
        72,
        73,
        21,
        110,
        149,
        26,
        53,
        151
      ],
      "score": 399.0,
      "length": 116.38469787295776
    }
  ],
  "dataset": "vansteenwegen",
  "instance_name": "cmt151b_m3.txt",
  "run_seed": 16
}