{
  "instance": {
    "num_nodes": 102,
    "team_size": 3,
    "max_route_distance": 126.33,
    "start_depot": 0,
    "end_depot": 101
  },
  "objective": {
    "total_score": 1230.0
  },
  "performance": {
    "cpu_time_seconds": 0.426003500004299,
    "iterations": 20,
    "iterations_to_convergence": 6,
    "last_improvement_iteration": 6,
    "stagnation_iterations": 14,
    "accepted_worse_moves": 0,
    "restarts_performed": 1,
    "num_lp_solves": null,
    "num_labels_generated": null
  },
  "routes": [
    {
      "route_index": 1,
      "nodes": [
        0,
        67,
        65,
        63,
        74,
        62,
        66,
        69,
        40,
        41,
        42,
        44,
        45,
        46,
        47,
        49,
        52,
        31,
        32,
        33,
        34,
        29,
        27,
        25,
        24,
        22,
        21,
        20,
        101
      ],
      "score": 510.0,
      "length": 123.66501792650573
    },
    {
      "route_index": 2,
      "nodes": [
        0,
        5,
        3,
        7,
        4,
        2,
        6,
        9,
        8,
        10,
        11,
        12,
        14,
        16,
        15,
        13,
        17,
        18,
        30,
        28,
        26,
        23,
        101
      ],
      "score": 380.0,
      "length": 123.37601831652431
    },
    {
      "route_index": 3,
      "nodes": [
        0,
        75,
        1,
        98,
        96,
        95,
        97,
        93,
        92,
        94,
        88,
        85,
        84,
        82,
        83,
        86,
        87,
        90,
        101
      ],
      "score": 340.0,
      "length": 126.22699939848809
    }
  ],
  "dataset": "vansteenwegen",
  "instance_name": "cmt101c_m3.txt",
  "run_seed": 8007,
  "run_index": 0
}