{
  "instance": {
    "num_nodes": 152,
    "team_size": 2,
    "max_route_distance": 262.5,
    "start_depot": 0,
    "end_depot": 151
  },
  "objective": {
    "total_score": 1823.0
  },
  "performance": {
    "cpu_time_seconds": 1.4337991999927908,
    "iterations": 20,
    "iterations_to_convergence": 16,
    "last_improvement_iteration": 16,
    "stagnation_iterations": 4,
    "accepted_worse_moves": 0,
    "restarts_performed": 1,
    "num_lp_solves": null,
    "num_labels_generated": null
  },
  "routes": [
    {
      "route_index": 1,
      "nodes": [
        0,
        27,
        132,
        69,
        127,
        31,
        88,
        148,
        62,
        10,
        108,
        90,
        32,
        131,
        128,
        20,
        103,
        9,
        120,
        81,
        33,
        79,
        129,
        3,
        77,
        116,
        68,
        150,
        80,
        134,
        54,
        130,
        149,
        58,
        137,
        13,
        95,
        59,
        96,
        99,
        104,
        93,
        5,
        118,
        60,
        83,
        125,
        45,
        8,
        114,
        82,
        48,
        123,
        7,
        106,
        18,
        89,
        147,
        112,
        151
      ],
      "score": 994.0,
      "length": 262.14457198304524
    },
    {
      "route_index": 2,
      "nodes": [
        0,
        53,
        94,
        117,
        97,
        37,
        98,
        100,
        85,
        61,
        113,
        86,
        16,
        141,
        44,
        119,
        14,
        142,
        42,
        87,
        144,
        57,
        2,
        115,
        145,
        41,
        22,
        133,
        74,
        75,
        56,
        23,
        67,
        39,
        139,
        4,
        110,
        72,
        73,
        21,
        40,
        105,
        26,
        138,
        109,
        12,
        76,
        102,
        50,
        1,
        111,
        28,
        151
      ],
      "score": 829.0,
      "length": 261.92316884574853
    }
  ],
  "dataset": "vansteenwegen",
  "instance_name": "cmt151c_m2.txt",
  "run_seed": 10007,
  "run_index": 0
}