{
  "instance": {
    "num_nodes": 152,
    "team_size": 3,
    "max_route_distance": 175.0,
    "start_depot": 0,
    "end_depot": 151
  },
  "objective": {
    "total_score": 1726.0
  },
  "performance": {
    "cpu_time_seconds": 0.9874800999996296,
    "iterations": 20,
    "iterations_to_convergence": 11,
    "last_improvement_iteration": 11,
    "stagnation_iterations": 9,
    "accepted_worse_moves": 1,
    "restarts_performed": 1,
    "num_lp_solves": null,
    "num_labels_generated": null
  },
  "routes": [
    {
      "route_index": 1,
      "nodes": [
        0,
        146,
        52,
        106,
        7,
        48,
        82,
        114,
        8,
        125,
        45,
        17,
        113,
        86,
        91,
        85,
        93,
        99,
        104,
        96,
        59,
        95,
        117,
        13,
        58,
        40,
        138,
        12,
        109,
        150,
        80,
        68,
        3,
        77,
        116,
        76,
        111,
        28,
        151
      ],
      "score": 601.0,
      "length": 173.2772877579645
    },
    {
      "route_index": 2,
      "nodes": [
        0,
        53,
        105,
        26,
        149,
        21,
        72,
        73,
        144,
        87,
        97,
        92,
        98,
        37,
        100,
        142,
        14,
        119,
        44,
        141,
        16,
        61,
        5,
        118,
        60,
        83,
        18,
        88,
        148,
        62,
        108,
        10,
        31,
        127,
        151
      ],
      "score": 544.0,
      "length": 174.41358284815314
    },
    {
      "route_index": 3,
      "nodes": [
        0,
        27,
        132,
        69,
        1,
        50,
        102,
        33,
        81,
        9,
        120,
        79,
        129,
        121,
        29,
        24,
        134,
        54,
        130,
        4,
        139,
        39,
        23,
        56,
        75,
        74,
        133,
        22,
        145,
        115,
        2,
        137,
        94,
        6,
        147,
        89,
        112,
        151
      ],
      "score": 581.0,
      "length": 174.76301203090898
    }
  ],
  "dataset": "vansteenwegen",
  "instance_name": "cmt151c_m3.txt",
  "run_seed": 18
}