{
  "instance": {
    "num_nodes": 102,
    "team_size": 3,
    "max_route_distance": 126.33,
    "start_depot": 0,
    "end_depot": 101
  },
  "objective": {
    "total_score": 1200.0
  },
  "performance": {
    "cpu_time_seconds": 0.34181340000031923,
    "iterations": 20,
    "iterations_to_convergence": 14,
    "last_improvement_iteration": 14,
    "stagnation_iterations": 6,
    "accepted_worse_moves": 1,
    "restarts_performed": 1,
    "num_lp_solves": null,
    "num_labels_generated": null
  },
  "routes": [
    {
      "route_index": 1,
      "nodes": [
        0,
        75,
        1,
        2,
        6,
        9,
        8,
        7,
        10,
        11,
        12,
        14,
        16,
        15,
        19,
        18,
        17,
        13,
        22,
        20,
        101
      ],
      "score": 370.0,
      "length": 123.44102095354948
    },
    {
      "route_index": 2,
      "nodes": [
        0,
        67,
        65,
        63,
        69,
        66,
        62,
        74,
        72,
        61,
        64,
        68,
        40,
        41,
        42,
        44,
        46,
        45,
        48,
        51,
        50,
        52,
        49,
        47,
        24,
        25,
        27,
        30,
        28,
        26,
        23,
        21,
        101
      ],
      "score": 480.0,
      "length": 125.59808345812407
    },
    {
      "route_index": 3,
      "nodes": [
        0,
        90,
        89,
        87,
        86,
        84,
        85,
        88,
        98,
        96,
        95,
        94,
        92,
        93,
        97,
        100,
        99,
        4,
        3,
        5,
        101
      ],
      "score": 350.0,
      "length": 124.26591189410279
    }
  ],
  "dataset": "vansteenwegen",
  "instance_name": "cmt101c_m3.txt",
  "run_seed": 15
}