{
  "instance": {
    "num_nodes": 201,
    "team_size": 4,
    "max_route_distance": 143.25,
    "start_depot": 0,
    "end_depot": 200
  },
  "objective": {
    "total_score": 2301.0
  },
  "performance": {
    "cpu_time_seconds": 3.1320755999768153,
    "iterations": 20,
    "iterations_to_convergence": 6,
    "last_improvement_iteration": 6,
    "stagnation_iterations": 14,
    "accepted_worse_moves": 0,
    "restarts_performed": 1,
    "num_lp_solves": null,
    "num_labels_generated": null
  },
  "routes": [
    {
      "route_index": 1,
      "nodes": [
        0,
        53,
        105,
        180,
        40,
        58,
        152,
        13,
        137,
        2,
        115,
        178,
        57,
        144,
        87,
        172,
        42,
        142,
        14,
        192,
        119,
        44,
        191,
        141,
        86,
        16,
        61,
        85,
        193,
        100,
        37,
        98,
        93,
        99,
        104,
        96,
        183,
        6,
        147,
        146,
        200
      ],
      "score": 639.0,
      "length": 142.76849203178074
    },
    {
      "route_index": 2,
      "nodes": [
        0,
        111,
        176,
        50,
        102,
        157,
        33,
        1,
        162,
        127,
        88,
        182,
        7,
        194,
        106,
        153,
        82,
        174,
        45,
        125,
        199,
        83,
        60,
        118,
        5,
        59,
        151,
        92,
        97,
        117,
        95,
        94,
        112,
        156,
        200
      ],
      "score": 563.0,
      "length": 143.09399105632033
    },
    {
      "route_index": 3,
      "nodes": [
        0,
        89,
        166,
        18,
        114,
        8,
        48,
        124,
        47,
        168,
        19,
        107,
        175,
        11,
        159,
        62,
        148,
        31,
        190,
        167,
        27,
        138,
        154,
        12,
        177,
        109,
        195,
        149,
        26,
        200
      ],
      "score": 533.0,
      "length": 142.83991426884913
    },
    {
      "route_index": 4,
      "nodes": [
        0,
        132,
        69,
        101,
        70,
        122,
        30,
        32,
        131,
        160,
        128,
        20,
        188,
        103,
        161,
        9,
        120,
        81,
        164,
        34,
        78,
        169,
        129,
        79,
        158,
        3,
        77,
        68,
        80,
        150,
        116,
        196,
        76,
        184,
        28,
        200
      ],
      "score": 566.0,
      "length": 142.03052023735344
    }
  ],
  "dataset": "vansteenwegen",
  "instance_name": "cmt200c_m4.txt",
  "run_seed": 18008,
  "run_index": 1
}