{
  "instance": {
    "num_nodes": 201,
    "team_size": 4,
    "max_route_distance": 95.5,
    "start_depot": 0,
    "end_depot": 200
  },
  "objective": {
    "total_score": 1692.0
  },
  "performance": {
    "cpu_time_seconds": 2.090073100058362,
    "iterations": 20,
    "iterations_to_convergence": 20,
    "last_improvement_iteration": 20,
    "stagnation_iterations": 0,
    "accepted_worse_moves": 0,
    "restarts_performed": 1,
    "num_lp_solves": null,
    "num_labels_generated": null
  },
  "routes": [
    {
      "route_index": 1,
      "nodes": [
        0,
        28,
        154,
        138,
        12,
        184,
        77,
        158,
        3,
        129,
        79,
        185,
        164,
        120,
        81,
        33,
        157,
        102,
        50,
        1,
        176,
        132,
        146,
        156,
        200
      ],
      "score": 399.0,
      "length": 94.96528366032301
    },
    {
      "route_index": 2,
      "nodes": [
        0,
        112,
        183,
        94,
        96,
        99,
        104,
        93,
        85,
        98,
        37,
        92,
        151,
        97,
        87,
        178,
        115,
        171,
        22,
        133,
        75,
        197,
        72,
        198,
        180,
        105,
        200
      ],
      "score": 484.0,
      "length": 95.20891819445738
    },
    {
      "route_index": 3,
      "nodes": [
        0,
        27,
        167,
        127,
        190,
        31,
        162,
        101,
        69,
        111,
        76,
        196,
        116,
        68,
        80,
        150,
        163,
        134,
        177,
        109,
        195,
        149,
        26,
        200
      ],
      "score": 388.0,
      "length": 93.86057759223789
    },
    {
      "route_index": 4,
      "nodes": [
        0,
        89,
        147,
        166,
        60,
        118,
        5,
        173,
        61,
        16,
        141,
        191,
        44,
        119,
        192,
        91,
        193,
        100,
        59,
        95,
        13,
        137,
        152,
        58,
        53,
        200
      ],
      "score": 421.0,
      "length": 95.47546270804979
    }
  ],
  "dataset": "vansteenwegen",
  "instance_name": "cmt200b_m4.txt",
  "run_seed": 15008,
  "run_index": 1
}