{
  "instance": {
    "num_nodes": 201,
    "team_size": 3,
    "max_route_distance": 191.0,
    "start_depot": 0,
    "end_depot": 200
  },
  "objective": {
    "total_score": 2467.0
  },
  "performance": {
    "cpu_time_seconds": 3.1589312000432983,
    "iterations": 20,
    "iterations_to_convergence": 19,
    "last_improvement_iteration": 19,
    "stagnation_iterations": 1,
    "accepted_worse_moves": 0,
    "restarts_performed": 1,
    "num_lp_solves": null,
    "num_labels_generated": null
  },
  "routes": [
    {
      "route_index": 1,
      "nodes": [
        0,
        27,
        167,
        52,
        153,
        106,
        194,
        7,
        82,
        48,
        182,
        148,
        62,
        159,
        108,
        189,
        10,
        31,
        190,
        127,
        162,
        69,
        132,
        176,
        50,
        102,
        157,
        76,
        196,
        116,
        184,
        138,
        154,
        105,
        58,
        152,
        2,
        115,
        178,
        144,
        87,
        97,
        92,
        151,
        59,
        99,
        104,
        96,
        94,
        183,
        6,
        147,
        112,
        156,
        200
      ],
      "score": 969.0,
      "length": 190.0765003595308
    },
    {
      "route_index": 2,
      "nodes": [
        0,
        53,
        180,
        40,
        137,
        13,
        117,
        95,
        37,
        98,
        93,
        85,
        91,
        193,
        100,
        172,
        42,
        142,
        14,
        192,
        119,
        44,
        191,
        141,
        16,
        86,
        113,
        17,
        84,
        173,
        61,
        5,
        118,
        60,
        83,
        199,
        125,
        45,
        174,
        8,
        114,
        18,
        166,
        89,
        146,
        200
      ],
      "score": 690.0,
      "length": 186.9607213805638
    },
    {
      "route_index": 3,
      "nodes": [
        0,
        28,
        111,
        12,
        109,
        177,
        150,
        80,
        68,
        77,
        158,
        3,
        79,
        185,
        33,
        81,
        9,
        120,
        164,
        34,
        169,
        121,
        29,
        163,
        134,
        54,
        130,
        179,
        4,
        155,
        139,
        187,
        39,
        186,
        56,
        197,
        75,
        133,
        22,
        171,
        74,
        72,
        73,
        21,
        198,
        149,
        195,
        26,
        200
      ],
      "score": 808.0,
      "length": 190.1806675629848
    }
  ],
  "dataset": "vansteenwegen",
  "instance_name": "cmt200c_m3.txt",
  "run_seed": 17008,
  "run_index": 1
}