{
  "instance": {
    "num_nodes": 201,
    "team_size": 2,
    "max_route_distance": 286.5,
    "start_depot": 0,
    "end_depot": 200
  },
  "objective": {
    "total_score": 2721.0
  },
  "performance": {
    "cpu_time_seconds": 3.4818927999585867,
    "iterations": 20,
    "iterations_to_convergence": 17,
    "last_improvement_iteration": 17,
    "stagnation_iterations": 3,
    "accepted_worse_moves": 0,
    "restarts_performed": 1,
    "num_lp_solves": null,
    "num_labels_generated": null
  },
  "routes": [
    {
      "route_index": 1,
      "nodes": [
        0,
        28,
        111,
        154,
        138,
        12,
        184,
        116,
        196,
        76,
        50,
        102,
        157,
        33,
        81,
        185,
        79,
        129,
        158,
        3,
        77,
        68,
        80,
        150,
        177,
        109,
        195,
        149,
        26,
        180,
        21,
        198,
        110,
        155,
        4,
        139,
        187,
        39,
        23,
        186,
        56,
        197,
        75,
        133,
        22,
        171,
        74,
        72,
        73,
        115,
        178,
        2,
        144,
        87,
        97,
        95,
        92,
        151,
        37,
        98,
        100,
        193,
        91,
        191,
        192,
        119,
        44,
        141,
        16,
        86,
        113,
        61,
        85,
        93,
        59,
        104,
        99,
        96,
        183,
        94,
        13,
        137,
        152,
        58,
        105,
        53,
        200
      ],
      "score": 1487.0,
      "length": 286.33107172996205
    },
    {
      "route_index": 2,
      "nodes": [
        0,
        27,
        167,
        132,
        176,
        1,
        69,
        162,
        101,
        70,
        30,
        122,
        51,
        9,
        120,
        164,
        135,
        35,
        71,
        161,
        103,
        66,
        188,
        20,
        128,
        160,
        131,
        32,
        90,
        108,
        189,
        10,
        159,
        62,
        11,
        175,
        107,
        19,
        123,
        168,
        47,
        124,
        48,
        82,
        114,
        8,
        174,
        45,
        125,
        199,
        83,
        84,
        5,
        118,
        60,
        166,
        18,
        153,
        106,
        194,
        7,
        182,
        148,
        88,
        31,
        190,
        127,
        52,
        89,
        147,
        112,
        156,
        200
      ],
      "score": 1234.0,
      "length": 284.929421222188
    }
  ],
  "dataset": "vansteenwegen",
  "instance_name": "cmt200c_m2.txt",
  "run_seed": 16008,
  "run_index": 1
}