{
  "instance": {
    "num_nodes": 201,
    "team_size": 4,
    "max_route_distance": 95.5,
    "start_depot": 0,
    "end_depot": 200
  },
  "objective": {
    "total_score": 1558.0
  },
  "performance": {
    "cpu_time_seconds": 1.9208105000434443,
    "iterations": 20,
    "iterations_to_convergence": 20,
    "last_improvement_iteration": 20,
    "stagnation_iterations": 0,
    "accepted_worse_moves": 2,
    "restarts_performed": 1,
    "num_lp_solves": null,
    "num_labels_generated": null
  },
  "routes": [
    {
      "route_index": 1,
      "nodes": [
        0,
        111,
        50,
        102,
        157,
        158,
        3,
        77,
        196,
        116,
        184,
        138,
        154,
        105,
        152,
        58,
        94,
        95,
        59,
        99,
        104,
        96,
        6,
        183,
        112,
        156,
        200
      ],
      "score": 473.0,
      "length": 95.09385963039901
    },
    {
      "route_index": 2,
      "nodes": [
        0,
        13,
        117,
        97,
        151,
        92,
        93,
        85,
        98,
        37,
        87,
        144,
        178,
        115,
        171,
        22,
        133,
        74,
        72,
        73,
        21,
        180,
        53,
        200
      ],
      "score": 378.0,
      "length": 94.40448762769088
    },
    {
      "route_index": 3,
      "nodes": [
        0,
        27,
        167,
        52,
        153,
        106,
        194,
        7,
        48,
        82,
        114,
        8,
        174,
        45,
        125,
        199,
        83,
        60,
        118,
        5,
        147,
        89,
        200
      ],
      "score": 372.0,
      "length": 95.39141249292426
    },
    {
      "route_index": 4,
      "nodes": [
        0,
        28,
        76,
        176,
        1,
        132,
        69,
        101,
        162,
        31,
        189,
        10,
        108,
        159,
        62,
        148,
        182,
        88,
        190,
        127,
        146,
        200
      ],
      "score": 335.0,
      "length": 94.66679678668828
    }
  ],
  "dataset": "vansteenwegen",
  "instance_name": "cmt200b_m4.txt",
  "run_seed": 15007,
  "run_index": 0
}