{
  "instance": {
    "num_nodes": 201,
    "team_size": 4,
    "max_route_distance": 143.25,
    "start_depot": 0,
    "end_depot": 200
  },
  "objective": {
    "total_score": 2378.0
  },
  "performance": {
    "cpu_time_seconds": 2.366331000000173,
    "iterations": 20,
    "iterations_to_convergence": 20,
    "last_improvement_iteration": 20,
    "stagnation_iterations": 0,
    "accepted_worse_moves": 0,
    "restarts_performed": 1,
    "num_lp_solves": null,
    "num_labels_generated": null
  },
  "routes": [
    {
      "route_index": 1,
      "nodes": [
        0,
        156,
        147,
        6,
        183,
        96,
        104,
        99,
        59,
        98,
        85,
        91,
        193,
        100,
        37,
        87,
        144,
        2,
        178,
        115,
        145,
        41,
        22,
        133,
        171,
        74,
        72,
        197,
        75,
        56,
        186,
        39,
        187,
        139,
        4,
        155,
        110,
        198,
        21,
        180,
        105,
        200
      ],
      "score": 664.0,
      "length": 142.0868508400196
    },
    {
      "route_index": 2,
      "nodes": [
        0,
        27,
        167,
        127,
        190,
        31,
        162,
        101,
        1,
        132,
        176,
        50,
        102,
        157,
        33,
        81,
        185,
        79,
        129,
        3,
        158,
        77,
        196,
        76,
        184,
        116,
        68,
        150,
        80,
        163,
        134,
        130,
        54,
        177,
        109,
        12,
        195,
        149,
        40,
        152,
        58,
        53,
        200
      ],
      "score": 705.0,
      "length": 143.09669142863294
    },
    {
      "route_index": 3,
      "nodes": [
        0,
        52,
        153,
        106,
        194,
        7,
        182,
        148,
        62,
        159,
        11,
        175,
        107,
        19,
        168,
        47,
        48,
        82,
        83,
        5,
        93,
        92,
        151,
        95,
        94,
        26,
        154,
        138,
        28,
        200
      ],
      "score": 508.0,
      "length": 141.8374694839091
    },
    {
      "route_index": 4,
      "nodes": [
        0,
        112,
        13,
        117,
        97,
        172,
        42,
        142,
        14,
        192,
        119,
        44,
        191,
        141,
        16,
        86,
        113,
        61,
        173,
        84,
        125,
        45,
        174,
        8,
        114,
        199,
        118,
        60,
        18,
        166,
        89,
        146,
        200
      ],
      "score": 501.0,
      "length": 142.2429780720857
    }
  ],
  "dataset": "vansteenwegen",
  "instance_name": "cmt200c_m4.txt",
  "run_seed": 25
}