{
  "instance": {
    "num_nodes": 201,
    "team_size": 2,
    "max_route_distance": 191.0,
    "start_depot": 0,
    "end_depot": 200
  },
  "objective": {
    "total_score": 1848.0
  },
  "performance": {
    "cpu_time_seconds": 1.7178853999994317,
    "iterations": 20,
    "iterations_to_convergence": 11,
    "last_improvement_iteration": 11,
    "stagnation_iterations": 9,
    "accepted_worse_moves": 1,
    "restarts_performed": 1,
    "num_lp_solves": null,
    "num_labels_generated": null
  },
  "routes": [
    {
      "route_index": 1,
      "nodes": [
        0,
        53,
        105,
        58,
        152,
        40,
        180,
        149,
        195,
        26,
        138,
        154,
        12,
        109,
        177,
        80,
        150,
        68,
        3,
        158,
        77,
        196,
        116,
        184,
        76,
        111,
        176,
        132,
        69,
        162,
        127,
        190,
        31,
        10,
        189,
        108,
        159,
        62,
        148,
        182,
        123,
        19,
        168,
        47,
        48,
        82,
        194,
        106,
        153,
        52,
        167,
        27,
        200
      ],
      "score": 934.0,
      "length": 189.5684520688032
    },
    {
      "route_index": 2,
      "nodes": [
        0,
        89,
        166,
        18,
        114,
        8,
        174,
        45,
        125,
        199,
        83,
        60,
        118,
        5,
        99,
        104,
        96,
        59,
        93,
        85,
        61,
        113,
        86,
        16,
        141,
        191,
        44,
        119,
        14,
        192,
        91,
        193,
        100,
        98,
        37,
        151,
        92,
        95,
        117,
        97,
        87,
        172,
        144,
        178,
        115,
        2,
        137,
        13,
        94,
        183,
        6,
        147,
        112,
        156,
        200
      ],
      "score": 914.0,
      "length": 190.77185965131267
    }
  ],
  "dataset": "vansteenwegen",
  "instance_name": "cmt200b_m2.txt",
  "run_seed": 20
}