{
  "instance": {
    "num_nodes": 201,
    "team_size": 2,
    "max_route_distance": 191.0,
    "start_depot": 0,
    "end_depot": 200
  },
  "objective": {
    "total_score": 1856.0
  },
  "performance": {
    "cpu_time_seconds": 2.311203800025396,
    "iterations": 20,
    "iterations_to_convergence": 10,
    "last_improvement_iteration": 10,
    "stagnation_iterations": 10,
    "accepted_worse_moves": 1,
    "restarts_performed": 1,
    "num_lp_solves": null,
    "num_labels_generated": null
  },
  "routes": [
    {
      "route_index": 1,
      "nodes": [
        0,
        156,
        112,
        94,
        183,
        6,
        147,
        89,
        146,
        27,
        167,
        69,
        132,
        176,
        50,
        102,
        157,
        33,
        81,
        120,
        164,
        34,
        78,
        169,
        129,
        79,
        3,
        158,
        77,
        196,
        116,
        68,
        80,
        150,
        177,
        109,
        195,
        149,
        26,
        180,
        21,
        198,
        72,
        197,
        75,
        133,
        22,
        74,
        171,
        115,
        178,
        2,
        58,
        152,
        105,
        53,
        200
      ],
      "score": 975.0,
      "length": 190.51004254685282
    },
    {
      "route_index": 2,
      "nodes": [
        0,
        13,
        137,
        87,
        97,
        95,
        59,
        92,
        151,
        98,
        37,
        100,
        193,
        91,
        85,
        93,
        104,
        99,
        5,
        118,
        60,
        83,
        199,
        125,
        45,
        174,
        8,
        114,
        82,
        48,
        47,
        168,
        19,
        123,
        182,
        7,
        194,
        106,
        153,
        127,
        190,
        31,
        162,
        101,
        1,
        76,
        184,
        12,
        138,
        154,
        28,
        200
      ],
      "score": 881.0,
      "length": 190.994366561225
    }
  ],
  "dataset": "vansteenwegen",
  "instance_name": "cmt200b_m2.txt",
  "run_seed": 13007,
  "run_index": 0
}