{
  "instance": {
    "num_nodes": 201,
    "team_size": 3,
    "max_route_distance": 191.0,
    "start_depot": 0,
    "end_depot": 200
  },
  "objective": {
    "total_score": 2547.0
  },
  "performance": {
    "cpu_time_seconds": 3.103671499993652,
    "iterations": 20,
    "iterations_to_convergence": 20,
    "last_improvement_iteration": 20,
    "stagnation_iterations": 0,
    "accepted_worse_moves": 2,
    "restarts_performed": 1,
    "num_lp_solves": null,
    "num_labels_generated": null
  },
  "routes": [
    {
      "route_index": 1,
      "nodes": [
        0,
        156,
        112,
        147,
        6,
        183,
        96,
        99,
        104,
        59,
        98,
        151,
        92,
        95,
        94,
        13,
        137,
        152,
        58,
        53,
        26,
        149,
        195,
        179,
        155,
        4,
        139,
        187,
        39,
        170,
        25,
        55,
        165,
        130,
        54,
        134,
        163,
        177,
        109,
        80,
        150,
        68,
        196,
        76,
        111,
        176,
        1,
        101,
        162,
        69,
        132,
        200
      ],
      "score": 816.0,
      "length": 189.84338329352988
    },
    {
      "route_index": 2,
      "nodes": [
        0,
        27,
        167,
        127,
        190,
        31,
        62,
        11,
        175,
        107,
        19,
        123,
        168,
        47,
        48,
        82,
        114,
        199,
        83,
        60,
        118,
        5,
        93,
        85,
        193,
        91,
        191,
        141,
        44,
        119,
        192,
        100,
        37,
        97,
        87,
        144,
        178,
        115,
        171,
        22,
        133,
        75,
        74,
        72,
        198,
        21,
        180,
        105,
        200
      ],
      "score": 881.0,
      "length": 190.63924379489535
    },
    {
      "route_index": 3,
      "nodes": [
        0,
        28,
        154,
        138,
        12,
        184,
        116,
        77,
        158,
        3,
        79,
        129,
        169,
        34,
        164,
        135,
        35,
        71,
        161,
        103,
        9,
        120,
        81,
        185,
        33,
        157,
        102,
        50,
        122,
        30,
        20,
        188,
        128,
        160,
        131,
        32,
        90,
        108,
        10,
        189,
        159,
        148,
        182,
        7,
        194,
        106,
        153,
        18,
        166,
        89,
        200
      ],
      "score": 850.0,
      "length": 189.95719431477997
    }
  ],
  "dataset": "vansteenwegen",
  "instance_name": "cmt200c_m3.txt",
  "run_seed": 17007,
  "run_index": 0
}