{
  "instance": {
    "num_nodes": 102,
    "team_size": 3,
    "max_route_distance": 157.33,
    "start_depot": 0,
    "end_depot": 101
  },
  "objective": {
    "total_score": 1184.0
  },
  "performance": {
    "cpu_time_seconds": 0.5634146999800578,
    "iterations": 20,
    "iterations_to_convergence": 12,
    "last_improvement_iteration": 12,
    "stagnation_iterations": 8,
    "accepted_worse_moves": 2,
    "restarts_performed": 1,
    "num_lp_solves": null,
    "num_labels_generated": null
  },
  "routes": [
    {
      "route_index": 1,
      "nodes": [
        0,
        13,
        94,
        95,
        96,
        99,
        59,
        93,
        85,
        91,
        100,
        98,
        37,
        92,
        97,
        87,
        2,
        21,
        72,
        75,
        56,
        23,
        67,
        39,
        4,
        54,
        26,
        101
      ],
      "score": 463.0,
      "length": 157.03919487450474
    },
    {
      "route_index": 2,
      "nodes": [
        0,
        27,
        52,
        18,
        82,
        48,
        47,
        19,
        11,
        62,
        10,
        31,
        70,
        30,
        51,
        9,
        81,
        33,
        79,
        3,
        77,
        68,
        80,
        12,
        28,
        101
      ],
      "score": 423.0,
      "length": 156.67590474086208
    },
    {
      "route_index": 3,
      "nodes": [
        0,
        53,
        58,
        40,
        73,
        74,
        22,
        41,
        57,
        15,
        43,
        14,
        44,
        86,
        16,
        61,
        5,
        84,
        45,
        8,
        83,
        60,
        6,
        89,
        101
      ],
      "score": 298.0,
      "length": 155.73588978265005
    }
  ],
  "dataset": "vansteenwegen",
  "instance_name": "eil101c_m3.txt",
  "run_seed": 21008,
  "run_index": 1
}