{
  "instance": {
    "num_nodes": 102,
    "team_size": 3,
    "max_route_distance": 105.0,
    "start_depot": 0,
    "end_depot": 101
  },
  "objective": {
    "total_score": 904.0
  },
  "performance": {
    "cpu_time_seconds": 0.35712159995455295,
    "iterations": 20,
    "iterations_to_convergence": 19,
    "last_improvement_iteration": 19,
    "stagnation_iterations": 1,
    "accepted_worse_moves": 1,
    "restarts_performed": 1,
    "num_lp_solves": null,
    "num_labels_generated": null
  },
  "routes": [
    {
      "route_index": 1,
      "nodes": [
        0,
        89,
        6,
        94,
        95,
        96,
        99,
        59,
        93,
        85,
        61,
        16,
        86,
        44,
        14,
        100,
        98,
        37,
        97,
        87,
        13,
        101
      ],
      "score": 377.0,
      "length": 104.87732277427199
    },
    {
      "route_index": 2,
      "nodes": [
        0,
        27,
        52,
        88,
        31,
        70,
        30,
        51,
        9,
        81,
        33,
        79,
        3,
        77,
        68,
        80,
        12,
        101
      ],
      "score": 261.0,
      "length": 104.59840630679808
    },
    {
      "route_index": 3,
      "nodes": [
        0,
        28,
        26,
        54,
        4,
        39,
        23,
        56,
        75,
        22,
        74,
        72,
        73,
        21,
        40,
        58,
        53,
        101
      ],
      "score": 266.0,
      "length": 102.62501919108458
    }
  ],
  "dataset": "vansteenwegen",
  "instance_name": "eil101b_m3.txt",
  "run_seed": 19008,
  "run_index": 1
}