{
  "instance": {
    "num_nodes": 102,
    "team_size": 3,
    "max_route_distance": 105.0,
    "start_depot": 0,
    "end_depot": 101
  },
  "objective": {
    "total_score": 876.0
  },
  "performance": {
    "cpu_time_seconds": 0.3304634999949485,
    "iterations": 20,
    "iterations_to_convergence": 17,
    "last_improvement_iteration": 17,
    "stagnation_iterations": 3,
    "accepted_worse_moves": 3,
    "restarts_performed": 1,
    "num_lp_solves": null,
    "num_labels_generated": null
  },
  "routes": [
    {
      "route_index": 1,
      "nodes": [
        0,
        94,
        95,
        59,
        96,
        99,
        93,
        85,
        61,
        16,
        86,
        44,
        14,
        100,
        98,
        37,
        97,
        87,
        13,
        58,
        53,
        101
      ],
      "score": 391.0,
      "length": 104.64319441099025
    },
    {
      "route_index": 2,
      "nodes": [
        0,
        89,
        18,
        82,
        48,
        47,
        19,
        11,
        62,
        10,
        31,
        88,
        52,
        27,
        101
      ],
      "score": 231.0,
      "length": 102.38264924806947
    },
    {
      "route_index": 3,
      "nodes": [
        0,
        28,
        76,
        50,
        30,
        51,
        9,
        81,
        33,
        79,
        3,
        77,
        68,
        80,
        12,
        26,
        101
      ],
      "score": 254.0,
      "length": 103.94784689154085
    }
  ],
  "dataset": "vansteenwegen",
  "instance_name": "eil101b_m3.txt",
  "run_seed": 19007,
  "run_index": 0
}