{
  "instance": {
    "num_nodes": 102,
    "team_size": 3,
    "max_route_distance": 157.33,
    "start_depot": 0,
    "end_depot": 101
  },
  "objective": {
    "total_score": 1216.0
  },
  "performance": {
    "cpu_time_seconds": 0.4474472999572754,
    "iterations": 20,
    "iterations_to_convergence": 20,
    "last_improvement_iteration": 20,
    "stagnation_iterations": 0,
    "accepted_worse_moves": 0,
    "restarts_performed": 1,
    "num_lp_solves": null,
    "num_labels_generated": null
  },
  "routes": [
    {
      "route_index": 1,
      "nodes": [
        0,
        26,
        12,
        68,
        80,
        54,
        4,
        39,
        67,
        23,
        56,
        75,
        22,
        74,
        72,
        21,
        73,
        2,
        57,
        87,
        97,
        95,
        94,
        6,
        89,
        101
      ],
      "score": 412.0,
      "length": 155.27134856739477
    },
    {
      "route_index": 2,
      "nodes": [
        0,
        52,
        18,
        8,
        45,
        83,
        60,
        5,
        93,
        85,
        91,
        61,
        16,
        86,
        44,
        14,
        42,
        100,
        37,
        98,
        92,
        59,
        99,
        96,
        13,
        58,
        40,
        53,
        101
      ],
      "score": 409.0,
      "length": 157.04597803296463
    },
    {
      "route_index": 3,
      "nodes": [
        0,
        27,
        69,
        31,
        88,
        7,
        82,
        48,
        47,
        19,
        11,
        62,
        10,
        90,
        32,
        30,
        51,
        9,
        81,
        33,
        79,
        3,
        77,
        76,
        28,
        101
      ],
      "score": 395.0,
      "length": 156.7381299916774
    }
  ],
  "dataset": "vansteenwegen",
  "instance_name": "eil101c_m3.txt",
  "run_seed": 21007,
  "run_index": 0
}