{
  "instance": {
    "num_nodes": 263,
    "team_size": 2,
    "max_route_distance": 594.5,
    "start_depot": 0,
    "end_depot": 262
  },
  "objective": {
    "total_score": 6188.0
  },
  "performance": {
    "cpu_time_seconds": 4.613672700012103,
    "iterations": 20,
    "iterations_to_convergence": 20,
    "last_improvement_iteration": 20,
    "stagnation_iterations": 0,
    "accepted_worse_moves": 0,
    "restarts_performed": 1,
    "num_lp_solves": null,
    "num_labels_generated": null
  },
  "routes": [
    {
      "route_index": 1,
      "nodes": [
        0,
        138,
        230,
        231,
        69,
        107,
        243,
        114,
        3,
        257,
        187,
        94,
        181,
        259,
        238,
        191,
        183,
        217,
        93,
        148,
        85,
        150,
        87,
        49,
        76,
        90,
        92,
        186,
        44,
        13,
        142,
        173,
        47,
        195,
        110,
        235,
        22,
        119,
        21,
        127,
        178,
        160,
        45,
        215,
        179,
        62,
        199,
        250,
        207,
        245,
        6,
        163,
        80,
        99,
        208,
        141,
        67,
        262
      ],
      "score": 2891.0,
      "length": 592.6191794979288
    },
    {
      "route_index": 2,
      "nodes": [
        0,
        228,
        70,
        233,
        253,
        32,
        71,
        184,
        18,
        165,
        206,
        197,
        72,
        95,
        111,
        189,
        7,
        122,
        117,
        2,
        134,
        83,
        145,
        68,
        176,
        236,
        61,
        248,
        156,
        81,
        42,
        121,
        222,
        224,
        240,
        234,
        10,
        213,
        130,
        56,
        202,
        192,
        100,
        252,
        113,
        147,
        25,
        8,
        152,
        229,
        169,
        1,
        194,
        26,
        260,
        172,
        136,
        17,
        29,
        190,
        4,
        132,
        11,
        60,
        89,
        210,
        204,
        30,
        262
      ],
      "score": 3297.0,
      "length": 593.7219787939976
    }
  ],
  "dataset": "vansteenwegen",
  "instance_name": "gil262_gen3_m2.txt",
  "run_seed": 26008,
  "run_index": 1
}