{
  "instance": {
    "num_nodes": 251,
    "team_size": 2,
    "max_route_distance": 892.0,
    "start_depot": 0,
    "end_depot": 250
  },
  "objective": {
    "total_score": 10238.0
  },
  "performance": {
    "cpu_time_seconds": 6.886948699946515,
    "iterations": 20,
    "iterations_to_convergence": 20,
    "last_improvement_iteration": 20,
    "stagnation_iterations": 0,
    "accepted_worse_moves": 1,
    "restarts_performed": 1,
    "num_lp_solves": null,
    "num_labels_generated": null
  },
  "routes": [
    {
      "route_index": 1,
      "nodes": [
        0,
        190,
        8,
        123,
        118,
        3,
        16,
        6,
        37,
        222,
        85,
        111,
        22,
        120,
        23,
        236,
        196,
        48,
        128,
        143,
        174,
        98,
        240,
        117,
        92,
        178,
        210,
        41,
        110,
        60,
        158,
        109,
        20,
        227,
        29,
        97,
        132,
        171,
        181,
        169,
        243,
        52,
        75,
        162,
        59,
        226,
        136,
        219,
        15,
        102,
        39,
        38,
        56,
        242,
        223,
        43,
        62,
        237,
        177,
        69,
        249,
        157,
        82,
        235,
        225,
        241,
        11,
        214,
        131,
        57,
        203,
        13,
        167,
        89,
        121,
        189,
        248,
        153,
        9,
        26,
        230,
        58,
        183,
        150,
        36,
        220,
        65,
        206,
        83,
        217,
        2,
        170,
        114,
        101,
        193,
        125,
        64,
        224,
        163,
        250
      ],
      "score": 5586.0,
      "length": 891.4672210838813
    },
    {
      "route_index": 2,
      "nodes": [
        0,
        96,
        73,
        198,
        204,
        54,
        137,
        18,
        30,
        191,
        19,
        185,
        72,
        21,
        138,
        33,
        79,
        5,
        133,
        12,
        49,
        211,
        90,
        61,
        129,
        221,
        205,
        31,
        71,
        139,
        202,
        231,
        68,
        142,
        232,
        70,
        99,
        244,
        108,
        155,
        76,
        154,
        115,
        145,
        100,
        186,
        81,
        4,
        188,
        34,
        95,
        28,
        156,
        239,
        192,
        184,
        218,
        119,
        149,
        86,
        94,
        151,
        247,
        88,
        50,
        91,
        77,
        212,
        45,
        187,
        93,
        161,
        179,
        46,
        216,
        63,
        180,
        152,
        208,
        246,
        25,
        141,
        104,
        215,
        213,
        112,
        250
      ],
      "score": 4652.0,
      "length": 890.0880156263555
    }
  ],
  "dataset": "vansteenwegen",
  "instance_name": "gil262c_m2.txt",
  "run_seed": 33007,
  "run_index": 0
}