{
  "instance": {
    "num_nodes": 251,
    "team_size": 4,
    "max_route_distance": 446.0,
    "start_depot": 0,
    "end_depot": 250
  },
  "objective": {
    "total_score": 8694.0
  },
  "performance": {
    "cpu_time_seconds": 5.469781299936585,
    "iterations": 20,
    "iterations_to_convergence": 20,
    "last_improvement_iteration": 20,
    "stagnation_iterations": 0,
    "accepted_worse_moves": 0,
    "restarts_performed": 1,
    "num_lp_solves": null,
    "num_labels_generated": null
  },
  "routes": [
    {
      "route_index": 1,
      "nodes": [
        0,
        177,
        190,
        8,
        112,
        213,
        215,
        74,
        104,
        141,
        25,
        160,
        164,
        4,
        81,
        186,
        21,
        138,
        100,
        145,
        115,
        154,
        76,
        155,
        108,
        244,
        99,
        70,
        232,
        142,
        68,
        234,
        33,
        19,
        185,
        166,
        207,
        198,
        73,
        96,
        250
      ],
      "score": 2123.0,
      "length": 444.02470100564517
    },
    {
      "route_index": 2,
      "nodes": [
        0,
        69,
        146,
        135,
        84,
        52,
        169,
        181,
        171,
        59,
        226,
        136,
        176,
        233,
        38,
        56,
        242,
        225,
        241,
        11,
        235,
        193,
        101,
        114,
        148,
        9,
        153,
        13,
        167,
        89,
        248,
        121,
        189,
        150,
        58,
        183,
        36,
        220,
        65,
        206,
        83,
        217,
        195,
        250
      ],
      "score": 2040.0,
      "length": 443.91963510982737
    },
    {
      "route_index": 3,
      "nodes": [
        0,
        204,
        54,
        137,
        18,
        30,
        191,
        5,
        133,
        12,
        49,
        130,
        129,
        221,
        61,
        90,
        211,
        79,
        72,
        172,
        140,
        7,
        246,
        208,
        199,
        44,
        37,
        222,
        85,
        165,
        6,
        243,
        16,
        3,
        118,
        123,
        237,
        249,
        157,
        82,
        224,
        163,
        250
      ],
      "score": 1949.0,
      "length": 444.95008188602435
    },
    {
      "route_index": 4,
      "nodes": [
        0,
        62,
        43,
        223,
        122,
        39,
        102,
        15,
        219,
        75,
        162,
        132,
        97,
        29,
        227,
        20,
        109,
        110,
        60,
        158,
        51,
        67,
        32,
        78,
        201,
        24,
        40,
        17,
        175,
        47,
        168,
        66,
        103,
        113,
        194,
        197,
        42,
        10,
        131,
        214,
        57,
        203,
        26,
        230,
        170,
        2,
        125,
        64,
        250
      ],
      "score": 2582.0,
      "length": 445.86858039582984
    }
  ],
  "dataset": "vansteenwegen",
  "instance_name": "gil262c_m4.txt",
  "run_seed": 35007,
  "run_index": 0
}