{
  "instance": {
    "num_nodes": 251,
    "team_size": 3,
    "max_route_distance": 594.67,
    "start_depot": 0,
    "end_depot": 250
  },
  "objective": {
    "total_score": 9350.0
  },
  "performance": {
    "cpu_time_seconds": 5.8428074000403285,
    "iterations": 20,
    "iterations_to_convergence": 20,
    "last_improvement_iteration": 20,
    "stagnation_iterations": 0,
    "accepted_worse_moves": 0,
    "restarts_performed": 1,
    "num_lp_solves": null,
    "num_labels_generated": null
  },
  "routes": [
    {
      "route_index": 1,
      "nodes": [
        0,
        64,
        125,
        195,
        2,
        170,
        230,
        89,
        167,
        13,
        238,
        10,
        42,
        197,
        194,
        80,
        113,
        103,
        168,
        66,
        56,
        242,
        38,
        39,
        102,
        15,
        219,
        75,
        162,
        59,
        136,
        226,
        32,
        78,
        201,
        24,
        40,
        127,
        245,
        147,
        134,
        158,
        60,
        110,
        109,
        20,
        227,
        29,
        97,
        132,
        171,
        181,
        169,
        6,
        243,
        16,
        84,
        135,
        146,
        237,
        177,
        69,
        250
      ],
      "score": 3236.0,
      "length": 590.6180138652373
    },
    {
      "route_index": 2,
      "nodes": [
        0,
        190,
        8,
        123,
        118,
        3,
        215,
        104,
        141,
        25,
        246,
        208,
        160,
        164,
        140,
        172,
        186,
        21,
        138,
        33,
        79,
        133,
        5,
        191,
        18,
        137,
        173,
        217,
        83,
        206,
        65,
        220,
        36,
        183,
        58,
        150,
        189,
        106,
        121,
        248,
        153,
        9,
        26,
        148,
        114,
        101,
        193,
        203,
        57,
        131,
        214,
        11,
        235,
        241,
        225,
        223,
        43,
        62,
        249,
        157,
        82,
        224,
        163,
        250
      ],
      "score": 3383.0,
      "length": 593.1353110370472
    },
    {
      "route_index": 3,
      "nodes": [
        0,
        54,
        30,
        12,
        49,
        211,
        90,
        61,
        129,
        221,
        205,
        31,
        71,
        139,
        202,
        231,
        68,
        142,
        232,
        70,
        99,
        244,
        108,
        155,
        154,
        87,
        34,
        182,
        35,
        239,
        119,
        218,
        184,
        192,
        144,
        156,
        28,
        95,
        188,
        4,
        81,
        115,
        145,
        100,
        72,
        185,
        19,
        166,
        207,
        198,
        73,
        96,
        250
      ],
      "score": 2731.0,
      "length": 594.4451892935745
    }
  ],
  "dataset": "vansteenwegen",
  "instance_name": "gil262c_m3.txt",
  "run_seed": 34008,
  "run_index": 1
}