{
  "instance": {
    "num_nodes": 251,
    "team_size": 3,
    "max_route_distance": 594.67,
    "start_depot": 0,
    "end_depot": 250
  },
  "objective": {
    "total_score": 8870.0
  },
  "performance": {
    "cpu_time_seconds": 4.498918300000696,
    "iterations": 20,
    "iterations_to_convergence": 19,
    "last_improvement_iteration": 19,
    "stagnation_iterations": 1,
    "accepted_worse_moves": 1,
    "restarts_performed": 1,
    "num_lp_solves": null,
    "num_labels_generated": null
  },
  "routes": [
    {
      "route_index": 1,
      "nodes": [
        0,
        96,
        207,
        30,
        18,
        191,
        79,
        5,
        133,
        12,
        49,
        124,
        53,
        228,
        65,
        206,
        217,
        195,
        2,
        170,
        26,
        9,
        153,
        189,
        121,
        248,
        89,
        167,
        13,
        203,
        57,
        11,
        235,
        241,
        225,
        43,
        223,
        242,
        56,
        38,
        39,
        102,
        15,
        219,
        52,
        75,
        162,
        59,
        171,
        181,
        169,
        6,
        243,
        16,
        84,
        135,
        146,
        237,
        177,
        69,
        163,
        250
      ],
      "score": 2888.0,
      "length": 594.1634137509309
    },
    {
      "route_index": 2,
      "nodes": [
        0,
        190,
        8,
        123,
        118,
        3,
        116,
        126,
        141,
        246,
        25,
        37,
        165,
        222,
        85,
        105,
        132,
        97,
        29,
        227,
        20,
        109,
        92,
        178,
        210,
        41,
        110,
        60,
        158,
        134,
        147,
        245,
        40,
        24,
        201,
        67,
        32,
        78,
        226,
        136,
        175,
        55,
        47,
        168,
        66,
        103,
        113,
        80,
        194,
        197,
        42,
        10,
        131,
        214,
        125,
        64,
        250
      ],
      "score": 2920.0,
      "length": 593.0065470681039
    },
    {
      "route_index": 3,
      "nodes": [
        0,
        112,
        213,
        215,
        104,
        140,
        164,
        4,
        81,
        186,
        21,
        138,
        209,
        100,
        145,
        115,
        154,
        76,
        155,
        108,
        244,
        99,
        70,
        232,
        202,
        139,
        231,
        142,
        234,
        33,
        72,
        185,
        19,
        166,
        73,
        198,
        54,
        137,
        173,
        83,
        36,
        220,
        150,
        183,
        58,
        230,
        148,
        114,
        101,
        193,
        82,
        157,
        249,
        62,
        224,
        250
      ],
      "score": 3062.0,
      "length": 593.7424148268843
    }
  ],
  "dataset": "vansteenwegen",
  "instance_name": "gil262c_m3.txt",
  "run_seed": 41
}