{
  "instance": {
    "num_nodes": 263,
    "team_size": 2,
    "max_route_distance": 594.5,
    "start_depot": 0,
    "end_depot": 262
  },
  "objective": {
    "total_score": 6664.0
  },
  "performance": {
    "cpu_time_seconds": 3.971670900005847,
    "iterations": 20,
    "iterations_to_convergence": 19,
    "last_improvement_iteration": 19,
    "stagnation_iterations": 1,
    "accepted_worse_moves": 0,
    "restarts_performed": 1,
    "num_lp_solves": null,
    "num_labels_generated": null
  },
  "routes": [
    {
      "route_index": 1,
      "nodes": [
        0,
        228,
        70,
        30,
        204,
        220,
        128,
        60,
        89,
        210,
        48,
        11,
        132,
        4,
        190,
        29,
        17,
        136,
        172,
        216,
        82,
        205,
        219,
        35,
        149,
        182,
        57,
        229,
        152,
        8,
        25,
        147,
        113,
        252,
        100,
        192,
        63,
        124,
        169,
        1,
        194,
        26,
        260,
        53,
        203,
        197,
        72,
        206,
        165,
        18,
        184,
        71,
        32,
        208,
        243,
        153,
        75,
        154,
        201,
        138,
        262
      ],
      "score": 3376.0,
      "length": 591.0459190535647
    },
    {
      "route_index": 2,
      "nodes": [
        0,
        230,
        231,
        69,
        98,
        114,
        144,
        99,
        80,
        3,
        257,
        187,
        33,
        94,
        181,
        27,
        155,
        143,
        191,
        183,
        217,
        238,
        118,
        148,
        85,
        93,
        150,
        87,
        49,
        76,
        186,
        92,
        160,
        45,
        215,
        179,
        62,
        199,
        21,
        119,
        235,
        43,
        198,
        250,
        24,
        245,
        6,
        163,
        185,
        20,
        137,
        253,
        233,
        141,
        67,
        262
      ],
      "score": 3288.0,
      "length": 593.3927390266497
    }
  ],
  "dataset": "vansteenwegen",
  "instance_name": "gil262_gen2_m2.txt",
  "run_seed": 24008,
  "run_index": 1
}