{
  "instance": {
    "num_nodes": 251,
    "team_size": 2,
    "max_route_distance": 297.5,
    "start_depot": 0,
    "end_depot": 250
  },
  "objective": {
    "total_score": 3884.0
  },
  "performance": {
    "cpu_time_seconds": 1.7810001999605447,
    "iterations": 20,
    "iterations_to_convergence": 19,
    "last_improvement_iteration": 19,
    "stagnation_iterations": 1,
    "accepted_worse_moves": 0,
    "restarts_performed": 1,
    "num_lp_solves": null,
    "num_labels_generated": null
  },
  "routes": [
    {
      "route_index": 1,
      "nodes": [
        0,
        163,
        224,
        157,
        82,
        235,
        57,
        131,
        214,
        11,
        241,
        225,
        43,
        223,
        242,
        38,
        39,
        102,
        15,
        219,
        75,
        162,
        59,
        171,
        181,
        169,
        243,
        16,
        3,
        118,
        123,
        135,
        84,
        146,
        62,
        249,
        237,
        177,
        69,
        250
      ],
      "score": 2123.0,
      "length": 296.4379090835135
    },
    {
      "route_index": 2,
      "nodes": [
        0,
        64,
        125,
        2,
        170,
        114,
        148,
        26,
        9,
        153,
        230,
        58,
        183,
        150,
        36,
        220,
        206,
        83,
        217,
        173,
        137,
        124,
        49,
        12,
        133,
        5,
        191,
        30,
        18,
        54,
        198,
        73,
        204,
        250
      ],
      "score": 1761.0,
      "length": 295.01364230138233
    }
  ],
  "dataset": "vansteenwegen",
  "instance_name": "gil262a_m2.txt",
  "run_seed": 28008,
  "run_index": 1
}