{
  "instance": {
    "num_nodes": 263,
    "team_size": 3,
    "max_route_distance": 396.333,
    "start_depot": 0,
    "end_depot": 262
  },
  "objective": {
    "total_score": 4823.0
  },
  "performance": {
    "cpu_time_seconds": 2.993128899950534,
    "iterations": 20,
    "iterations_to_convergence": 20,
    "last_improvement_iteration": 20,
    "stagnation_iterations": 0,
    "accepted_worse_moves": 1,
    "restarts_performed": 1,
    "num_lp_solves": null,
    "num_labels_generated": null
  },
  "routes": [
    {
      "route_index": 1,
      "nodes": [
        0,
        220,
        128,
        129,
        48,
        123,
        256,
        136,
        172,
        260,
        26,
        194,
        124,
        63,
        203,
        197,
        72,
        206,
        18,
        184,
        71,
        20,
        137,
        144,
        114,
        243,
        107,
        69,
        98,
        231,
        201,
        138,
        262
      ],
      "score": 1777.0,
      "length": 393.54793418755435
    },
    {
      "route_index": 2,
      "nodes": [
        0,
        230,
        67,
        141,
        233,
        253,
        208,
        99,
        185,
        80,
        163,
        6,
        245,
        24,
        140,
        103,
        214,
        125,
        115,
        2,
        117,
        122,
        189,
        111,
        165,
        190,
        4,
        132,
        210,
        204,
        30,
        228,
        262
      ],
      "score": 1900.0,
      "length": 394.88548065595825
    },
    {
      "route_index": 3,
      "nodes": [
        0,
        70,
        78,
        261,
        95,
        68,
        176,
        236,
        61,
        248,
        121,
        42,
        222,
        224,
        240,
        10,
        234,
        81,
        223,
        162,
        249,
        53,
        17,
        11,
        60,
        89,
        262
      ],
      "score": 1146.0,
      "length": 395.9268088604567
    }
  ],
  "dataset": "vansteenwegen",
  "instance_name": "gil262_gen2_m3.txt",
  "run_seed": 25008,
  "run_index": 1
}