{
  "instance": {
    "num_nodes": 251,
    "team_size": 2,
    "max_route_distance": 892.0,
    "start_depot": 0,
    "end_depot": 250
  },
  "objective": {
    "total_score": 10167.0
  },
  "performance": {
    "cpu_time_seconds": 6.5249951999867335,
    "iterations": 20,
    "iterations_to_convergence": 19,
    "last_improvement_iteration": 19,
    "stagnation_iterations": 1,
    "accepted_worse_moves": 2,
    "restarts_performed": 1,
    "num_lp_solves": null,
    "num_labels_generated": null
  },
  "routes": [
    {
      "route_index": 1,
      "nodes": [
        0,
        73,
        198,
        207,
        79,
        5,
        133,
        12,
        49,
        191,
        30,
        18,
        137,
        54,
        173,
        217,
        83,
        206,
        65,
        220,
        36,
        150,
        183,
        58,
        189,
        121,
        248,
        153,
        9,
        230,
        26,
        148,
        114,
        170,
        2,
        125,
        64,
        193,
        101,
        203,
        57,
        214,
        131,
        10,
        42,
        197,
        194,
        80,
        113,
        103,
        168,
        47,
        55,
        175,
        66,
        56,
        242,
        38,
        39,
        102,
        15,
        219,
        136,
        226,
        78,
        32,
        67,
        201,
        24,
        40,
        245,
        147,
        134,
        158,
        60,
        110,
        109,
        20,
        227,
        29,
        97,
        132,
        59,
        75,
        162,
        181,
        171,
        169,
        243,
        3,
        118,
        123,
        177,
        69,
        250
      ],
      "score": 5222.0,
      "length": 891.9397133780966
    },
    {
      "route_index": 2,
      "nodes": [
        0,
        190,
        8,
        112,
        96,
        166,
        19,
        185,
        72,
        21,
        138,
        209,
        99,
        142,
        232,
        155,
        108,
        244,
        154,
        115,
        145,
        100,
        4,
        81,
        186,
        140,
        104,
        141,
        25,
        246,
        160,
        95,
        34,
        182,
        28,
        156,
        239,
        218,
        184,
        192,
        144,
        180,
        63,
        216,
        46,
        179,
        161,
        187,
        45,
        128,
        48,
        174,
        143,
        14,
        107,
        98,
        240,
        117,
        178,
        92,
        196,
        111,
        236,
        23,
        120,
        22,
        44,
        37,
        6,
        16,
        84,
        135,
        146,
        237,
        62,
        249,
        43,
        223,
        225,
        241,
        11,
        235,
        82,
        157,
        224,
        163,
        250
      ],
      "score": 4945.0,
      "length": 891.788274209172
    }
  ],
  "dataset": "vansteenwegen",
  "instance_name": "gil262c_m2.txt",
  "run_seed": 33008,
  "run_index": 1
}