{
  "instance": {
    "num_nodes": 251,
    "team_size": 4,
    "max_route_distance": 297.25,
    "start_depot": 0,
    "end_depot": 250
  },
  "objective": {
    "total_score": 6020.0
  },
  "performance": {
    "cpu_time_seconds": 3.0274751999995715,
    "iterations": 20,
    "iterations_to_convergence": 18,
    "last_improvement_iteration": 18,
    "stagnation_iterations": 2,
    "accepted_worse_moves": 1,
    "restarts_performed": 1,
    "num_lp_solves": null,
    "num_labels_generated": null
  },
  "routes": [
    {
      "route_index": 1,
      "nodes": [
        0,
        64,
        125,
        195,
        217,
        83,
        36,
        220,
        150,
        183,
        58,
        2,
        170,
        230,
        153,
        9,
        26,
        148,
        114,
        101,
        193,
        203,
        57,
        214,
        131,
        238,
        10,
        56,
        242,
        38,
        43,
        157,
        250
      ],
      "score": 1759.0,
      "length": 295.7914983166707
    },
    {
      "route_index": 2,
      "nodes": [
        0,
        27,
        173,
        137,
        18,
        124,
        49,
        129,
        61,
        90,
        12,
        133,
        5,
        79,
        191,
        30,
        54,
        198,
        73,
        96,
        112,
        8,
        190,
        237,
        62,
        249,
        250
      ],
      "score": 1159.0,
      "length": 296.89068510477966
    },
    {
      "route_index": 3,
      "nodes": [
        0,
        69,
        177,
        146,
        135,
        84,
        16,
        243,
        6,
        37,
        165,
        222,
        85,
        169,
        171,
        181,
        162,
        75,
        59,
        226,
        136,
        219,
        15,
        102,
        39,
        122,
        223,
        225,
        241,
        11,
        235,
        82,
        224,
        163,
        250
      ],
      "score": 1732.0,
      "length": 295.2735892787251
    },
    {
      "route_index": 4,
      "nodes": [
        0,
        207,
        166,
        19,
        185,
        72,
        21,
        138,
        100,
        145,
        115,
        4,
        81,
        186,
        172,
        140,
        7,
        246,
        25,
        141,
        104,
        215,
        3,
        118,
        123,
        250
      ],
      "score": 1370.0,
      "length": 296.7635778410889
    }
  ],
  "dataset": "vansteenwegen",
  "instance_name": "gil262b_m4.txt",
  "run_seed": 39
}