{
  "instance": {
    "num_nodes": 251,
    "team_size": 2,
    "max_route_distance": 297.5,
    "start_depot": 0,
    "end_depot": 250
  },
  "objective": {
    "total_score": 3743.0
  },
  "performance": {
    "cpu_time_seconds": 1.6639467000495642,
    "iterations": 20,
    "iterations_to_convergence": 14,
    "last_improvement_iteration": 14,
    "stagnation_iterations": 6,
    "accepted_worse_moves": 4,
    "restarts_performed": 1,
    "num_lp_solves": null,
    "num_labels_generated": null
  },
  "routes": [
    {
      "route_index": 1,
      "nodes": [
        0,
        64,
        125,
        2,
        170,
        183,
        36,
        220,
        150,
        58,
        230,
        153,
        9,
        26,
        148,
        114,
        101,
        193,
        203,
        57,
        214,
        131,
        10,
        242,
        38,
        223,
        43,
        225,
        241,
        235,
        82,
        157,
        249,
        62,
        237,
        177,
        69,
        224,
        163,
        250
      ],
      "score": 2226.0,
      "length": 296.9200506056501
    },
    {
      "route_index": 2,
      "nodes": [
        0,
        204,
        198,
        73,
        207,
        166,
        19,
        185,
        72,
        21,
        138,
        209,
        108,
        244,
        115,
        145,
        100,
        186,
        140,
        74,
        104,
        215,
        3,
        118,
        123,
        8,
        190,
        250
      ],
      "score": 1517.0,
      "length": 295.8533701458251
    }
  ],
  "dataset": "vansteenwegen",
  "instance_name": "gil262a_m2.txt",
  "run_seed": 28007,
  "run_index": 0
}