{
  "instance": {
    "num_nodes": 263,
    "team_size": 3,
    "max_route_distance": 396.333,
    "start_depot": 0,
    "end_depot": 262
  },
  "objective": {
    "total_score": 89.0
  },
  "performance": {
    "cpu_time_seconds": 2.221824899999774,
    "iterations": 20,
    "iterations_to_convergence": 14,
    "last_improvement_iteration": 14,
    "stagnation_iterations": 6,
    "accepted_worse_moves": 1,
    "restarts_performed": 1,
    "num_lp_solves": null,
    "num_labels_generated": null
  },
  "routes": [
    {
      "route_index": 1,
      "nodes": [
        0,
        228,
        70,
        32,
        71,
        184,
        18,
        165,
        206,
        53,
        260,
        26,
        194,
        1,
        169,
        57,
        182,
        149,
        219,
        35,
        82,
        205,
        64,
        227,
        52,
        123,
        48,
        60,
        89,
        210,
        204,
        30,
        262
      ],
      "score": 31.0,
      "length": 396.1329996927815
    },
    {
      "route_index": 2,
      "nodes": [
        0,
        231,
        98,
        208,
        99,
        185,
        171,
        139,
        73,
        103,
        140,
        24,
        245,
        6,
        163,
        159,
        27,
        181,
        94,
        33,
        187,
        257,
        3,
        80,
        144,
        114,
        243,
        107,
        69,
        201,
        138,
        262
      ],
      "score": 30.0,
      "length": 385.61570427907515
    },
    {
      "route_index": 3,
      "nodes": [
        0,
        220,
        128,
        129,
        11,
        132,
        4,
        78,
        261,
        190,
        29,
        17,
        256,
        136,
        172,
        203,
        197,
        72,
        95,
        111,
        7,
        212,
        20,
        137,
        253,
        233,
        141,
        67,
        230,
        262
      ],
      "score": 28.0,
      "length": 388.5458113163095
    }
  ],
  "dataset": "vansteenwegen",
  "instance_name": "gil262_gen1_m3.txt",
  "run_seed": 29
}