{
  "instance": {
    "num_nodes": 251,
    "team_size": 4,
    "max_route_distance": 297.25,
    "start_depot": 0,
    "end_depot": 250
  },
  "objective": {
    "total_score": 5910.0
  },
  "performance": {
    "cpu_time_seconds": 3.7818950000219047,
    "iterations": 20,
    "iterations_to_convergence": 10,
    "last_improvement_iteration": 10,
    "stagnation_iterations": 10,
    "accepted_worse_moves": 1,
    "restarts_performed": 1,
    "num_lp_solves": null,
    "num_labels_generated": null
  },
  "routes": [
    {
      "route_index": 1,
      "nodes": [
        0,
        163,
        224,
        235,
        11,
        241,
        225,
        242,
        56,
        66,
        168,
        103,
        113,
        80,
        194,
        197,
        42,
        10,
        131,
        214,
        57,
        203,
        148,
        26,
        9,
        153,
        230,
        58,
        183,
        150,
        220,
        36,
        217,
        195,
        250
      ],
      "score": 1775.0,
      "length": 293.7646861746455
    },
    {
      "route_index": 2,
      "nodes": [
        0,
        73,
        198,
        207,
        166,
        96,
        112,
        135,
        146,
        84,
        233,
        136,
        226,
        32,
        201,
        78,
        176,
        38,
        223,
        43,
        249,
        62,
        237,
        177,
        69,
        250
      ],
      "score": 1053.0,
      "length": 292.66828606396
    },
    {
      "route_index": 3,
      "nodes": [
        0,
        190,
        123,
        118,
        3,
        16,
        243,
        6,
        165,
        222,
        85,
        169,
        181,
        171,
        59,
        162,
        75,
        219,
        15,
        102,
        39,
        122,
        157,
        82,
        193,
        101,
        114,
        170,
        2,
        125,
        64,
        250
      ],
      "score": 1713.0,
      "length": 294.00965872602524
    },
    {
      "route_index": 4,
      "nodes": [
        0,
        8,
        215,
        104,
        141,
        140,
        186,
        81,
        4,
        115,
        145,
        100,
        138,
        21,
        72,
        185,
        19,
        79,
        191,
        30,
        18,
        137,
        54,
        204,
        250
      ],
      "score": 1369.0,
      "length": 295.44421916688054
    }
  ],
  "dataset": "vansteenwegen",
  "instance_name": "gil262b_m4.txt",
  "run_seed": 32008,
  "run_index": 1
}