{
  "instance": {
    "num_nodes": 263,
    "team_size": 4,
    "max_route_distance": 297.25,
    "start_depot": 0,
    "end_depot": 262
  },
  "objective": {
    "total_score": 73.0
  },
  "performance": {
    "cpu_time_seconds": 2.2411990000400692,
    "iterations": 20,
    "iterations_to_convergence": 17,
    "last_improvement_iteration": 17,
    "stagnation_iterations": 3,
    "accepted_worse_moves": 1,
    "restarts_performed": 1,
    "num_lp_solves": null,
    "num_labels_generated": null
  },
  "routes": [
    {
      "route_index": 1,
      "nodes": [
        0,
        231,
        69,
        107,
        243,
        114,
        3,
        159,
        245,
        6,
        139,
        171,
        80,
        99,
        144,
        98,
        230,
        262
      ],
      "score": 16.0,
      "length": 289.95343779418124
    },
    {
      "route_index": 2,
      "nodes": [
        0,
        30,
        204,
        210,
        89,
        60,
        129,
        123,
        256,
        136,
        172,
        26,
        260,
        53,
        17,
        190,
        261,
        78,
        228,
        262
      ],
      "score": 18.0,
      "length": 282.75417574584776
    },
    {
      "route_index": 3,
      "nodes": [
        0,
        138,
        201,
        154,
        75,
        153,
        86,
        33,
        181,
        27,
        94,
        187,
        257,
        163,
        185,
        20,
        137,
        208,
        141,
        67,
        262
      ],
      "score": 19.0,
      "length": 296.7929447214049
    },
    {
      "route_index": 4,
      "nodes": [
        0,
        220,
        128,
        48,
        11,
        132,
        4,
        29,
        203,
        197,
        72,
        95,
        206,
        165,
        18,
        184,
        71,
        32,
        253,
        233,
        70,
        262
      ],
      "score": 20.0,
      "length": 295.6593242734928
    }
  ],
  "dataset": "vansteenwegen",
  "instance_name": "gil262_gen1_m4.txt",
  "run_seed": 23008,
  "run_index": 1
}