{
  "instance": {
    "num_nodes": 251,
    "team_size": 2,
    "max_route_distance": 594.5,
    "start_depot": 0,
    "end_depot": 250
  },
  "objective": {
    "total_score": 7076.0
  },
  "performance": {
    "cpu_time_seconds": 4.356641100021079,
    "iterations": 20,
    "iterations_to_convergence": 17,
    "last_improvement_iteration": 17,
    "stagnation_iterations": 3,
    "accepted_worse_moves": 1,
    "restarts_performed": 1,
    "num_lp_solves": null,
    "num_labels_generated": null
  },
  "routes": [
    {
      "route_index": 1,
      "nodes": [
        0,
        73,
        198,
        207,
        166,
        72,
        185,
        19,
        79,
        211,
        90,
        61,
        221,
        129,
        49,
        12,
        133,
        5,
        191,
        30,
        18,
        137,
        173,
        217,
        83,
        206,
        65,
        220,
        36,
        150,
        183,
        58,
        189,
        121,
        248,
        153,
        9,
        26,
        148,
        170,
        2,
        114,
        101,
        193,
        203,
        57,
        214,
        131,
        10,
        42,
        197,
        194,
        80,
        113,
        103,
        168,
        66,
        56,
        242,
        38,
        223,
        43,
        225,
        241,
        11,
        235,
        82,
        157,
        163,
        250
      ],
      "score": 3792.0,
      "length": 594.1956478098127
    },
    {
      "route_index": 2,
      "nodes": [
        0,
        125,
        64,
        224,
        69,
        177,
        237,
        249,
        62,
        146,
        135,
        84,
        39,
        102,
        15,
        219,
        52,
        169,
        171,
        181,
        162,
        75,
        59,
        136,
        226,
        78,
        32,
        67,
        201,
        24,
        40,
        245,
        147,
        134,
        158,
        60,
        110,
        41,
        210,
        178,
        92,
        109,
        20,
        227,
        29,
        97,
        132,
        105,
        85,
        222,
        165,
        37,
        6,
        243,
        16,
        3,
        118,
        123,
        8,
        112,
        190,
        250
      ],
      "score": 3284.0,
      "length": 589.1304343168974
    }
  ],
  "dataset": "vansteenwegen",
  "instance_name": "gil262b_m2.txt",
  "run_seed": 30007,
  "run_index": 0
}