{
  "instance": {
    "num_nodes": 251,
    "team_size": 4,
    "max_route_distance": 446.0,
    "start_depot": 0,
    "end_depot": 250
  },
  "objective": {
    "total_score": 8389.0
  },
  "performance": {
    "cpu_time_seconds": 4.358792400000311,
    "iterations": 20,
    "iterations_to_convergence": 19,
    "last_improvement_iteration": 19,
    "stagnation_iterations": 1,
    "accepted_worse_moves": 2,
    "restarts_performed": 1,
    "num_lp_solves": null,
    "num_labels_generated": null
  },
  "routes": [
    {
      "route_index": 1,
      "nodes": [
        0,
        190,
        8,
        3,
        118,
        123,
        237,
        62,
        43,
        223,
        38,
        225,
        241,
        101,
        114,
        148,
        26,
        230,
        9,
        153,
        13,
        167,
        89,
        248,
        121,
        106,
        189,
        220,
        36,
        65,
        206,
        173,
        204,
        198,
        73,
        207,
        166,
        96,
        250
      ],
      "score": 1809.0,
      "length": 441.4451923412057
    },
    {
      "route_index": 2,
      "nodes": [
        0,
        54,
        137,
        18,
        30,
        191,
        79,
        19,
        185,
        72,
        21,
        138,
        100,
        145,
        209,
        142,
        99,
        70,
        244,
        108,
        155,
        76,
        154,
        115,
        4,
        81,
        186,
        140,
        164,
        160,
        246,
        25,
        141,
        104,
        215,
        213,
        112,
        250
      ],
      "score": 2138.0,
      "length": 444.5558191630952
    },
    {
      "route_index": 3,
      "nodes": [
        0,
        249,
        122,
        39,
        102,
        15,
        219,
        162,
        181,
        171,
        132,
        97,
        29,
        227,
        20,
        109,
        110,
        60,
        158,
        134,
        201,
        78,
        32,
        226,
        136,
        176,
        56,
        242,
        214,
        57,
        203,
        193,
        2,
        170,
        58,
        150,
        183,
        83,
        217,
        195,
        125,
        64,
        250
      ],
      "score": 2304.0,
      "length": 444.8152967709706
    },
    {
      "route_index": 4,
      "nodes": [
        0,
        69,
        177,
        146,
        135,
        84,
        16,
        243,
        6,
        37,
        165,
        222,
        85,
        105,
        169,
        52,
        75,
        59,
        67,
        51,
        147,
        245,
        24,
        40,
        17,
        175,
        55,
        47,
        168,
        66,
        103,
        113,
        80,
        194,
        197,
        42,
        10,
        238,
        131,
        11,
        235,
        82,
        157,
        224,
        163,
        250
      ],
      "score": 2138.0,
      "length": 445.15289788687744
    }
  ],
  "dataset": "vansteenwegen",
  "instance_name": "gil262c_m4.txt",
  "run_seed": 42
}