{
  "instance": {
    "num_nodes": 251,
    "team_size": 3,
    "max_route_distance": 396.33,
    "start_depot": 0,
    "end_depot": 250
  },
  "objective": {
    "total_score": 6494.0
  },
  "performance": {
    "cpu_time_seconds": 3.171631299999717,
    "iterations": 20,
    "iterations_to_convergence": 20,
    "last_improvement_iteration": 20,
    "stagnation_iterations": 0,
    "accepted_worse_moves": 1,
    "restarts_performed": 1,
    "num_lp_solves": null,
    "num_labels_generated": null
  },
  "routes": [
    {
      "route_index": 1,
      "nodes": [
        0,
        163,
        69,
        177,
        237,
        62,
        249,
        157,
        82,
        224,
        64,
        125,
        2,
        170,
        114,
        148,
        26,
        230,
        9,
        153,
        167,
        89,
        248,
        121,
        189,
        58,
        183,
        150,
        220,
        36,
        217,
        83,
        206,
        65,
        228,
        53,
        124,
        137,
        18,
        207,
        198,
        73,
        96,
        250
      ],
      "score": 2410.0,
      "length": 395.60036001291786
    },
    {
      "route_index": 2,
      "nodes": [
        0,
        190,
        8,
        123,
        118,
        3,
        16,
        243,
        169,
        181,
        171,
        59,
        162,
        75,
        219,
        15,
        102,
        233,
        176,
        136,
        226,
        32,
        201,
        78,
        175,
        47,
        168,
        103,
        113,
        66,
        56,
        242,
        38,
        223,
        43,
        225,
        241,
        235,
        11,
        214,
        131,
        57,
        203,
        101,
        193,
        250
      ],
      "score": 2234.0,
      "length": 394.6141585333067
    },
    {
      "route_index": 3,
      "nodes": [
        0,
        54,
        30,
        191,
        49,
        12,
        133,
        5,
        79,
        19,
        185,
        72,
        33,
        234,
        68,
        142,
        232,
        70,
        108,
        244,
        115,
        145,
        100,
        4,
        81,
        186,
        172,
        140,
        25,
        141,
        104,
        215,
        213,
        112,
        250
      ],
      "score": 1850.0,
      "length": 395.8779502614232
    }
  ],
  "dataset": "vansteenwegen",
  "instance_name": "gil262b_m3.txt",
  "run_seed": 38
}