{
  "instance": {
    "num_nodes": 263,
    "team_size": 3,
    "max_route_distance": 396.333,
    "start_depot": 0,
    "end_depot": 262
  },
  "objective": {
    "total_score": 5028.0
  },
  "performance": {
    "cpu_time_seconds": 2.762311500031501,
    "iterations": 20,
    "iterations_to_convergence": 19,
    "last_improvement_iteration": 19,
    "stagnation_iterations": 1,
    "accepted_worse_moves": 0,
    "restarts_performed": 1,
    "num_lp_solves": null,
    "num_labels_generated": null
  },
  "routes": [
    {
      "route_index": 1,
      "nodes": [
        0,
        230,
        231,
        69,
        107,
        243,
        75,
        153,
        114,
        144,
        80,
        3,
        257,
        187,
        33,
        94,
        181,
        27,
        159,
        6,
        245,
        24,
        140,
        139,
        163,
        20,
        137,
        253,
        233,
        141,
        67,
        228,
        262
      ],
      "score": 1868.0,
      "length": 394.2835630602696
    },
    {
      "route_index": 2,
      "nodes": [
        0,
        70,
        32,
        71,
        184,
        18,
        165,
        206,
        197,
        203,
        249,
        162,
        223,
        63,
        124,
        194,
        1,
        216,
        26,
        260,
        172,
        136,
        256,
        123,
        48,
        11,
        60,
        89,
        210,
        204,
        30,
        262
      ],
      "score": 1873.0,
      "length": 395.7876124255879
    },
    {
      "route_index": 3,
      "nodes": [
        0,
        138,
        201,
        154,
        98,
        208,
        99,
        185,
        171,
        73,
        103,
        214,
        125,
        115,
        2,
        117,
        122,
        7,
        189,
        111,
        95,
        72,
        53,
        17,
        29,
        190,
        4,
        132,
        128,
        220,
        262
      ],
      "score": 1287.0,
      "length": 395.7450204318224
    }
  ],
  "dataset": "vansteenwegen",
  "instance_name": "gil262_gen2_m3.txt",
  "run_seed": 25007,
  "run_index": 0
}