{
  "instance": {
    "num_nodes": 251,
    "team_size": 3,
    "max_route_distance": 396.33,
    "start_depot": 0,
    "end_depot": 250
  },
  "objective": {
    "total_score": 6724.0
  },
  "performance": {
    "cpu_time_seconds": 3.9988763000583276,
    "iterations": 20,
    "iterations_to_convergence": 14,
    "last_improvement_iteration": 14,
    "stagnation_iterations": 6,
    "accepted_worse_moves": 2,
    "restarts_performed": 1,
    "num_lp_solves": null,
    "num_labels_generated": null
  },
  "routes": [
    {
      "route_index": 1,
      "nodes": [
        0,
        64,
        125,
        2,
        170,
        230,
        153,
        9,
        26,
        148,
        114,
        101,
        193,
        82,
        235,
        11,
        241,
        225,
        38,
        39,
        102,
        15,
        219,
        75,
        162,
        59,
        171,
        181,
        169,
        85,
        222,
        37,
        6,
        243,
        16,
        3,
        118,
        123,
        8,
        112,
        190,
        237,
        177,
        69,
        250
      ],
      "score": 2355.0,
      "length": 395.34429341582717
    },
    {
      "route_index": 2,
      "nodes": [
        0,
        54,
        137,
        18,
        30,
        191,
        12,
        49,
        211,
        90,
        61,
        129,
        221,
        205,
        31,
        68,
        142,
        232,
        70,
        108,
        244,
        154,
        115,
        145,
        100,
        81,
        186,
        21,
        138,
        72,
        185,
        19,
        166,
        207,
        198,
        73,
        250
      ],
      "score": 2170.0,
      "length": 395.9320672391128
    },
    {
      "route_index": 3,
      "nodes": [
        0,
        163,
        224,
        157,
        249,
        62,
        43,
        223,
        242,
        56,
        66,
        47,
        55,
        168,
        103,
        113,
        80,
        194,
        197,
        42,
        10,
        238,
        131,
        214,
        57,
        203,
        13,
        167,
        89,
        248,
        121,
        106,
        189,
        58,
        183,
        150,
        36,
        220,
        65,
        206,
        83,
        217,
        195,
        250
      ],
      "score": 2199.0,
      "length": 395.5793655296001
    }
  ],
  "dataset": "vansteenwegen",
  "instance_name": "gil262b_m3.txt",
  "run_seed": 31007,
  "run_index": 0
}