{
  "instance": {
    "num_nodes": 263,
    "team_size": 2,
    "max_route_distance": 594.5,
    "start_depot": 0,
    "end_depot": 262
  },
  "objective": {
    "total_score": 5355.0
  },
  "performance": {
    "cpu_time_seconds": 3.1305360999995173,
    "iterations": 20,
    "iterations_to_convergence": 19,
    "last_improvement_iteration": 19,
    "stagnation_iterations": 1,
    "accepted_worse_moves": 0,
    "restarts_performed": 1,
    "num_lp_solves": null,
    "num_labels_generated": null
  },
  "routes": [
    {
      "route_index": 1,
      "nodes": [
        0,
        138,
        230,
        231,
        98,
        69,
        107,
        243,
        114,
        144,
        99,
        80,
        3,
        257,
        187,
        33,
        94,
        181,
        27,
        159,
        6,
        245,
        207,
        250,
        198,
        43,
        36,
        164,
        5,
        242,
        15,
        115,
        125,
        140,
        103,
        73,
        214,
        2,
        117,
        122,
        7,
        189,
        111,
        95,
        72,
        197,
        206,
        165,
        18,
        184,
        71,
        32,
        253,
        233,
        141,
        67,
        262
      ],
      "score": 2238.0,
      "length": 593.6522664211988
    },
    {
      "route_index": 2,
      "nodes": [
        0,
        89,
        60,
        11,
        48,
        123,
        256,
        136,
        172,
        260,
        26,
        194,
        124,
        63,
        223,
        156,
        81,
        234,
        10,
        240,
        224,
        222,
        42,
        121,
        38,
        232,
        175,
        135,
        225,
        58,
        170,
        180,
        168,
        161,
        74,
        218,
        14,
        101,
        83,
        134,
        145,
        61,
        248,
        236,
        176,
        68,
        162,
        249,
        203,
        53,
        17,
        29,
        190,
        4,
        132,
        210,
        204,
        30,
        228,
        262
      ],
      "score": 3117.0,
      "length": 593.3145365769852
    }
  ],
  "dataset": "vansteenwegen",
  "instance_name": "gil262_gen3_m2.txt",
  "run_seed": 33
}