{
  "instance": {
    "num_nodes": 230,
    "team_size": 4,
    "max_route_distance": 441.25,
    "start_depot": 0,
    "end_depot": 229
  },
  "objective": {
    "total_score": 215.0
  },
  "performance": {
    "cpu_time_seconds": 4.997198999975808,
    "iterations": 20,
    "iterations_to_convergence": 11,
    "last_improvement_iteration": 11,
    "stagnation_iterations": 9,
    "accepted_worse_moves": 3,
    "restarts_performed": 1,
    "num_lp_solves": null,
    "num_labels_generated": null
  },
  "routes": [
    {
      "route_index": 1,
      "nodes": [
        0,
        3,
        4,
        5,
        6,
        7,
        8,
        16,
        17,
        18,
        50,
        51,
        54,
        58,
        59,
        60,
        63,
        64,
        65,
        62,
        80,
        79,
        87,
        78,
        77,
        76,
        75,
        74,
        73,
        102,
        100,
        111,
        115,
        113,
        110,
        126,
        128,
        137,
        131,
        130,
        133,
        134,
        173,
        175,
        174,
        176,
        167,
        166,
        169,
        168,
        165,
        124,
        123,
        103,
        96,
        97,
        98,
        99,
        88,
        85,
        84,
        24,
        83,
        81,
        82,
        56,
        55,
        19,
        12,
        1,
        229
      ],
      "score": 69.0,
      "length": 343.97210302516083
    },
    {
      "route_index": 2,
      "nodes": [
        0,
        13,
        14,
        29,
        33,
        37,
        39,
        178,
        180,
        179,
        177,
        181,
        182,
        184,
        185,
        186,
        196,
        199,
        218,
        219,
        211,
        149,
        153,
        135,
        136,
        129,
        116,
        112,
        106,
        105,
        72,
        71,
        69,
        70,
        68,
        67,
        66,
        61,
        57,
        53,
        52,
        10,
        9,
        2,
        229
      ],
      "score": 43.0,
      "length": 423.09927333168037
    },
    {
      "route_index": 3,
      "nodes": [
        0,
        11,
        15,
        22,
        23,
        86,
        89,
        90,
        35,
        34,
        36,
        94,
        95,
        104,
        107,
        108,
        109,
        125,
        127,
        170,
        132,
        171,
        162,
        152,
        151,
        140,
        145,
        146,
        147,
        148,
        150,
        154,
        203,
        200,
        157,
        156,
        155,
        158,
        159,
        160,
        161,
        163,
        172,
        164,
        198,
        197,
        195,
        194,
        193,
        191,
        192,
        190,
        189,
        188,
        187,
        48,
        46,
        47,
        49,
        183,
        45,
        40,
        38,
        31,
        30,
        32,
        26,
        25,
        229
      ],
      "score": 67.0,
      "length": 421.5070351250243
    },
    {
      "route_index": 4,
      "nodes": [
        0,
        20,
        21,
        91,
        92,
        93,
        101,
        114,
        117,
        118,
        119,
        120,
        121,
        122,
        141,
        138,
        139,
        142,
        143,
        144,
        204,
        205,
        206,
        207,
        208,
        209,
        210,
        202,
        201,
        220,
        221,
        222,
        43,
        44,
        41,
        28,
        27,
        229
      ],
      "score": 36.0,
      "length": 429.08693667795836
    }
  ],
  "dataset": "vansteenwegen",
  "instance_name": "gr229_gen1_m4.txt",
  "run_seed": 36008,
  "run_index": 1
}