{
  "instance": {
    "num_nodes": 230,
    "team_size": 4,
    "max_route_distance": 441.25,
    "start_depot": 0,
    "end_depot": 229
  },
  "objective": {
    "total_score": 7355.0
  },
  "performance": {
    "cpu_time_seconds": 4.821183799998835,
    "iterations": 20,
    "iterations_to_convergence": 8,
    "last_improvement_iteration": 8,
    "stagnation_iterations": 12,
    "accepted_worse_moves": 1,
    "restarts_performed": 1,
    "num_lp_solves": null,
    "num_labels_generated": null
  },
  "routes": [
    {
      "route_index": 1,
      "nodes": [
        0,
        2,
        5,
        8,
        17,
        16,
        11,
        15,
        19,
        22,
        23,
        55,
        56,
        82,
        81,
        80,
        79,
        87,
        78,
        77,
        76,
        75,
        74,
        89,
        90,
        91,
        35,
        34,
        94,
        100,
        105,
        111,
        114,
        117,
        118,
        121,
        122,
        120,
        119,
        115,
        108,
        123,
        170,
        130,
        131,
        132,
        133,
        135,
        134,
        162,
        172,
        164,
        198,
        175,
        185,
        184,
        183,
        41,
        182,
        181,
        177,
        174,
        173,
        176,
        178,
        167,
        166,
        37,
        33,
        32,
        26,
        25,
        1,
        229
      ],
      "score": 1931.0,
      "length": 434.131963228538
    },
    {
      "route_index": 2,
      "nodes": [
        0,
        20,
        24,
        84,
        83,
        86,
        85,
        88,
        93,
        99,
        97,
        103,
        124,
        165,
        168,
        169,
        171,
        163,
        161,
        160,
        159,
        158,
        200,
        210,
        204,
        148,
        150,
        152,
        147,
        146,
        145,
        144,
        143,
        142,
        140,
        139,
        138,
        141,
        116,
        112,
        101,
        102,
        73,
        72,
        71,
        69,
        70,
        68,
        67,
        66,
        62,
        65,
        64,
        63,
        61,
        60,
        59,
        58,
        57,
        53,
        54,
        52,
        51,
        50,
        18,
        10,
        9,
        7,
        6,
        4,
        3,
        229
      ],
      "score": 1942.0,
      "length": 437.5507269497228
    },
    {
      "route_index": 3,
      "nodes": [
        0,
        29,
        30,
        31,
        38,
        39,
        180,
        179,
        186,
        196,
        197,
        195,
        194,
        193,
        192,
        191,
        199,
        201,
        221,
        222,
        190,
        189,
        188,
        187,
        48,
        43,
        42,
        44,
        46,
        47,
        49,
        45,
        40,
        28,
        27,
        229
      ],
      "score": 1505.0,
      "length": 435.25513863470826
    },
    {
      "route_index": 4,
      "nodes": [
        0,
        13,
        14,
        36,
        95,
        96,
        104,
        107,
        109,
        110,
        125,
        126,
        127,
        129,
        136,
        155,
        156,
        157,
        202,
        220,
        219,
        218,
        215,
        214,
        213,
        212,
        209,
        208,
        207,
        206,
        205,
        211,
        203,
        149,
        154,
        153,
        151,
        137,
        128,
        113,
        106,
        98,
        92,
        21,
        12,
        229
      ],
      "score": 1977.0,
      "length": 422.04967548378306
    }
  ],
  "dataset": "vansteenwegen",
  "instance_name": "gr229_gen3_m4.txt",
  "run_seed": 40008,
  "run_index": 1
}