{
  "instance": {
    "num_nodes": 230,
    "team_size": 4,
    "max_route_distance": 441.25,
    "start_depot": 0,
    "end_depot": 229
  },
  "objective": {
    "total_score": 215.0
  },
  "performance": {
    "cpu_time_seconds": 3.863712999999734,
    "iterations": 20,
    "iterations_to_convergence": 18,
    "last_improvement_iteration": 18,
    "stagnation_iterations": 2,
    "accepted_worse_moves": 3,
    "restarts_performed": 1,
    "num_lp_solves": null,
    "num_labels_generated": null
  },
  "routes": [
    {
      "route_index": 1,
      "nodes": [
        0,
        27,
        28,
        30,
        33,
        94,
        93,
        99,
        100,
        98,
        105,
        106,
        107,
        108,
        123,
        165,
        124,
        110,
        113,
        116,
        119,
        118,
        117,
        114,
        72,
        71,
        70,
        69,
        77,
        89,
        90,
        88,
        85,
        84,
        83,
        21,
        22,
        23,
        56,
        54,
        53,
        57,
        58,
        59,
        60,
        62,
        65,
        64,
        63,
        61,
        52,
        51,
        50,
        18,
        10,
        9,
        7,
        6,
        8,
        5,
        4,
        3,
        229
      ],
      "score": 61.0,
      "length": 337.75716521259346
    },
    {
      "route_index": 2,
      "nodes": [
        0,
        12,
        13,
        14,
        36,
        95,
        97,
        96,
        103,
        104,
        109,
        125,
        126,
        127,
        129,
        130,
        132,
        133,
        134,
        162,
        171,
        176,
        178,
        180,
        179,
        182,
        184,
        185,
        181,
        177,
        174,
        175,
        163,
        161,
        160,
        159,
        158,
        155,
        156,
        157,
        200,
        204,
        154,
        150,
        153,
        135,
        136,
        137,
        128,
        115,
        112,
        111,
        101,
        102,
        73,
        74,
        75,
        76,
        78,
        87,
        79,
        86,
        80,
        82,
        19,
        15,
        11,
        229
      ],
      "score": 66.0,
      "length": 414.07111372335555
    },
    {
      "route_index": 3,
      "nodes": [
        0,
        20,
        24,
        91,
        92,
        35,
        34,
        168,
        169,
        170,
        131,
        138,
        139,
        140,
        151,
        152,
        198,
        197,
        196,
        186,
        195,
        194,
        193,
        191,
        192,
        190,
        189,
        188,
        187,
        48,
        43,
        42,
        44,
        46,
        47,
        49,
        183,
        45,
        41,
        40,
        39,
        38,
        31,
        29,
        229
      ],
      "score": 43.0,
      "length": 419.53076058483236
    },
    {
      "route_index": 4,
      "nodes": [
        0,
        1,
        25,
        26,
        32,
        37,
        166,
        167,
        173,
        172,
        164,
        199,
        222,
        221,
        220,
        201,
        202,
        210,
        219,
        209,
        208,
        207,
        206,
        205,
        211,
        203,
        149,
        148,
        147,
        146,
        145,
        144,
        143,
        142,
        141,
        122,
        121,
        120,
        68,
        67,
        66,
        81,
        55,
        17,
        16,
        2,
        229
      ],
      "score": 45.0,
      "length": 438.4626973025765
    }
  ],
  "dataset": "vansteenwegen",
  "instance_name": "gr229_gen1_m4.txt",
  "run_seed": 43
}