{
  "instance": {
    "num_nodes": 151,
    "team_size": 3,
    "max_route_distance": 4420.67,
    "start_depot": 0,
    "end_depot": 150
  },
  "objective": {
    "total_score": 2173.0
  },
  "performance": {
    "cpu_time_seconds": 0.752554600010626,
    "iterations": 20,
    "iterations_to_convergence": 20,
    "last_improvement_iteration": 20,
    "stagnation_iterations": 0,
    "accepted_worse_moves": 1,
    "restarts_performed": 1,
    "num_lp_solves": null,
    "num_labels_generated": null
  },
  "routes": [
    {
      "route_index": 1,
      "nodes": [
        0,
        91,
        74,
        18,
        133,
        52,
        3,
        64,
        65,
        128,
        25,
        123,
        117,
        118,
        142,
        55,
        121,
        41,
        7,
        129,
        150
      ],
      "score": 666.0,
      "length": 4381.742438990887
    },
    {
      "route_index": 2,
      "nodes": [
        0,
        130,
        109,
        76,
        149,
        61,
        59,
        22,
        97,
        90,
        108,
        31,
        10,
        14,
        16,
        140,
        58,
        73,
        20,
        71,
        112,
        150
      ],
      "score": 684.0,
      "length": 4280.724801785378
    },
    {
      "route_index": 3,
      "nodes": [
        0,
        62,
        9,
        83,
        35,
        98,
        101,
        110,
        103,
        37,
        23,
        17,
        93,
        21,
        15,
        87,
        136,
        78,
        105,
        89,
        48,
        5,
        150
      ],
      "score": 823.0,
      "length": 4203.235992340508
    }
  ],
  "dataset": "vansteenwegen",
  "instance_name": "kroA150_gen3_m3.txt",
  "run_seed": 42007,
  "run_index": 0
}