{
  "instance": {
    "num_nodes": 201,
    "team_size": 4,
    "max_route_distance": 3671.0,
    "start_depot": 0,
    "end_depot": 200
  },
  "objective": {
    "total_score": 73.0
  },
  "performance": {
    "cpu_time_seconds": 1.9918316000839695,
    "iterations": 20,
    "iterations_to_convergence": 19,
    "last_improvement_iteration": 19,
    "stagnation_iterations": 1,
    "accepted_worse_moves": 0,
    "restarts_performed": 1,
    "num_lp_solves": null,
    "num_labels_generated": null
  },
  "routes": [
    {
      "route_index": 1,
      "nodes": [
        0,
        144,
        122,
        14,
        78,
        159,
        161,
        63,
        19,
        54,
        41,
        185,
        126,
        119,
        106,
        108,
        156,
        46,
        30,
        66,
        176,
        12,
        197,
        84,
        200
      ],
      "score": 23.0,
      "length": 3656.4528979991205
    },
    {
      "route_index": 2,
      "nodes": [
        0,
        110,
        45,
        171,
        109,
        28,
        183,
        36,
        137,
        8,
        77,
        81,
        6,
        198,
        25,
        31,
        120,
        173,
        52,
        200
      ],
      "score": 18.0,
      "length": 3617.8661904997075
    },
    {
      "route_index": 3,
      "nodes": [
        0,
        190,
        26,
        100,
        3,
        191,
        13,
        174,
        9,
        91,
        18,
        98,
        148,
        105,
        92,
        162,
        11,
        200
      ],
      "score": 16.0,
      "length": 3508.9239742040927
    },
    {
      "route_index": 4,
      "nodes": [
        0,
        114,
        116,
        158,
        23,
        135,
        60,
        123,
        117,
        15,
        62,
        178,
        17,
        48,
        146,
        39,
        131,
        200
      ],
      "score": 16.0,
      "length": 3582.2583104820364
    }
  ],
  "dataset": "vansteenwegen",
  "instance_name": "kroA200_gen1_m4.txt",
  "run_seed": 43007,
  "run_index": 0
}