{
  "instance": {
    "num_nodes": 151,
    "team_size": 3,
    "max_route_distance": 4420.67,
    "start_depot": 0,
    "end_depot": 150
  },
  "objective": {
    "total_score": 2022.0
  },
  "performance": {
    "cpu_time_seconds": 0.5720412000000579,
    "iterations": 20,
    "iterations_to_convergence": 20,
    "last_improvement_iteration": 20,
    "stagnation_iterations": 0,
    "accepted_worse_moves": 1,
    "restarts_performed": 1,
    "num_lp_solves": null,
    "num_labels_generated": null
  },
  "routes": [
    {
      "route_index": 1,
      "nodes": [
        0,
        91,
        74,
        18,
        52,
        133,
        15,
        87,
        136,
        78,
        17,
        23,
        37,
        103,
        110,
        101,
        98,
        35,
        83,
        112,
        150
      ],
      "score": 758.0,
      "length": 4414.662496589364
    },
    {
      "route_index": 2,
      "nodes": [
        0,
        129,
        141,
        104,
        66,
        107,
        68,
        72,
        43,
        113,
        143,
        63,
        39,
        53,
        137,
        88,
        41,
        7,
        150
      ],
      "score": 627.0,
      "length": 4385.402916470112
    },
    {
      "route_index": 3,
      "nodes": [
        0,
        130,
        90,
        97,
        22,
        44,
        108,
        31,
        10,
        14,
        16,
        140,
        58,
        126,
        73,
        20,
        71,
        9,
        105,
        89,
        48,
        5,
        150
      ],
      "score": 637.0,
      "length": 4372.376240561502
    }
  ],
  "dataset": "vansteenwegen",
  "instance_name": "kroA150_gen3_m3.txt",
  "run_seed": 49
}