{
  "instance": {
    "num_nodes": 151,
    "team_size": 2,
    "max_route_distance": 6631.0,
    "start_depot": 0,
    "end_depot": 150
  },
  "objective": {
    "total_score": 4027.0
  },
  "performance": {
    "cpu_time_seconds": 0.6690499999995154,
    "iterations": 20,
    "iterations_to_convergence": 7,
    "last_improvement_iteration": 7,
    "stagnation_iterations": 13,
    "accepted_worse_moves": 1,
    "restarts_performed": 1,
    "num_lp_solves": null,
    "num_labels_generated": null
  },
  "routes": [
    {
      "route_index": 1,
      "nodes": [
        0,
        27,
        92,
        130,
        108,
        31,
        10,
        14,
        16,
        140,
        58,
        73,
        20,
        71,
        9,
        89,
        105,
        52,
        133,
        78,
        136,
        87,
        15,
        21,
        69,
        65,
        128,
        25,
        123,
        117,
        118,
        142,
        55,
        138,
        91,
        150
      ],
      "score": 1836.0,
      "length": 6616.853981467032
    },
    {
      "route_index": 2,
      "nodes": [
        0,
        46,
        90,
        97,
        22,
        109,
        76,
        19,
        85,
        26,
        11,
        148,
        54,
        82,
        33,
        116,
        6,
        8,
        144,
        86,
        124,
        50,
        60,
        24,
        80,
        72,
        49,
        43,
        113,
        143,
        63,
        39,
        53,
        66,
        104,
        141,
        129,
        150
      ],
      "score": 2191.0,
      "length": 6630.267299745903
    }
  ],
  "dataset": "vansteenwegen",
  "instance_name": "kroA150_gen2_m2.txt",
  "run_seed": 48
}