{
  "instance": {
    "num_nodes": 201,
    "team_size": 2,
    "max_route_distance": 7359.5,
    "start_depot": 0,
    "end_depot": 200
  },
  "objective": {
    "total_score": 4762.0
  },
  "performance": {
    "cpu_time_seconds": 1.260591000000204,
    "iterations": 20,
    "iterations_to_convergence": 20,
    "last_improvement_iteration": 20,
    "stagnation_iterations": 0,
    "accepted_worse_moves": 0,
    "restarts_performed": 1,
    "num_lp_solves": null,
    "num_labels_generated": null
  },
  "routes": [
    {
      "route_index": 1,
      "nodes": [
        0,
        97,
        31,
        166,
        174,
        58,
        135,
        75,
        96,
        98,
        7,
        28,
        141,
        122,
        9,
        52,
        169,
        148,
        69,
        197,
        38,
        39,
        110,
        67,
        85,
        137,
        48,
        133,
        29,
        78,
        112,
        80,
        178,
        187,
        140,
        64,
        123,
        126,
        79,
        19,
        37,
        165,
        20,
        89,
        200
      ],
      "score": 2400.0,
      "length": 7354.79873243562
    },
    {
      "route_index": 2,
      "nodes": [
        0,
        94,
        2,
        157,
        10,
        92,
        121,
        84,
        72,
        188,
        189,
        116,
        193,
        4,
        131,
        61,
        25,
        99,
        55,
        100,
        149,
        74,
        180,
        107,
        151,
        145,
        45,
        24,
        8,
        33,
        26,
        175,
        179,
        93,
        177,
        198,
        130,
        156,
        171,
        34,
        60,
        70,
        160,
        11,
        173,
        200
      ],
      "score": 2362.0,
      "length": 7350.650229180744
    }
  ],
  "dataset": "vansteenwegen",
  "instance_name": "kroB200_gen2_m2.txt",
  "run_seed": 52
}