{
  "instance": {
    "num_nodes": 201,
    "team_size": 2,
    "max_route_distance": 7359.5,
    "start_depot": 0,
    "end_depot": 200
  },
  "objective": {
    "total_score": 93.0
  },
  "performance": {
    "cpu_time_seconds": 1.9038882999448106,
    "iterations": 20,
    "iterations_to_convergence": 15,
    "last_improvement_iteration": 15,
    "stagnation_iterations": 5,
    "accepted_worse_moves": 0,
    "restarts_performed": 1,
    "num_lp_solves": null,
    "num_labels_generated": null
  },
  "routes": [
    {
      "route_index": 1,
      "nodes": [
        0,
        2,
        121,
        84,
        72,
        52,
        169,
        148,
        69,
        197,
        38,
        188,
        110,
        189,
        116,
        39,
        193,
        66,
        196,
        4,
        131,
        61,
        25,
        68,
        149,
        100,
        99,
        55,
        80,
        178,
        112,
        78,
        187,
        140,
        64,
        123,
        126,
        74,
        79,
        19,
        37,
        151,
        107,
        20,
        89,
        200
      ],
      "score": 44.0,
      "length": 7271.142319806643
    },
    {
      "route_index": 2,
      "nodes": [
        0,
        94,
        97,
        31,
        166,
        174,
        58,
        75,
        135,
        28,
        7,
        98,
        96,
        90,
        128,
        27,
        157,
        10,
        92,
        141,
        122,
        9,
        67,
        85,
        137,
        48,
        133,
        29,
        180,
        165,
        145,
        45,
        24,
        8,
        26,
        175,
        179,
        93,
        56,
        177,
        198,
        130,
        156,
        171,
        34,
        60,
        70,
        160,
        11,
        173,
        200
      ],
      "score": 49.0,
      "length": 7353.027733283284
    }
  ],
  "dataset": "vansteenwegen",
  "instance_name": "kroB200_gen1_m2.txt",
  "run_seed": 44007,
  "run_index": 0
}