{
  "instance": {
    "num_nodes": 201,
    "team_size": 3,
    "max_route_distance": 4906.33,
    "start_depot": 0,
    "end_depot": 200
  },
  "objective": {
    "total_score": 2565.0
  },
  "performance": {
    "cpu_time_seconds": 1.9634566999739036,
    "iterations": 20,
    "iterations_to_convergence": 19,
    "last_improvement_iteration": 19,
    "stagnation_iterations": 1,
    "accepted_worse_moves": 0,
    "restarts_performed": 1,
    "num_lp_solves": null,
    "num_labels_generated": null
  },
  "routes": [
    {
      "route_index": 1,
      "nodes": [
        0,
        20,
        165,
        137,
        85,
        48,
        133,
        180,
        29,
        74,
        149,
        100,
        25,
        193,
        39,
        38,
        197,
        69,
        148,
        169,
        52,
        72,
        84,
        121,
        92,
        10,
        157,
        27,
        128,
        90,
        96,
        98,
        7,
        28,
        94,
        200
      ],
      "score": 845.0,
      "length": 4878.673508912989
    },
    {
      "route_index": 2,
      "nodes": [
        0,
        122,
        9,
        67,
        110,
        189,
        116,
        66,
        196,
        4,
        131,
        61,
        99,
        55,
        112,
        178,
        78,
        187,
        123,
        64,
        140,
        183,
        36,
        79,
        19,
        37,
        151,
        107,
        89,
        200
      ],
      "score": 863.0,
      "length": 4880.337315898723
    },
    {
      "route_index": 3,
      "nodes": [
        0,
        97,
        106,
        60,
        34,
        171,
        156,
        130,
        198,
        177,
        73,
        164,
        59,
        185,
        195,
        42,
        115,
        51,
        57,
        83,
        6,
        56,
        93,
        179,
        175,
        26,
        70,
        160,
        11,
        173,
        200
      ],
      "score": 857.0,
      "length": 4856.457973220743
    }
  ],
  "dataset": "vansteenwegen",
  "instance_name": "kroB200_gen3_m3.txt",
  "run_seed": 48007,
  "run_index": 0
}