{
  "instance": {
    "num_nodes": 201,
    "team_size": 4,
    "max_route_distance": 3679.75,
    "start_depot": 0,
    "end_depot": 200
  },
  "objective": {
    "total_score": 4079.0
  },
  "performance": {
    "cpu_time_seconds": 1.5233217000495642,
    "iterations": 20,
    "iterations_to_convergence": 14,
    "last_improvement_iteration": 14,
    "stagnation_iterations": 6,
    "accepted_worse_moves": 2,
    "restarts_performed": 1,
    "num_lp_solves": null,
    "num_labels_generated": null
  },
  "routes": [
    {
      "route_index": 1,
      "nodes": [
        0,
        8,
        24,
        33,
        6,
        83,
        57,
        185,
        59,
        164,
        73,
        177,
        130,
        93,
        179,
        175,
        26,
        70,
        160,
        11,
        173,
        200
      ],
      "score": 1126.0,
      "length": 3660.1080421236984
    },
    {
      "route_index": 2,
      "nodes": [
        0,
        20,
        137,
        85,
        48,
        67,
        9,
        72,
        2,
        27,
        128,
        90,
        96,
        75,
        28,
        94,
        200
      ],
      "score": 923.0,
      "length": 3572.7326091669183
    },
    {
      "route_index": 3,
      "nodes": [
        0,
        89,
        151,
        37,
        19,
        79,
        180,
        133,
        29,
        74,
        126,
        123,
        78,
        187,
        64,
        140,
        183,
        36,
        71,
        145,
        45,
        200
      ],
      "score": 1049.0,
      "length": 3556.674582905599
    },
    {
      "route_index": 4,
      "nodes": [
        0,
        97,
        106,
        31,
        166,
        174,
        58,
        135,
        98,
        7,
        157,
        10,
        92,
        121,
        84,
        141,
        122,
        165,
        107,
        200
      ],
      "score": 981.0,
      "length": 3647.7391046178795
    }
  ],
  "dataset": "vansteenwegen",
  "instance_name": "kroB200_gen2_m4.txt",
  "run_seed": 46008,
  "run_index": 1
}