{
  "instance": {
    "num_nodes": 201,
    "team_size": 3,
    "max_route_distance": 4906.33,
    "start_depot": 0,
    "end_depot": 200
  },
  "objective": {
    "total_score": 2230.0
  },
  "performance": {
    "cpu_time_seconds": 2.062750000040978,
    "iterations": 20,
    "iterations_to_convergence": 20,
    "last_improvement_iteration": 20,
    "stagnation_iterations": 0,
    "accepted_worse_moves": 0,
    "restarts_performed": 1,
    "num_lp_solves": null,
    "num_labels_generated": null
  },
  "routes": [
    {
      "route_index": 1,
      "nodes": [
        0,
        94,
        97,
        11,
        34,
        130,
        198,
        177,
        73,
        164,
        59,
        88,
        42,
        115,
        51,
        57,
        83,
        6,
        56,
        93,
        179,
        175,
        26,
        8,
        24,
        45,
        200
      ],
      "score": 744.0,
      "length": 4905.551958443988
    },
    {
      "route_index": 2,
      "nodes": [
        0,
        89,
        151,
        37,
        19,
        71,
        36,
        114,
        53,
        162,
        153,
        190,
        138,
        172,
        46,
        178,
        112,
        78,
        187,
        123,
        126,
        74,
        29,
        180,
        133,
        48,
        85,
        137,
        165,
        107,
        20,
        200
      ],
      "score": 915.0,
      "length": 4880.162699403861
    },
    {
      "route_index": 3,
      "nodes": [
        0,
        122,
        67,
        110,
        188,
        169,
        52,
        72,
        84,
        121,
        92,
        10,
        157,
        27,
        128,
        90,
        96,
        98,
        75,
        58,
        174,
        166,
        135,
        7,
        28,
        31,
        106,
        70,
        160,
        173,
        200
      ],
      "score": 571.0,
      "length": 4863.880616592083
    }
  ],
  "dataset": "vansteenwegen",
  "instance_name": "kroB200_gen3_m3.txt",
  "run_seed": 48008,
  "run_index": 1
}