{
  "instance": {
    "num_nodes": 201,
    "team_size": 3,
    "max_route_distance": 4906.33,
    "start_depot": 0,
    "end_depot": 200
  },
  "objective": {
    "total_score": 2205.0
  },
  "performance": {
    "cpu_time_seconds": 1.4047872999999527,
    "iterations": 20,
    "iterations_to_convergence": 15,
    "last_improvement_iteration": 15,
    "stagnation_iterations": 5,
    "accepted_worse_moves": 1,
    "restarts_performed": 1,
    "num_lp_solves": null,
    "num_labels_generated": null
  },
  "routes": [
    {
      "route_index": 1,
      "nodes": [
        0,
        89,
        165,
        137,
        85,
        48,
        133,
        180,
        29,
        74,
        100,
        55,
        99,
        25,
        61,
        131,
        4,
        196,
        66,
        39,
        189,
        110,
        188,
        72,
        84,
        121,
        92,
        10,
        200
      ],
      "score": 763.0,
      "length": 4778.256577746667
    },
    {
      "route_index": 2,
      "nodes": [
        0,
        173,
        11,
        160,
        70,
        26,
        175,
        179,
        93,
        177,
        198,
        130,
        156,
        171,
        34,
        60,
        106,
        31,
        166,
        174,
        58,
        135,
        75,
        7,
        98,
        96,
        90,
        128,
        27,
        157,
        2,
        94,
        200
      ],
      "score": 642.0,
      "length": 4854.990261566795
    },
    {
      "route_index": 3,
      "nodes": [
        0,
        20,
        107,
        151,
        37,
        19,
        79,
        126,
        123,
        64,
        187,
        78,
        112,
        178,
        80,
        149,
        68,
        193,
        116,
        38,
        197,
        69,
        148,
        169,
        52,
        67,
        9,
        122,
        200
      ],
      "score": 800.0,
      "length": 4902.108010031273
    }
  ],
  "dataset": "vansteenwegen",
  "instance_name": "kroB200_gen3_m3.txt",
  "run_seed": 55
}