{
  "instance": {
    "num_nodes": 201,
    "team_size": 2,
    "max_route_distance": 7359.5,
    "start_depot": 0,
    "end_depot": 200
  },
  "objective": {
    "total_score": 2930.0
  },
  "performance": {
    "cpu_time_seconds": 2.0881532999919727,
    "iterations": 20,
    "iterations_to_convergence": 18,
    "last_improvement_iteration": 18,
    "stagnation_iterations": 2,
    "accepted_worse_moves": 0,
    "restarts_performed": 1,
    "num_lp_solves": null,
    "num_labels_generated": null
  },
  "routes": [
    {
      "route_index": 1,
      "nodes": [
        0,
        89,
        107,
        151,
        37,
        19,
        79,
        71,
        36,
        114,
        53,
        162,
        153,
        190,
        176,
        142,
        54,
        103,
        143,
        192,
        22,
        21,
        170,
        87,
        138,
        172,
        183,
        140,
        64,
        123,
        126,
        187,
        78,
        112,
        178,
        80,
        55,
        99,
        25,
        68,
        110,
        67,
        9,
        122,
        200
      ],
      "score": 1670.0,
      "length": 7297.852989112274
    },
    {
      "route_index": 2,
      "nodes": [
        0,
        20,
        165,
        137,
        85,
        48,
        133,
        180,
        29,
        74,
        100,
        149,
        61,
        193,
        131,
        4,
        196,
        66,
        39,
        116,
        189,
        188,
        38,
        197,
        69,
        148,
        169,
        52,
        72,
        84,
        121,
        92,
        10,
        2,
        157,
        27,
        128,
        90,
        96,
        75,
        98,
        7,
        28,
        135,
        58,
        174,
        166,
        31,
        97,
        11,
        70,
        160,
        173,
        200
      ],
      "score": 1260.0,
      "length": 7291.111481724242
    }
  ],
  "dataset": "vansteenwegen",
  "instance_name": "kroB200_gen3_m2.txt",
  "run_seed": 47008,
  "run_index": 1
}