{
  "instance": {
    "num_nodes": 137,
    "team_size": 2,
    "max_route_distance": 24193.0,
    "start_depot": 0,
    "end_depot": 136
  },
  "objective": {
    "total_score": 57.0
  },
  "performance": {
    "cpu_time_seconds": 0.554905999917537,
    "iterations": 20,
    "iterations_to_convergence": 11,
    "last_improvement_iteration": 11,
    "stagnation_iterations": 9,
    "accepted_worse_moves": 0,
    "restarts_performed": 1,
    "num_lp_solves": null,
    "num_labels_generated": null
  },
  "routes": [
    {
      "route_index": 1,
      "nodes": [
        0,
        5,
        4,
        17,
        29,
        38,
        63,
        51,
        84,
        97,
        72,
        73,
        74,
        75,
        60,
        61,
        52,
        50,
        40,
        41,
        31,
        19,
        15,
        1,
        7,
        6,
        136
      ],
      "score": 25.0,
      "length": 23705.8721446946
    },
    {
      "route_index": 2,
      "nodes": [
        0,
        16,
        18,
        28,
        30,
        37,
        39,
        62,
        64,
        71,
        83,
        85,
        96,
        98,
        95,
        94,
        108,
        109,
        128,
        134,
        120,
        116,
        104,
        99,
        86,
        82,
        70,
        65,
        53,
        49,
        36,
        26,
        27,
        136
      ],
      "score": 32.0,
      "length": 23905.35936452885
    }
  ],
  "dataset": "vansteenwegen",
  "instance_name": "pr136_gen1_m2.txt",
  "run_seed": 49007,
  "run_index": 0
}