{
  "instance": {
    "num_nodes": 137,
    "team_size": 2,
    "max_route_distance": 24193.0,
    "start_depot": 0,
    "end_depot": 136
  },
  "objective": {
    "total_score": 59.0
  },
  "performance": {
    "cpu_time_seconds": 0.580165799940005,
    "iterations": 20,
    "iterations_to_convergence": 5,
    "last_improvement_iteration": 5,
    "stagnation_iterations": 15,
    "accepted_worse_moves": 0,
    "restarts_performed": 1,
    "num_lp_solves": null,
    "num_labels_generated": null
  },
  "routes": [
    {
      "route_index": 1,
      "nodes": [
        0,
        27,
        26,
        36,
        41,
        40,
        50,
        52,
        61,
        60,
        49,
        53,
        65,
        70,
        82,
        86,
        75,
        74,
        95,
        98,
        85,
        83,
        73,
        71,
        64,
        62,
        63,
        38,
        39,
        37,
        30,
        28,
        18,
        16,
        5,
        136
      ],
      "score": 34.0,
      "length": 24090.07833249895
    },
    {
      "route_index": 2,
      "nodes": [
        0,
        1,
        14,
        25,
        8,
        9,
        2,
        10,
        13,
        20,
        24,
        32,
        35,
        44,
        47,
        54,
        66,
        58,
        43,
        42,
        48,
        31,
        19,
        15,
        7,
        6,
        136
      ],
      "score": 25.0,
      "length": 23955.25498683562
    }
  ],
  "dataset": "vansteenwegen",
  "instance_name": "pr136_gen1_m2.txt",
  "run_seed": 49008,
  "run_index": 1
}