{
  "instance": {
    "num_nodes": 137,
    "team_size": 2,
    "max_route_distance": 24193.0,
    "start_depot": 0,
    "end_depot": 136
  },
  "objective": {
    "total_score": 3512.0
  },
  "performance": {
    "cpu_time_seconds": 0.636918899952434,
    "iterations": 20,
    "iterations_to_convergence": 18,
    "last_improvement_iteration": 18,
    "stagnation_iterations": 2,
    "accepted_worse_moves": 1,
    "restarts_performed": 1,
    "num_lp_solves": null,
    "num_labels_generated": null
  },
  "routes": [
    {
      "route_index": 1,
      "nodes": [
        0,
        27,
        26,
        1,
        14,
        8,
        9,
        2,
        13,
        20,
        24,
        32,
        35,
        43,
        47,
        54,
        58,
        59,
        48,
        60,
        41,
        40,
        37,
        30,
        18,
        16,
        136
      ],
      "score": 1517.0,
      "length": 24040.54620713955
    },
    {
      "route_index": 2,
      "nodes": [
        0,
        6,
        7,
        15,
        19,
        31,
        36,
        49,
        53,
        65,
        70,
        82,
        86,
        99,
        94,
        75,
        74,
        83,
        85,
        98,
        96,
        97,
        72,
        73,
        71,
        64,
        52,
        50,
        62,
        63,
        38,
        39,
        28,
        29,
        4,
        5,
        136
      ],
      "score": 1995.0,
      "length": 24192.017394841638
    }
  ],
  "dataset": "vansteenwegen",
  "instance_name": "pr136_gen2_m2.txt",
  "run_seed": 50007,
  "run_index": 0
}