{
  "instance": {
    "num_nodes": 137,
    "team_size": 2,
    "max_route_distance": 24193.0,
    "start_depot": 0,
    "end_depot": 136
  },
  "objective": {
    "total_score": 3411.0
  },
  "performance": {
    "cpu_time_seconds": 0.4687144999998054,
    "iterations": 20,
    "iterations_to_convergence": 10,
    "last_improvement_iteration": 10,
    "stagnation_iterations": 10,
    "accepted_worse_moves": 3,
    "restarts_performed": 1,
    "num_lp_solves": null,
    "num_labels_generated": null
  },
  "routes": [
    {
      "route_index": 1,
      "nodes": [
        0,
        6,
        7,
        1,
        15,
        19,
        31,
        41,
        40,
        61,
        60,
        74,
        75,
        94,
        95,
        96,
        97,
        84,
        72,
        73,
        63,
        62,
        39,
        38,
        28,
        29,
        4,
        5,
        136
      ],
      "score": 1474.0,
      "length": 24180.441830755597
    },
    {
      "route_index": 2,
      "nodes": [
        0,
        16,
        18,
        30,
        37,
        50,
        52,
        64,
        71,
        83,
        85,
        98,
        105,
        107,
        106,
        131,
        130,
        135,
        119,
        117,
        108,
        109,
        128,
        120,
        116,
        104,
        99,
        86,
        82,
        70,
        65,
        53,
        49,
        36,
        26,
        27,
        136
      ],
      "score": 1937.0,
      "length": 24091.597625900744
    }
  ],
  "dataset": "vansteenwegen",
  "instance_name": "pr136_gen2_m2.txt",
  "run_seed": 57
}