{
  "instance": {
    "num_nodes": 137,
    "team_size": 2,
    "max_route_distance": 24193.0,
    "start_depot": 0,
    "end_depot": 136
  },
  "objective": {
    "total_score": 58.0
  },
  "performance": {
    "cpu_time_seconds": 0.454265000000305,
    "iterations": 20,
    "iterations_to_convergence": 5,
    "last_improvement_iteration": 5,
    "stagnation_iterations": 15,
    "accepted_worse_moves": 2,
    "restarts_performed": 1,
    "num_lp_solves": null,
    "num_labels_generated": null
  },
  "routes": [
    {
      "route_index": 1,
      "nodes": [
        0,
        5,
        28,
        30,
        37,
        50,
        52,
        39,
        38,
        63,
        62,
        64,
        71,
        73,
        83,
        85,
        96,
        98,
        95,
        74,
        75,
        86,
        82,
        70,
        60,
        61,
        40,
        41,
        31,
        19,
        15,
        7,
        6,
        18,
        16,
        136
      ],
      "score": 34.0,
      "length": 24132.06526252528
    },
    {
      "route_index": 2,
      "nodes": [
        0,
        27,
        26,
        36,
        49,
        53,
        65,
        48,
        42,
        43,
        54,
        47,
        35,
        32,
        20,
        13,
        23,
        22,
        11,
        10,
        2,
        9,
        8,
        14,
        1,
        136
      ],
      "score": 24.0,
      "length": 24112.845486658996
    }
  ],
  "dataset": "vansteenwegen",
  "instance_name": "pr136_gen1_m2.txt",
  "run_seed": 56
}