{
  "instance": {
    "num_nodes": 137,
    "team_size": 2,
    "max_route_distance": 24193.0,
    "start_depot": 0,
    "end_depot": 136
  },
  "objective": {
    "total_score": 3335.0
  },
  "performance": {
    "cpu_time_seconds": 0.6132447000127286,
    "iterations": 20,
    "iterations_to_convergence": 15,
    "last_improvement_iteration": 15,
    "stagnation_iterations": 5,
    "accepted_worse_moves": 2,
    "restarts_performed": 1,
    "num_lp_solves": null,
    "num_labels_generated": null
  },
  "routes": [
    {
      "route_index": 1,
      "nodes": [
        0,
        16,
        18,
        30,
        39,
        38,
        63,
        72,
        97,
        106,
        131,
        130,
        135,
        119,
        117,
        105,
        98,
        96,
        85,
        83,
        74,
        75,
        65,
        53,
        49,
        36,
        31,
        19,
        15,
        1,
        7,
        6,
        136
      ],
      "score": 1834.0,
      "length": 23771.299661221165
    },
    {
      "route_index": 2,
      "nodes": [
        0,
        5,
        4,
        29,
        28,
        37,
        50,
        52,
        62,
        64,
        71,
        95,
        94,
        108,
        109,
        128,
        134,
        120,
        116,
        104,
        99,
        86,
        82,
        70,
        60,
        41,
        40,
        26,
        27,
        136
      ],
      "score": 1501.0,
      "length": 24164.946977351014
    }
  ],
  "dataset": "vansteenwegen",
  "instance_name": "pr136_gen2_m2.txt",
  "run_seed": 50008,
  "run_index": 1
}