{
  "instance": {
    "num_nodes": 265,
    "team_size": 2,
    "max_route_distance": 12284.0,
    "start_depot": 0,
    "end_depot": 264
  },
  "objective": {
    "total_score": 6516.0
  },
  "performance": {
    "cpu_time_seconds": 6.360311700031161,
    "iterations": 20,
    "iterations_to_convergence": 12,
    "last_improvement_iteration": 12,
    "stagnation_iterations": 8,
    "accepted_worse_moves": 1,
    "restarts_performed": 1,
    "num_lp_solves": null,
    "num_labels_generated": null
  },
  "routes": [
    {
      "route_index": 1,
      "nodes": [
        0,
        38,
        34,
        33,
        32,
        31,
        30,
        65,
        66,
        67,
        103,
        102,
        71,
        72,
        18,
        19,
        20,
        16,
        15,
        14,
        13,
        9,
        10,
        7,
        8,
        4,
        3,
        2,
        1,
        5,
        81,
        83,
        82,
        85,
        84,
        86,
        87,
        88,
        89,
        90,
        79,
        80,
        6,
        11,
        77,
        78,
        91,
        92,
        93,
        94,
        95,
        96,
        75,
        76,
        12,
        17,
        73,
        74,
        97,
        98,
        99,
        100,
        101,
        104,
        105,
        107,
        106,
        111,
        113,
        114,
        115,
        118,
        119,
        120,
        59,
        60,
        39,
        264
      ],
      "score": 3887.0,
      "length": 12193.602186216744
    },
    {
      "route_index": 2,
      "nodes": [
        0,
        40,
        41,
        42,
        43,
        44,
        45,
        48,
        47,
        46,
        51,
        50,
        49,
        55,
        52,
        53,
        54,
        126,
        125,
        127,
        124,
        123,
        122,
        121,
        57,
        56,
        58,
        128,
        117,
        116,
        112,
        110,
        109,
        108,
        70,
        69,
        23,
        22,
        21,
        26,
        25,
        24,
        68,
        29,
        28,
        27,
        64,
        63,
        62,
        61,
        35,
        36,
        37,
        264
      ],
      "score": 2629.0,
      "length": 12090.614278591234
    }
  ],
  "dataset": "vansteenwegen",
  "instance_name": "pr264_gen2_m2.txt",
  "run_seed": 52007,
  "run_index": 0
}