{
  "instance": {
    "num_nodes": 265,
    "team_size": 3,
    "max_route_distance": 8189.33,
    "start_depot": 0,
    "end_depot": 264
  },
  "objective": {
    "total_score": 2399.0
  },
  "performance": {
    "cpu_time_seconds": 4.395527599961497,
    "iterations": 20,
    "iterations_to_convergence": 2,
    "last_improvement_iteration": 2,
    "stagnation_iterations": 18,
    "accepted_worse_moves": 1,
    "restarts_performed": 1,
    "num_lp_solves": null,
    "num_labels_generated": null
  },
  "routes": [
    {
      "route_index": 1,
      "nodes": [
        0,
        38,
        37,
        35,
        30,
        66,
        65,
        29,
        28,
        27,
        25,
        22,
        23,
        69,
        72,
        74,
        97,
        98,
        95,
        94,
        99,
        100,
        101,
        102,
        71,
        70,
        103,
        104,
        105,
        107,
        106,
        111,
        110,
        112,
        113,
        114,
        116,
        117,
        118,
        119,
        120,
        59,
        39,
        264
      ],
      "score": 726.0,
      "length": 7488.907553130547
    },
    {
      "route_index": 2,
      "nodes": [
        0,
        40,
        41,
        42,
        43,
        44,
        45,
        48,
        47,
        46,
        51,
        50,
        49,
        55,
        52,
        53,
        54,
        126,
        125,
        124,
        123,
        122,
        121,
        57,
        56,
        58,
        60,
        115,
        62,
        64,
        31,
        34,
        264
      ],
      "score": 621.0,
      "length": 7977.741522766611
    },
    {
      "route_index": 3,
      "nodes": [
        0,
        33,
        32,
        26,
        21,
        20,
        19,
        16,
        15,
        14,
        13,
        10,
        9,
        8,
        7,
        6,
        80,
        79,
        90,
        89,
        88,
        93,
        92,
        91,
        78,
        77,
        11,
        12,
        76,
        75,
        96,
        73,
        17,
        18,
        24,
        68,
        67,
        108,
        109,
        63,
        61,
        36,
        264
      ],
      "score": 1052.0,
      "length": 8171.445364000025
    }
  ],
  "dataset": "vansteenwegen",
  "instance_name": "pr264_gen3_m3.txt",
  "run_seed": 55008,
  "run_index": 1
}