{
  "instance": {
    "num_nodes": 265,
    "team_size": 4,
    "max_route_distance": 6142.0,
    "start_depot": 0,
    "end_depot": 264
  },
  "objective": {
    "total_score": 4694.0
  },
  "performance": {
    "cpu_time_seconds": 1.9854990999992879,
    "iterations": 20,
    "iterations_to_convergence": 20,
    "last_improvement_iteration": 20,
    "stagnation_iterations": 0,
    "accepted_worse_moves": 0,
    "restarts_performed": 1,
    "num_lp_solves": null,
    "num_labels_generated": null
  },
  "routes": [
    {
      "route_index": 1,
      "nodes": [
        0,
        40,
        39,
        59,
        120,
        119,
        118,
        115,
        113,
        109,
        110,
        111,
        106,
        107,
        108,
        67,
        104,
        103,
        70,
        69,
        24,
        25,
        27,
        32,
        31,
        30,
        64,
        63,
        62,
        61,
        35,
        36,
        37,
        38,
        264
      ],
      "score": 1727.0,
      "length": 6040.613946393249
    },
    {
      "route_index": 2,
      "nodes": [
        0,
        34,
        26,
        23,
        68,
        65,
        66,
        114,
        116,
        60,
        41,
        42,
        43,
        264
      ],
      "score": 698.0,
      "length": 6116.386138468236
    },
    {
      "route_index": 3,
      "nodes": [
        0,
        58,
        56,
        57,
        121,
        122,
        123,
        124,
        125,
        126,
        54,
        53,
        52,
        55,
        49,
        50,
        51,
        46,
        47,
        48,
        45,
        44,
        264
      ],
      "score": 1061.0,
      "length": 6038.197642597422
    },
    {
      "route_index": 4,
      "nodes": [
        0,
        33,
        28,
        22,
        18,
        72,
        71,
        102,
        101,
        100,
        99,
        98,
        97,
        74,
        96,
        75,
        76,
        73,
        17,
        16,
        15,
        19,
        20,
        21,
        264
      ],
      "score": 1208.0,
      "length": 6084.741520094036
    }
  ],
  "dataset": "vansteenwegen",
  "instance_name": "pr264_gen2_m4.txt",
  "run_seed": 61
}