{
  "instance": {
    "num_nodes": 265,
    "team_size": 4,
    "max_route_distance": 6142.0,
    "start_depot": 0,
    "end_depot": 264
  },
  "objective": {
    "total_score": 5128.0
  },
  "performance": {
    "cpu_time_seconds": 3.527033800026402,
    "iterations": 20,
    "iterations_to_convergence": 20,
    "last_improvement_iteration": 20,
    "stagnation_iterations": 0,
    "accepted_worse_moves": 2,
    "restarts_performed": 1,
    "num_lp_solves": null,
    "num_labels_generated": null
  },
  "routes": [
    {
      "route_index": 1,
      "nodes": [
        0,
        38,
        34,
        35,
        30,
        31,
        28,
        26,
        25,
        24,
        23,
        22,
        21,
        20,
        19,
        69,
        70,
        103,
        104,
        108,
        111,
        110,
        109,
        66,
        65,
        63,
        114,
        113,
        115,
        118,
        119,
        120,
        59,
        60,
        264
      ],
      "score": 1947.0,
      "length": 6138.365212062947
    },
    {
      "route_index": 2,
      "nodes": [
        0,
        39,
        36,
        62,
        116,
        117,
        112,
        106,
        105,
        100,
        101,
        102,
        98,
        97,
        75,
        76,
        12,
        13,
        14,
        16,
        72,
        67,
        64,
        61,
        37,
        264
      ],
      "score": 1178.0,
      "length": 6086.0209019673475
    },
    {
      "route_index": 3,
      "nodes": [
        0,
        40,
        41,
        58,
        57,
        121,
        122,
        123,
        124,
        125,
        126,
        54,
        53,
        52,
        55,
        49,
        50,
        51,
        46,
        47,
        48,
        56,
        45,
        44,
        43,
        42,
        264
      ],
      "score": 1327.0,
      "length": 6081.302882233266
    },
    {
      "route_index": 4,
      "nodes": [
        0,
        33,
        32,
        27,
        18,
        17,
        11,
        6,
        80,
        79,
        77,
        78,
        96,
        74,
        71,
        68,
        29,
        264
      ],
      "score": 676.0,
      "length": 6073.4127776830655
    }
  ],
  "dataset": "vansteenwegen",
  "instance_name": "pr264_gen2_m4.txt",
  "run_seed": 54008,
  "run_index": 1
}