{
  "instance": {
    "num_nodes": 265,
    "team_size": 4,
    "max_route_distance": 6142.0,
    "start_depot": 0,
    "end_depot": 264
  },
  "objective": {
    "total_score": 99.0
  },
  "performance": {
    "cpu_time_seconds": 3.658229000051506,
    "iterations": 20,
    "iterations_to_convergence": 12,
    "last_improvement_iteration": 12,
    "stagnation_iterations": 8,
    "accepted_worse_moves": 1,
    "restarts_performed": 1,
    "num_lp_solves": null,
    "num_labels_generated": null
  },
  "routes": [
    {
      "route_index": 1,
      "nodes": [
        0,
        36,
        62,
        115,
        116,
        113,
        114,
        63,
        64,
        29,
        24,
        68,
        69,
        70,
        103,
        102,
        71,
        72,
        74,
        73,
        17,
        16,
        19,
        18,
        23,
        22,
        25,
        28,
        31,
        33,
        264
      ],
      "score": 29.0,
      "length": 5949.157779071805
    },
    {
      "route_index": 2,
      "nodes": [
        0,
        37,
        34,
        30,
        65,
        66,
        67,
        108,
        110,
        111,
        112,
        117,
        128,
        118,
        119,
        120,
        59,
        60,
        39,
        264
      ],
      "score": 18.0,
      "length": 4696.600212154594
    },
    {
      "route_index": 3,
      "nodes": [
        0,
        32,
        27,
        26,
        21,
        20,
        15,
        14,
        13,
        12,
        76,
        75,
        96,
        95,
        94,
        99,
        98,
        97,
        101,
        100,
        105,
        104,
        106,
        107,
        109,
        61,
        35,
        38,
        264
      ],
      "score": 27.0,
      "length": 6077.587478890197
    },
    {
      "route_index": 4,
      "nodes": [
        0,
        42,
        43,
        44,
        45,
        48,
        47,
        46,
        51,
        50,
        49,
        55,
        52,
        53,
        54,
        126,
        125,
        124,
        123,
        122,
        121,
        57,
        56,
        58,
        41,
        40,
        264
      ],
      "score": 25.0,
      "length": 6051.813044357188
    }
  ],
  "dataset": "vansteenwegen",
  "instance_name": "pr264_gen1_m4.txt",
  "run_seed": 51007,
  "run_index": 0
}