{
  "instance": {
    "num_nodes": 265,
    "team_size": 3,
    "max_route_distance": 8189.33,
    "start_depot": 0,
    "end_depot": 264
  },
  "objective": {
    "total_score": 2430.0
  },
  "performance": {
    "cpu_time_seconds": 4.282352799898945,
    "iterations": 20,
    "iterations_to_convergence": 4,
    "last_improvement_iteration": 4,
    "stagnation_iterations": 16,
    "accepted_worse_moves": 1,
    "restarts_performed": 1,
    "num_lp_solves": null,
    "num_labels_generated": null
  },
  "routes": [
    {
      "route_index": 1,
      "nodes": [
        0,
        37,
        34,
        35,
        61,
        64,
        30,
        31,
        32,
        27,
        28,
        29,
        65,
        66,
        109,
        108,
        67,
        68,
        24,
        69,
        70,
        72,
        71,
        102,
        101,
        98,
        96,
        95,
        99,
        100,
        105,
        104,
        103,
        107,
        106,
        111,
        110,
        112,
        113,
        114,
        63,
        62,
        115,
        116,
        117,
        118,
        119,
        120,
        59,
        264
      ],
      "score": 776.0,
      "length": 8163.154008331379
    },
    {
      "route_index": 2,
      "nodes": [
        0,
        39,
        36,
        60,
        58,
        56,
        57,
        121,
        122,
        123,
        124,
        127,
        125,
        126,
        54,
        55,
        53,
        52,
        49,
        50,
        51,
        46,
        47,
        48,
        45,
        44,
        43,
        42,
        41,
        40,
        264
      ],
      "score": 609.0,
      "length": 7328.732890951259
    },
    {
      "route_index": 3,
      "nodes": [
        0,
        38,
        33,
        25,
        23,
        18,
        19,
        17,
        73,
        74,
        97,
        94,
        92,
        93,
        88,
        89,
        90,
        79,
        80,
        6,
        7,
        8,
        9,
        10,
        11,
        77,
        78,
        91,
        75,
        76,
        12,
        13,
        14,
        15,
        16,
        20,
        21,
        22,
        26,
        264
      ],
      "score": 1045.0,
      "length": 8107.384336819562
    }
  ],
  "dataset": "vansteenwegen",
  "instance_name": "pr264_gen3_m3.txt",
  "run_seed": 55007,
  "run_index": 0
}