{
  "instance": {
    "num_nodes": 265,
    "team_size": 3,
    "max_route_distance": 8189.33,
    "start_depot": 0,
    "end_depot": 264
  },
  "objective": {
    "total_score": 6293.0
  },
  "performance": {
    "cpu_time_seconds": 4.370450699934736,
    "iterations": 20,
    "iterations_to_convergence": 20,
    "last_improvement_iteration": 20,
    "stagnation_iterations": 0,
    "accepted_worse_moves": 0,
    "restarts_performed": 1,
    "num_lp_solves": null,
    "num_labels_generated": null
  },
  "routes": [
    {
      "route_index": 1,
      "nodes": [
        0,
        38,
        35,
        61,
        62,
        63,
        114,
        113,
        115,
        119,
        118,
        58,
        56,
        57,
        121,
        122,
        123,
        124,
        125,
        126,
        53,
        52,
        54,
        55,
        49,
        50,
        51,
        47,
        48,
        45,
        44,
        43,
        42,
        41,
        40,
        264
      ],
      "score": 1934.0,
      "length": 8181.789520451069
    },
    {
      "route_index": 2,
      "nodes": [
        0,
        37,
        30,
        64,
        65,
        67,
        68,
        23,
        69,
        70,
        71,
        72,
        18,
        19,
        16,
        12,
        76,
        75,
        96,
        91,
        92,
        93,
        94,
        99,
        98,
        97,
        74,
        102,
        101,
        105,
        104,
        103,
        108,
        107,
        106,
        111,
        110,
        109,
        66,
        116,
        120,
        59,
        60,
        36,
        39,
        264
      ],
      "score": 2328.0,
      "length": 8189.032378465978
    },
    {
      "route_index": 3,
      "nodes": [
        0,
        34,
        31,
        28,
        25,
        24,
        22,
        17,
        13,
        11,
        77,
        6,
        80,
        79,
        90,
        89,
        87,
        86,
        84,
        85,
        82,
        81,
        5,
        4,
        1,
        2,
        3,
        8,
        9,
        14,
        15,
        20,
        21,
        26,
        27,
        32,
        33,
        264
      ],
      "score": 2031.0,
      "length": 8162.758395990086
    }
  ],
  "dataset": "vansteenwegen",
  "instance_name": "pr264_gen2_m3.txt",
  "run_seed": 53008,
  "run_index": 1
}