{
  "instance": {
    "num_nodes": 265,
    "team_size": 2,
    "max_route_distance": 12284.0,
    "start_depot": 0,
    "end_depot": 264
  },
  "objective": {
    "total_score": 6516.0
  },
  "performance": {
    "cpu_time_seconds": 3.309544300000198,
    "iterations": 20,
    "iterations_to_convergence": 11,
    "last_improvement_iteration": 11,
    "stagnation_iterations": 9,
    "accepted_worse_moves": 2,
    "restarts_performed": 1,
    "num_lp_solves": null,
    "num_labels_generated": null
  },
  "routes": [
    {
      "route_index": 1,
      "nodes": [
        0,
        37,
        34,
        35,
        30,
        64,
        65,
        29,
        24,
        22,
        20,
        19,
        18,
        72,
        73,
        17,
        16,
        15,
        14,
        13,
        12,
        76,
        77,
        11,
        10,
        9,
        8,
        7,
        6,
        80,
        79,
        4,
        3,
        2,
        1,
        5,
        81,
        82,
        83,
        84,
        87,
        86,
        85,
        90,
        89,
        88,
        93,
        92,
        91,
        78,
        75,
        96,
        95,
        94,
        99,
        98,
        97,
        74,
        71,
        102,
        101,
        100,
        105,
        104,
        103,
        70,
        68,
        66,
        109,
        114,
        63,
        62,
        61,
        59,
        60,
        36,
        39,
        264
      ],
      "score": 3857.0,
      "length": 12241.79469849278
    },
    {
      "route_index": 2,
      "nodes": [
        0,
        38,
        33,
        32,
        31,
        28,
        27,
        26,
        25,
        21,
        23,
        69,
        67,
        108,
        107,
        106,
        111,
        110,
        113,
        112,
        117,
        116,
        115,
        120,
        119,
        118,
        128,
        58,
        56,
        57,
        121,
        122,
        123,
        124,
        127,
        125,
        126,
        54,
        53,
        52,
        55,
        49,
        50,
        51,
        46,
        47,
        48,
        45,
        44,
        43,
        42,
        41,
        40,
        264
      ],
      "score": 2659.0,
      "length": 12130.310079510848
    }
  ],
  "dataset": "vansteenwegen",
  "instance_name": "pr264_gen2_m2.txt",
  "run_seed": 59
}