{
  "instance": {
    "num_nodes": 265,
    "team_size": 3,
    "max_route_distance": 8189.33,
    "start_depot": 0,
    "end_depot": 264
  },
  "objective": {
    "total_score": 5147.0
  },
  "performance": {
    "cpu_time_seconds": 2.24691410000014,
    "iterations": 20,
    "iterations_to_convergence": 20,
    "last_improvement_iteration": 20,
    "stagnation_iterations": 0,
    "accepted_worse_moves": 0,
    "restarts_performed": 1,
    "num_lp_solves": null,
    "num_labels_generated": null
  },
  "routes": [
    {
      "route_index": 1,
      "nodes": [
        0,
        39,
        36,
        60,
        59,
        115,
        62,
        61,
        63,
        114,
        113,
        110,
        109,
        66,
        67,
        108,
        70,
        71,
        72,
        73,
        76,
        78,
        80,
        85,
        82,
        81,
        5,
        4,
        6,
        13,
        17,
        19,
        20,
        22,
        25,
        28,
        30,
        264
      ],
      "score": 1839.0,
      "length": 8177.206368084773
    },
    {
      "route_index": 2,
      "nodes": [
        0,
        38,
        34,
        31,
        29,
        65,
        24,
        69,
        23,
        18,
        15,
        14,
        9,
        10,
        11,
        77,
        79,
        90,
        89,
        86,
        87,
        88,
        93,
        92,
        91,
        96,
        95,
        94,
        99,
        98,
        100,
        101,
        103,
        106,
        64,
        35,
        37,
        264
      ],
      "score": 1830.0,
      "length": 8113.771593483425
    },
    {
      "route_index": 3,
      "nodes": [
        0,
        40,
        41,
        42,
        43,
        58,
        120,
        119,
        118,
        116,
        117,
        112,
        111,
        107,
        105,
        104,
        102,
        97,
        74,
        75,
        12,
        16,
        21,
        26,
        27,
        32,
        33,
        264
      ],
      "score": 1478.0,
      "length": 8139.778678599809
    }
  ],
  "dataset": "vansteenwegen",
  "instance_name": "pr264_gen2_m3.txt",
  "run_seed": 60
}