{
  "instance": {
    "num_nodes": 265,
    "team_size": 3,
    "max_route_distance": 8189.33,
    "start_depot": 0,
    "end_depot": 264
  },
  "objective": {
    "total_score": 5963.0
  },
  "performance": {
    "cpu_time_seconds": 4.010175199946389,
    "iterations": 20,
    "iterations_to_convergence": 16,
    "last_improvement_iteration": 16,
    "stagnation_iterations": 4,
    "accepted_worse_moves": 0,
    "restarts_performed": 1,
    "num_lp_solves": null,
    "num_labels_generated": null
  },
  "routes": [
    {
      "route_index": 1,
      "nodes": [
        0,
        37,
        34,
        31,
        30,
        29,
        28,
        25,
        24,
        68,
        67,
        22,
        23,
        69,
        71,
        73,
        17,
        16,
        13,
        12,
        76,
        96,
        95,
        94,
        99,
        98,
        97,
        102,
        101,
        100,
        105,
        104,
        108,
        110,
        109,
        66,
        65,
        64,
        63,
        114,
        116,
        117,
        118,
        119,
        120,
        59,
        60,
        36,
        39,
        264
      ],
      "score": 2319.0,
      "length": 8148.6502490883395
    },
    {
      "route_index": 2,
      "nodes": [
        0,
        38,
        35,
        61,
        62,
        115,
        113,
        111,
        106,
        103,
        70,
        72,
        18,
        74,
        75,
        91,
        92,
        89,
        87,
        86,
        85,
        82,
        81,
        79,
        80,
        6,
        77,
        11,
        10,
        9,
        14,
        15,
        19,
        20,
        21,
        26,
        27,
        32,
        33,
        264
      ],
      "score": 2295.0,
      "length": 8158.128625019984
    },
    {
      "route_index": 3,
      "nodes": [
        0,
        40,
        41,
        58,
        56,
        57,
        121,
        122,
        123,
        124,
        127,
        125,
        126,
        54,
        53,
        52,
        55,
        49,
        50,
        51,
        46,
        47,
        48,
        45,
        44,
        43,
        42,
        264
      ],
      "score": 1349.0,
      "length": 6498.311614779092
    }
  ],
  "dataset": "vansteenwegen",
  "instance_name": "pr264_gen2_m3.txt",
  "run_seed": 53007,
  "run_index": 0
}