{
  "instance": {
    "num_nodes": 265,
    "team_size": 4,
    "max_route_distance": 6142.0,
    "start_depot": 0,
    "end_depot": 264
  },
  "objective": {
    "total_score": 99.0
  },
  "performance": {
    "cpu_time_seconds": 2.450286700000106,
    "iterations": 20,
    "iterations_to_convergence": 12,
    "last_improvement_iteration": 12,
    "stagnation_iterations": 8,
    "accepted_worse_moves": 0,
    "restarts_performed": 1,
    "num_lp_solves": null,
    "num_labels_generated": null
  },
  "routes": [
    {
      "route_index": 1,
      "nodes": [
        0,
        35,
        29,
        24,
        68,
        104,
        100,
        105,
        107,
        110,
        109,
        114,
        63,
        62,
        117,
        128,
        118,
        119,
        120,
        59,
        60,
        39,
        264
      ],
      "score": 21.0,
      "length": 6107.522748820082
    },
    {
      "route_index": 2,
      "nodes": [
        0,
        40,
        41,
        58,
        56,
        57,
        121,
        122,
        123,
        124,
        125,
        126,
        54,
        53,
        52,
        55,
        49,
        50,
        51,
        46,
        47,
        48,
        45,
        44,
        43,
        42,
        264
      ],
      "score": 25.0,
      "length": 6051.813044357188
    },
    {
      "route_index": 3,
      "nodes": [
        0,
        36,
        115,
        116,
        113,
        112,
        111,
        106,
        103,
        70,
        102,
        101,
        98,
        99,
        94,
        95,
        73,
        72,
        18,
        20,
        21,
        26,
        27,
        32,
        33,
        264
      ],
      "score": 24.0,
      "length": 6001.521443296456
    },
    {
      "route_index": 4,
      "nodes": [
        0,
        37,
        61,
        64,
        65,
        66,
        108,
        67,
        69,
        71,
        74,
        97,
        96,
        75,
        76,
        12,
        13,
        14,
        15,
        16,
        17,
        19,
        22,
        23,
        25,
        28,
        30,
        31,
        34,
        38,
        264
      ],
      "score": 29.0,
      "length": 6065.690446693783
    }
  ],
  "dataset": "vansteenwegen",
  "instance_name": "pr264_gen1_m4.txt",
  "run_seed": 58
}