{
  "instance": {
    "num_nodes": 265,
    "team_size": 3,
    "max_route_distance": 8189.33,
    "start_depot": 0,
    "end_depot": 264
  },
  "objective": {
    "total_score": 2430.0
  },
  "performance": {
    "cpu_time_seconds": 3.280269599999883,
    "iterations": 20,
    "iterations_to_convergence": 1,
    "last_improvement_iteration": 1,
    "stagnation_iterations": 19,
    "accepted_worse_moves": 4,
    "restarts_performed": 1,
    "num_lp_solves": null,
    "num_labels_generated": null
  },
  "routes": [
    {
      "route_index": 1,
      "nodes": [
        0,
        37,
        36,
        60,
        59,
        120,
        119,
        61,
        62,
        115,
        116,
        117,
        112,
        113,
        114,
        63,
        64,
        66,
        109,
        110,
        111,
        106,
        107,
        108,
        104,
        105,
        100,
        101,
        102,
        99,
        98,
        97,
        74,
        72,
        71,
        103,
        70,
        69,
        23,
        22,
        24,
        68,
        67,
        65,
        29,
        28,
        31,
        30,
        35,
        34,
        38,
        264
      ],
      "score": 793.0,
      "length": 8089.954515405712
    },
    {
      "route_index": 2,
      "nodes": [
        0,
        33,
        32,
        25,
        18,
        73,
        17,
        12,
        76,
        75,
        96,
        95,
        94,
        77,
        78,
        91,
        92,
        93,
        88,
        89,
        90,
        79,
        80,
        6,
        7,
        8,
        9,
        10,
        11,
        13,
        14,
        15,
        16,
        19,
        20,
        21,
        26,
        27,
        264
      ],
      "score": 1030.0,
      "length": 8065.071789500781
    },
    {
      "route_index": 3,
      "nodes": [
        0,
        39,
        118,
        58,
        123,
        122,
        121,
        57,
        55,
        54,
        126,
        125,
        124,
        127,
        53,
        52,
        49,
        50,
        51,
        46,
        47,
        48,
        56,
        45,
        44,
        43,
        42,
        41,
        40,
        264
      ],
      "score": 607.0,
      "length": 7756.49542854034
    }
  ],
  "dataset": "vansteenwegen",
  "instance_name": "pr264_gen3_m3.txt",
  "run_seed": 62
}