{
  "instance": {
    "num_nodes": 265,
    "team_size": 2,
    "max_route_distance": 12284.0,
    "start_depot": 0,
    "end_depot": 264
  },
  "objective": {
    "total_score": 6453.0
  },
  "performance": {
    "cpu_time_seconds": 5.5884830000577495,
    "iterations": 20,
    "iterations_to_convergence": 16,
    "last_improvement_iteration": 16,
    "stagnation_iterations": 4,
    "accepted_worse_moves": 1,
    "restarts_performed": 1,
    "num_lp_solves": null,
    "num_labels_generated": null
  },
  "routes": [
    {
      "route_index": 1,
      "nodes": [
        0,
        37,
        33,
        32,
        31,
        30,
        28,
        27,
        26,
        25,
        22,
        21,
        20,
        19,
        18,
        74,
        73,
        16,
        15,
        14,
        13,
        10,
        9,
        8,
        7,
        3,
        2,
        1,
        4,
        5,
        81,
        82,
        83,
        84,
        85,
        86,
        87,
        88,
        89,
        90,
        79,
        80,
        6,
        11,
        77,
        78,
        91,
        92,
        93,
        95,
        94,
        99,
        98,
        101,
        100,
        105,
        104,
        107,
        108,
        67,
        68,
        66,
        109,
        110,
        113,
        114,
        63,
        62,
        115,
        120,
        59,
        60,
        36,
        39,
        40,
        264
      ],
      "score": 3727.0,
      "length": 12210.017808223345
    },
    {
      "route_index": 2,
      "nodes": [
        0,
        41,
        42,
        43,
        44,
        45,
        48,
        47,
        46,
        51,
        50,
        49,
        55,
        52,
        53,
        54,
        126,
        125,
        127,
        124,
        123,
        122,
        121,
        57,
        56,
        58,
        119,
        118,
        116,
        117,
        112,
        111,
        106,
        103,
        70,
        71,
        102,
        97,
        96,
        75,
        76,
        12,
        17,
        72,
        69,
        23,
        24,
        29,
        65,
        64,
        61,
        35,
        34,
        38,
        264
      ],
      "score": 2726.0,
      "length": 12241.054073098212
    }
  ],
  "dataset": "vansteenwegen",
  "instance_name": "pr264_gen2_m2.txt",
  "run_seed": 52008,
  "run_index": 1
}