{
  "instance": {
    "num_nodes": 265,
    "team_size": 4,
    "max_route_distance": 6142.0,
    "start_depot": 0,
    "end_depot": 264
  },
  "objective": {
    "total_score": 5321.0
  },
  "performance": {
    "cpu_time_seconds": 3.636090499931015,
    "iterations": 20,
    "iterations_to_convergence": 16,
    "last_improvement_iteration": 16,
    "stagnation_iterations": 4,
    "accepted_worse_moves": 0,
    "restarts_performed": 1,
    "num_lp_solves": null,
    "num_labels_generated": null
  },
  "routes": [
    {
      "route_index": 1,
      "nodes": [
        0,
        36,
        61,
        64,
        66,
        67,
        69,
        70,
        71,
        74,
        77,
        11,
        10,
        9,
        14,
        13,
        16,
        20,
        19,
        22,
        26,
        28,
        30,
        34,
        38,
        264
      ],
      "score": 1305.0,
      "length": 6111.2017437058685
    },
    {
      "route_index": 2,
      "nodes": [
        0,
        40,
        41,
        58,
        48,
        56,
        57,
        121,
        122,
        123,
        124,
        125,
        126,
        54,
        53,
        52,
        55,
        49,
        50,
        51,
        46,
        47,
        45,
        44,
        43,
        42,
        264
      ],
      "score": 1327.0,
      "length": 6072.717252098692
    },
    {
      "route_index": 3,
      "nodes": [
        0,
        39,
        60,
        59,
        120,
        119,
        118,
        117,
        116,
        115,
        114,
        113,
        112,
        110,
        111,
        106,
        105,
        100,
        98,
        97,
        102,
        72,
        21,
        24,
        65,
        29,
        31,
        35,
        264
      ],
      "score": 1433.0,
      "length": 6112.091610605135
    },
    {
      "route_index": 4,
      "nodes": [
        0,
        33,
        32,
        27,
        25,
        23,
        18,
        17,
        76,
        75,
        96,
        78,
        91,
        92,
        93,
        94,
        99,
        101,
        104,
        103,
        108,
        109,
        63,
        62,
        37,
        264
      ],
      "score": 1256.0,
      "length": 6105.220108855459
    }
  ],
  "dataset": "vansteenwegen",
  "instance_name": "pr264_gen2_m4.txt",
  "run_seed": 54007,
  "run_index": 0
}