{
  "instance": {
    "num_nodes": 300,
    "team_size": 3,
    "max_route_distance": 8032.0,
    "start_depot": 0,
    "end_depot": 299
  },
  "objective": {
    "total_score": 105.0
  },
  "performance": {
    "cpu_time_seconds": 4.308402199996635,
    "iterations": 20,
    "iterations_to_convergence": 14,
    "last_improvement_iteration": 14,
    "stagnation_iterations": 6,
    "accepted_worse_moves": 0,
    "restarts_performed": 1,
    "num_lp_solves": null,
    "num_labels_generated": null
  },
  "routes": [
    {
      "route_index": 1,
      "nodes": [
        0,
        148,
        149,
        150,
        147,
        144,
        145,
        143,
        142,
        141,
        140,
        160,
        139,
        138,
        96,
        95,
        93,
        86,
        82,
        83,
        80,
        21,
        19,
        18,
        15,
        84,
        85,
        89,
        87,
        13,
        10,
        9,
        8,
        7,
        4,
        5,
        1,
        2,
        3,
        299
      ],
      "score": 38.0,
      "length": 8011.959441276823
    },
    {
      "route_index": 2,
      "nodes": [
        0,
        146,
        151,
        152,
        153,
        154,
        155,
        213,
        214,
        292,
        291,
        289,
        290,
        288,
        287,
        286,
        216,
        215,
        217,
        212,
        211,
        221,
        208,
        219,
        223,
        222,
        203,
        206,
        207,
        209,
        210,
        159,
        158,
        157,
        156,
        92,
        299
      ],
      "score": 35.0,
      "length": 8016.279391820111
    },
    {
      "route_index": 3,
      "nodes": [
        0,
        6,
        11,
        12,
        14,
        16,
        17,
        20,
        22,
        23,
        24,
        25,
        26,
        27,
        28,
        70,
        73,
        72,
        71,
        76,
        74,
        79,
        78,
        81,
        101,
        100,
        99,
        98,
        97,
        94,
        90,
        88,
        91,
        299
      ],
      "score": 32.0,
      "length": 8005.794731576771
    }
  ],
  "dataset": "vansteenwegen",
  "instance_name": "pr299_gen1_m3.txt",
  "run_seed": 57008,
  "run_index": 1
}