{
  "instance": {
    "num_nodes": 300,
    "team_size": 4,
    "max_route_distance": 6024.0,
    "start_depot": 0,
    "end_depot": 299
  },
  "objective": {
    "total_score": 1757.0
  },
  "performance": {
    "cpu_time_seconds": 2.8673237999901175,
    "iterations": 20,
    "iterations_to_convergence": 10,
    "last_improvement_iteration": 10,
    "stagnation_iterations": 10,
    "accepted_worse_moves": 1,
    "restarts_performed": 1,
    "num_lp_solves": null,
    "num_labels_generated": null
  },
  "routes": [
    {
      "route_index": 1,
      "nodes": [
        0,
        3,
        91,
        13,
        87,
        89,
        90,
        85,
        84,
        86,
        93,
        138,
        139,
        160,
        159,
        158,
        157,
        156,
        143,
        299
      ],
      "score": 472.0,
      "length": 6007.8936366628495
    },
    {
      "route_index": 2,
      "nodes": [
        0,
        148,
        150,
        151,
        214,
        292,
        291,
        289,
        290,
        288,
        287,
        213,
        155,
        154,
        144,
        299
      ],
      "score": 362.0,
      "length": 5833.831526225174
    },
    {
      "route_index": 3,
      "nodes": [
        0,
        2,
        1,
        5,
        4,
        6,
        7,
        8,
        9,
        10,
        11,
        12,
        14,
        15,
        16,
        18,
        17,
        19,
        80,
        83,
        98,
        97,
        94,
        95,
        96,
        140,
        141,
        142,
        92,
        299
      ],
      "score": 678.0,
      "length": 5956.063274321399
    },
    {
      "route_index": 4,
      "nodes": [
        0,
        147,
        146,
        149,
        297,
        295,
        296,
        293,
        294,
        152,
        153,
        145,
        299
      ],
      "score": 245.0,
      "length": 5025.534528617092
    }
  ],
  "dataset": "vansteenwegen",
  "instance_name": "pr299_gen3_m4.txt",
  "run_seed": 63008,
  "run_index": 1
}