{
  "instance": {
    "num_nodes": 300,
    "team_size": 3,
    "max_route_distance": 8032.0,
    "start_depot": 0,
    "end_depot": 299
  },
  "objective": {
    "total_score": 3061.0
  },
  "performance": {
    "cpu_time_seconds": 4.252330600051209,
    "iterations": 20,
    "iterations_to_convergence": 20,
    "last_improvement_iteration": 20,
    "stagnation_iterations": 0,
    "accepted_worse_moves": 0,
    "restarts_performed": 1,
    "num_lp_solves": null,
    "num_labels_generated": null
  },
  "routes": [
    {
      "route_index": 1,
      "nodes": [
        0,
        3,
        2,
        1,
        5,
        4,
        7,
        8,
        9,
        10,
        11,
        12,
        14,
        15,
        16,
        18,
        19,
        17,
        20,
        22,
        23,
        24,
        25,
        26,
        27,
        28,
        70,
        73,
        72,
        71,
        76,
        74,
        78,
        80,
        98,
        97,
        94,
        90,
        88,
        91,
        299
      ],
      "score": 1198.0,
      "length": 7871.701782910658
    },
    {
      "route_index": 2,
      "nodes": [
        0,
        92,
        142,
        157,
        212,
        216,
        215,
        217,
        211,
        221,
        220,
        219,
        223,
        222,
        225,
        226,
        298,
        205,
        204,
        203,
        206,
        207,
        209,
        210,
        159,
        160,
        139,
        96,
        95,
        93,
        85,
        89,
        87,
        6,
        299
      ],
      "score": 1135.0,
      "length": 8022.790011141826
    },
    {
      "route_index": 3,
      "nodes": [
        0,
        146,
        148,
        149,
        150,
        151,
        152,
        153,
        154,
        155,
        156,
        141,
        140,
        138,
        100,
        99,
        101,
        77,
        75,
        79,
        21,
        81,
        83,
        82,
        86,
        84,
        13,
        299
      ],
      "score": 728.0,
      "length": 8010.290035703397
    }
  ],
  "dataset": "vansteenwegen",
  "instance_name": "pr299_gen3_m3.txt",
  "run_seed": 62008,
  "run_index": 1
}