{
  "instance": {
    "num_nodes": 300,
    "team_size": 3,
    "max_route_distance": 8032.0,
    "start_depot": 0,
    "end_depot": 299
  },
  "objective": {
    "total_score": 5415.0
  },
  "performance": {
    "cpu_time_seconds": 4.328422899940051,
    "iterations": 20,
    "iterations_to_convergence": 20,
    "last_improvement_iteration": 20,
    "stagnation_iterations": 0,
    "accepted_worse_moves": 1,
    "restarts_performed": 1,
    "num_lp_solves": null,
    "num_labels_generated": null
  },
  "routes": [
    {
      "route_index": 1,
      "nodes": [
        0,
        143,
        145,
        144,
        147,
        150,
        151,
        152,
        153,
        154,
        155,
        156,
        157,
        158,
        138,
        96,
        100,
        99,
        101,
        98,
        97,
        94,
        95,
        93,
        85,
        90,
        89,
        87,
        13,
        6,
        299
      ],
      "score": 1521.0,
      "length": 7978.192321607579
    },
    {
      "route_index": 2,
      "nodes": [
        0,
        148,
        149,
        297,
        295,
        296,
        293,
        294,
        292,
        291,
        289,
        290,
        288,
        287,
        286,
        216,
        215,
        217,
        211,
        221,
        208,
        219,
        223,
        222,
        206,
        207,
        209,
        210,
        159,
        160,
        139,
        140,
        141,
        142,
        92,
        299
      ],
      "score": 1742.0,
      "length": 8021.762631064055
    },
    {
      "route_index": 3,
      "nodes": [
        0,
        3,
        2,
        1,
        5,
        4,
        7,
        8,
        9,
        10,
        11,
        12,
        14,
        16,
        18,
        17,
        19,
        21,
        23,
        24,
        25,
        26,
        27,
        28,
        70,
        73,
        72,
        71,
        74,
        76,
        77,
        75,
        79,
        81,
        80,
        83,
        82,
        86,
        84,
        88,
        91,
        299
      ],
      "score": 2152.0,
      "length": 8014.096203107033
    }
  ],
  "dataset": "vansteenwegen",
  "instance_name": "pr299_gen2_m3.txt",
  "run_seed": 59008,
  "run_index": 1
}