{
  "instance": {
    "num_nodes": 300,
    "team_size": 4,
    "max_route_distance": 6024.0,
    "start_depot": 0,
    "end_depot": 299
  },
  "objective": {
    "total_score": 4036.0
  },
  "performance": {
    "cpu_time_seconds": 3.112621600041166,
    "iterations": 20,
    "iterations_to_convergence": 6,
    "last_improvement_iteration": 6,
    "stagnation_iterations": 14,
    "accepted_worse_moves": 1,
    "restarts_performed": 1,
    "num_lp_solves": null,
    "num_labels_generated": null
  },
  "routes": [
    {
      "route_index": 1,
      "nodes": [
        0,
        143,
        156,
        212,
        217,
        215,
        216,
        286,
        287,
        288,
        290,
        289,
        291,
        213,
        155,
        145,
        299
      ],
      "score": 648.0,
      "length": 5976.381892218378
    },
    {
      "route_index": 2,
      "nodes": [
        0,
        3,
        2,
        1,
        5,
        4,
        6,
        7,
        8,
        9,
        10,
        11,
        13,
        87,
        89,
        84,
        86,
        82,
        83,
        80,
        81,
        101,
        99,
        98,
        97,
        94,
        95,
        93,
        85,
        90,
        88,
        91,
        299
      ],
      "score": 1627.0,
      "length": 5965.822235130989
    },
    {
      "route_index": 3,
      "nodes": [
        0,
        144,
        152,
        153,
        154,
        214,
        292,
        294,
        293,
        296,
        295,
        297,
        149,
        150,
        151,
        147,
        146,
        148,
        299
      ],
      "score": 830.0,
      "length": 5655.285739460189
    },
    {
      "route_index": 4,
      "nodes": [
        0,
        92,
        142,
        157,
        158,
        211,
        221,
        219,
        208,
        209,
        210,
        159,
        160,
        139,
        140,
        141,
        299
      ],
      "score": 931.0,
      "length": 5984.979099161649
    }
  ],
  "dataset": "vansteenwegen",
  "instance_name": "pr299_gen2_m4.txt",
  "run_seed": 60008,
  "run_index": 1
}