{
  "instance": {
    "num_nodes": 300,
    "team_size": 4,
    "max_route_distance": 6024.0,
    "start_depot": 0,
    "end_depot": 299
  },
  "objective": {
    "total_score": 2091.0
  },
  "performance": {
    "cpu_time_seconds": 3.0222086999565363,
    "iterations": 20,
    "iterations_to_convergence": 16,
    "last_improvement_iteration": 16,
    "stagnation_iterations": 4,
    "accepted_worse_moves": 2,
    "restarts_performed": 1,
    "num_lp_solves": null,
    "num_labels_generated": null
  },
  "routes": [
    {
      "route_index": 1,
      "nodes": [
        0,
        92,
        142,
        157,
        158,
        208,
        209,
        210,
        159,
        160,
        139,
        138,
        96,
        95,
        93,
        85,
        90,
        88,
        299
      ],
      "score": 515.0,
      "length": 5986.037761089454
    },
    {
      "route_index": 2,
      "nodes": [
        0,
        91,
        87,
        89,
        84,
        86,
        82,
        83,
        80,
        81,
        78,
        21,
        23,
        22,
        20,
        17,
        16,
        14,
        12,
        11,
        10,
        9,
        8,
        7,
        4,
        5,
        1,
        2,
        3,
        299
      ],
      "score": 698.0,
      "length": 5971.202631462791
    },
    {
      "route_index": 3,
      "nodes": [
        0,
        148,
        149,
        297,
        295,
        296,
        293,
        294,
        292,
        291,
        289,
        290,
        214,
        213,
        155,
        154,
        153,
        152,
        151,
        147,
        299
      ],
      "score": 475.0,
      "length": 6011.938575942349
    },
    {
      "route_index": 4,
      "nodes": [
        0,
        6,
        13,
        15,
        18,
        19,
        101,
        100,
        99,
        98,
        97,
        94,
        140,
        141,
        299
      ],
      "score": 403.0,
      "length": 5980.126877516893
    }
  ],
  "dataset": "vansteenwegen",
  "instance_name": "pr299_gen3_m4.txt",
  "run_seed": 63007,
  "run_index": 0
}