{
  "instance": {
    "num_nodes": 300,
    "team_size": 2,
    "max_route_distance": 12048.0,
    "start_depot": 0,
    "end_depot": 299
  },
  "objective": {
    "total_score": 128.0
  },
  "performance": {
    "cpu_time_seconds": 4.294455799999923,
    "iterations": 20,
    "iterations_to_convergence": 11,
    "last_improvement_iteration": 11,
    "stagnation_iterations": 9,
    "accepted_worse_moves": 0,
    "restarts_performed": 1,
    "num_lp_solves": null,
    "num_labels_generated": null
  },
  "routes": [
    {
      "route_index": 1,
      "nodes": [
        0,
        146,
        147,
        144,
        145,
        143,
        142,
        141,
        140,
        88,
        90,
        85,
        93,
        94,
        97,
        98,
        99,
        100,
        137,
        135,
        134,
        136,
        133,
        162,
        161,
        163,
        200,
        165,
        164,
        130,
        129,
        103,
        128,
        131,
        132,
        102,
        77,
        75,
        101,
        81,
        80,
        78,
        79,
        76,
        74,
        25,
        24,
        23,
        21,
        22,
        20,
        17,
        19,
        18,
        16,
        15,
        14,
        12,
        11,
        7,
        4,
        5,
        1,
        299
      ],
      "score": 62.0,
      "length": 11997.679789514184
    },
    {
      "route_index": 2,
      "nodes": [
        0,
        148,
        149,
        150,
        151,
        152,
        153,
        154,
        293,
        294,
        292,
        291,
        289,
        290,
        288,
        287,
        286,
        216,
        215,
        217,
        212,
        211,
        208,
        221,
        220,
        219,
        223,
        222,
        225,
        226,
        230,
        229,
        232,
        231,
        198,
        199,
        227,
        202,
        228,
        298,
        205,
        204,
        203,
        206,
        207,
        209,
        210,
        159,
        160,
        139,
        138,
        96,
        95,
        83,
        82,
        86,
        84,
        89,
        87,
        13,
        10,
        9,
        8,
        6,
        91,
        2,
        3,
        299
      ],
      "score": 66.0,
      "length": 11945.31577468847
    }
  ],
  "dataset": "vansteenwegen",
  "instance_name": "pr299_gen1_m2.txt",
  "run_seed": 63
}