{
  "instance": {
    "num_nodes": 300,
    "team_size": 4,
    "max_route_distance": 6024.0,
    "start_depot": 0,
    "end_depot": 299
  },
  "objective": {
    "total_score": 4313.0
  },
  "performance": {
    "cpu_time_seconds": 3.0602048999862745,
    "iterations": 20,
    "iterations_to_convergence": 14,
    "last_improvement_iteration": 14,
    "stagnation_iterations": 6,
    "accepted_worse_moves": 2,
    "restarts_performed": 1,
    "num_lp_solves": null,
    "num_labels_generated": null
  },
  "routes": [
    {
      "route_index": 1,
      "nodes": [
        0,
        91,
        88,
        90,
        85,
        86,
        97,
        98,
        99,
        101,
        75,
        79,
        81,
        80,
        19,
        16,
        14,
        12,
        11,
        10,
        9,
        8,
        7,
        4,
        5,
        1,
        2,
        3,
        299
      ],
      "score": 1516.0,
      "length": 6021.703442570938
    },
    {
      "route_index": 2,
      "nodes": [
        0,
        147,
        150,
        151,
        152,
        153,
        154,
        155,
        213,
        214,
        289,
        291,
        292,
        294,
        293,
        296,
        295,
        297,
        149,
        148,
        299
      ],
      "score": 1038.0,
      "length": 5964.307804125557
    },
    {
      "route_index": 3,
      "nodes": [
        0,
        6,
        13,
        87,
        89,
        84,
        15,
        18,
        82,
        94,
        95,
        96,
        138,
        140,
        141,
        145,
        144,
        299
      ],
      "score": 907.0,
      "length": 5957.468798639379
    },
    {
      "route_index": 4,
      "nodes": [
        0,
        92,
        142,
        157,
        158,
        159,
        210,
        209,
        207,
        219,
        221,
        211,
        217,
        215,
        216,
        156,
        143,
        299
      ],
      "score": 852.0,
      "length": 6016.453538175537
    }
  ],
  "dataset": "vansteenwegen",
  "instance_name": "pr299_gen2_m4.txt",
  "run_seed": 60007,
  "run_index": 0
}