{
  "instance": {
    "num_nodes": 300,
    "team_size": 2,
    "max_route_distance": 12048.0,
    "start_depot": 0,
    "end_depot": 299
  },
  "objective": {
    "total_score": 4594.0
  },
  "performance": {
    "cpu_time_seconds": 6.223617399926297,
    "iterations": 20,
    "iterations_to_convergence": 18,
    "last_improvement_iteration": 18,
    "stagnation_iterations": 2,
    "accepted_worse_moves": 1,
    "restarts_performed": 1,
    "num_lp_solves": null,
    "num_labels_generated": null
  },
  "routes": [
    {
      "route_index": 1,
      "nodes": [
        0,
        92,
        142,
        157,
        158,
        159,
        210,
        209,
        207,
        223,
        222,
        225,
        226,
        228,
        202,
        227,
        201,
        199,
        198,
        200,
        165,
        164,
        130,
        129,
        103,
        128,
        131,
        132,
        134,
        133,
        163,
        162,
        161,
        136,
        137,
        135,
        102,
        77,
        75,
        76,
        74,
        79,
        78,
        80,
        81,
        101,
        100,
        99,
        98,
        83,
        82,
        97,
        94,
        95,
        93,
        85,
        84,
        90,
        89,
        87,
        13,
        12,
        11,
        10,
        9,
        8,
        7,
        6,
        4,
        5,
        1,
        2,
        3,
        299
      ],
      "score": 2536.0,
      "length": 11995.978925248368
    },
    {
      "route_index": 2,
      "nodes": [
        0,
        147,
        151,
        152,
        153,
        154,
        155,
        213,
        156,
        212,
        211,
        221,
        208,
        219,
        206,
        203,
        204,
        205,
        298,
        230,
        229,
        232,
        231,
        276,
        275,
        274,
        278,
        277,
        280,
        281,
        282,
        224,
        279,
        283,
        284,
        285,
        218,
        220,
        217,
        215,
        216,
        286,
        287,
        288,
        290,
        289,
        291,
        292,
        214,
        294,
        293,
        296,
        295,
        297,
        150,
        149,
        148,
        299
      ],
      "score": 2058.0,
      "length": 12001.971889347911
    }
  ],
  "dataset": "vansteenwegen",
  "instance_name": "pr299_gen3_m2.txt",
  "run_seed": 61007,
  "run_index": 0
}