{
  "instance": {
    "num_nodes": 300,
    "team_size": 2,
    "max_route_distance": 12048.0,
    "start_depot": 0,
    "end_depot": 299
  },
  "objective": {
    "total_score": 4531.0
  },
  "performance": {
    "cpu_time_seconds": 5.904928300064057,
    "iterations": 20,
    "iterations_to_convergence": 20,
    "last_improvement_iteration": 20,
    "stagnation_iterations": 0,
    "accepted_worse_moves": 2,
    "restarts_performed": 1,
    "num_lp_solves": null,
    "num_labels_generated": null
  },
  "routes": [
    {
      "route_index": 1,
      "nodes": [
        0,
        146,
        150,
        151,
        152,
        153,
        154,
        155,
        213,
        214,
        292,
        291,
        289,
        290,
        288,
        287,
        286,
        216,
        215,
        217,
        212,
        211,
        221,
        220,
        218,
        285,
        284,
        283,
        279,
        282,
        280,
        281,
        230,
        229,
        232,
        231,
        198,
        199,
        201,
        227,
        202,
        228,
        298,
        226,
        225,
        222,
        203,
        204,
        205,
        206,
        223,
        219,
        207,
        209,
        210,
        93,
        85,
        90,
        89,
        87,
        91,
        1,
        2,
        3,
        299
      ],
      "score": 2239.0,
      "length": 12014.692192396331
    },
    {
      "route_index": 2,
      "nodes": [
        0,
        92,
        143,
        142,
        157,
        158,
        159,
        160,
        139,
        138,
        96,
        95,
        94,
        97,
        82,
        83,
        98,
        99,
        100,
        137,
        161,
        162,
        136,
        135,
        134,
        132,
        129,
        103,
        128,
        131,
        102,
        77,
        75,
        79,
        74,
        76,
        71,
        72,
        73,
        70,
        28,
        27,
        26,
        25,
        24,
        23,
        22,
        21,
        78,
        81,
        80,
        19,
        17,
        18,
        16,
        15,
        14,
        12,
        11,
        10,
        9,
        8,
        7,
        6,
        4,
        5,
        299
      ],
      "score": 2292.0,
      "length": 12043.18376805971
    }
  ],
  "dataset": "vansteenwegen",
  "instance_name": "pr299_gen3_m2.txt",
  "run_seed": 61008,
  "run_index": 1
}