{
  "instance": {
    "num_nodes": 300,
    "team_size": 4,
    "max_route_distance": 6024.0,
    "start_depot": 0,
    "end_depot": 299
  },
  "objective": {
    "total_score": 2213.0
  },
  "performance": {
    "cpu_time_seconds": 2.7170701000004556,
    "iterations": 20,
    "iterations_to_convergence": 19,
    "last_improvement_iteration": 19,
    "stagnation_iterations": 1,
    "accepted_worse_moves": 0,
    "restarts_performed": 1,
    "num_lp_solves": null,
    "num_labels_generated": null
  },
  "routes": [
    {
      "route_index": 1,
      "nodes": [
        0,
        147,
        151,
        152,
        153,
        154,
        155,
        213,
        214,
        290,
        289,
        291,
        292,
        294,
        293,
        296,
        295,
        297,
        150,
        146,
        299
      ],
      "score": 475.0,
      "length": 6022.254308873982
    },
    {
      "route_index": 2,
      "nodes": [
        0,
        13,
        87,
        88,
        90,
        85,
        93,
        95,
        94,
        97,
        98,
        99,
        100,
        96,
        138,
        139,
        140,
        141,
        91,
        299
      ],
      "score": 530.0,
      "length": 5970.635545355566
    },
    {
      "route_index": 3,
      "nodes": [
        0,
        6,
        89,
        84,
        86,
        82,
        83,
        80,
        81,
        78,
        21,
        22,
        20,
        17,
        19,
        18,
        16,
        14,
        12,
        11,
        10,
        9,
        8,
        7,
        4,
        5,
        1,
        2,
        3,
        299
      ],
      "score": 702.0,
      "length": 5958.481748525884
    },
    {
      "route_index": 4,
      "nodes": [
        0,
        143,
        156,
        212,
        211,
        208,
        221,
        220,
        219,
        207,
        209,
        210,
        159,
        158,
        157,
        142,
        92,
        299
      ],
      "score": 506.0,
      "length": 5984.898138741627
    }
  ],
  "dataset": "vansteenwegen",
  "instance_name": "pr299_gen3_m4.txt",
  "run_seed": 70
}