{
  "instance": {
    "num_nodes": 300,
    "team_size": 2,
    "max_route_distance": 12048.0,
    "start_depot": 0,
    "end_depot": 299
  },
  "objective": {
    "total_score": 129.0
  },
  "performance": {
    "cpu_time_seconds": 5.441643300000578,
    "iterations": 20,
    "iterations_to_convergence": 19,
    "last_improvement_iteration": 19,
    "stagnation_iterations": 1,
    "accepted_worse_moves": 0,
    "restarts_performed": 1,
    "num_lp_solves": null,
    "num_labels_generated": null
  },
  "routes": [
    {
      "route_index": 1,
      "nodes": [
        0,
        146,
        147,
        151,
        152,
        153,
        154,
        155,
        156,
        157,
        212,
        211,
        221,
        208,
        219,
        223,
        222,
        203,
        206,
        207,
        209,
        210,
        159,
        160,
        139,
        138,
        96,
        95,
        94,
        97,
        98,
        99,
        100,
        101,
        81,
        78,
        74,
        76,
        71,
        72,
        27,
        26,
        25,
        24,
        23,
        21,
        22,
        20,
        17,
        19,
        18,
        16,
        14,
        15,
        84,
        85,
        90,
        88,
        89,
        87,
        13,
        12,
        11,
        10,
        9,
        8,
        7,
        6,
        91,
        4,
        5,
        1,
        2,
        3,
        299
      ],
      "score": 73.0,
      "length": 12045.113095096736
    },
    {
      "route_index": 2,
      "nodes": [
        0,
        144,
        145,
        143,
        142,
        141,
        140,
        93,
        86,
        82,
        83,
        80,
        79,
        75,
        77,
        102,
        103,
        128,
        131,
        132,
        134,
        135,
        137,
        136,
        162,
        161,
        205,
        204,
        298,
        226,
        225,
        224,
        282,
        279,
        283,
        284,
        285,
        218,
        220,
        217,
        215,
        216,
        286,
        287,
        288,
        290,
        289,
        291,
        292,
        294,
        293,
        296,
        295,
        297,
        150,
        149,
        148,
        299
      ],
      "score": 56.0,
      "length": 12022.80282070089
    }
  ],
  "dataset": "vansteenwegen",
  "instance_name": "pr299_gen1_m2.txt",
  "run_seed": 56007,
  "run_index": 0
}