{
  "instance": {
    "num_nodes": 300,
    "team_size": 3,
    "max_route_distance": 8032.0,
    "start_depot": 0,
    "end_depot": 299
  },
  "objective": {
    "total_score": 95.0
  },
  "performance": {
    "cpu_time_seconds": 3.4878260999685153,
    "iterations": 20,
    "iterations_to_convergence": 12,
    "last_improvement_iteration": 12,
    "stagnation_iterations": 8,
    "accepted_worse_moves": 0,
    "restarts_performed": 1,
    "num_lp_solves": null,
    "num_labels_generated": null
  },
  "routes": [
    {
      "route_index": 1,
      "nodes": [
        0,
        146,
        147,
        144,
        145,
        155,
        213,
        214,
        293,
        294,
        292,
        291,
        289,
        290,
        288,
        287,
        286,
        216,
        215,
        217,
        211,
        212,
        158,
        140,
        93,
        85,
        89,
        87,
        91,
        3,
        299
      ],
      "score": 29.0,
      "length": 7969.95413656999
    },
    {
      "route_index": 2,
      "nodes": [
        0,
        148,
        149,
        150,
        151,
        152,
        153,
        154,
        142,
        141,
        88,
        90,
        84,
        86,
        95,
        94,
        97,
        83,
        80,
        101,
        81,
        78,
        21,
        22,
        20,
        17,
        16,
        15,
        13,
        92,
        299
      ],
      "score": 29.0,
      "length": 8007.278602254705
    },
    {
      "route_index": 3,
      "nodes": [
        0,
        2,
        1,
        5,
        4,
        6,
        7,
        8,
        9,
        10,
        11,
        12,
        14,
        18,
        19,
        82,
        98,
        99,
        100,
        96,
        138,
        139,
        160,
        159,
        210,
        209,
        207,
        206,
        203,
        222,
        223,
        219,
        220,
        221,
        208,
        157,
        156,
        143,
        299
      ],
      "score": 37.0,
      "length": 7996.768538055071
    }
  ],
  "dataset": "vansteenwegen",
  "instance_name": "pr299_gen1_m3.txt",
  "run_seed": 57007,
  "run_index": 0
}