{
  "instance": {
    "num_nodes": 300,
    "team_size": 2,
    "max_route_distance": 12048.0,
    "start_depot": 0,
    "end_depot": 299
  },
  "objective": {
    "total_score": 4829.0
  },
  "performance": {
    "cpu_time_seconds": 4.519306199999846,
    "iterations": 20,
    "iterations_to_convergence": 19,
    "last_improvement_iteration": 19,
    "stagnation_iterations": 1,
    "accepted_worse_moves": 2,
    "restarts_performed": 1,
    "num_lp_solves": null,
    "num_labels_generated": null
  },
  "routes": [
    {
      "route_index": 1,
      "nodes": [
        0,
        3,
        2,
        1,
        5,
        4,
        6,
        7,
        8,
        9,
        10,
        11,
        12,
        13,
        87,
        89,
        90,
        85,
        84,
        15,
        14,
        16,
        18,
        19,
        17,
        20,
        22,
        23,
        24,
        25,
        26,
        27,
        28,
        70,
        73,
        72,
        71,
        76,
        74,
        79,
        75,
        77,
        102,
        132,
        131,
        128,
        103,
        129,
        130,
        164,
        165,
        200,
        163,
        162,
        161,
        136,
        133,
        134,
        135,
        100,
        99,
        98,
        83,
        82,
        97,
        94,
        95,
        96,
        138,
        140,
        141,
        142,
        92,
        299
      ],
      "score": 2479.0,
      "length": 11988.999654083922
    },
    {
      "route_index": 2,
      "nodes": [
        0,
        148,
        150,
        297,
        295,
        296,
        293,
        294,
        292,
        291,
        289,
        290,
        288,
        287,
        286,
        216,
        215,
        217,
        220,
        218,
        285,
        284,
        283,
        279,
        282,
        281,
        280,
        277,
        278,
        274,
        275,
        276,
        231,
        232,
        229,
        198,
        199,
        227,
        202,
        228,
        226,
        225,
        298,
        205,
        204,
        203,
        206,
        222,
        223,
        207,
        219,
        208,
        221,
        211,
        212,
        156,
        155,
        154,
        153,
        152,
        151,
        147,
        299
      ],
      "score": 2350.0,
      "length": 12039.041483617704
    }
  ],
  "dataset": "vansteenwegen",
  "instance_name": "pr299_gen3_m2.txt",
  "run_seed": 68
}