{
  "instance": {
    "num_nodes": 300,
    "team_size": 3,
    "max_route_distance": 8032.0,
    "start_depot": 0,
    "end_depot": 299
  },
  "objective": {
    "total_score": 3237.0
  },
  "performance": {
    "cpu_time_seconds": 4.3941917000338435,
    "iterations": 20,
    "iterations_to_convergence": 19,
    "last_improvement_iteration": 19,
    "stagnation_iterations": 1,
    "accepted_worse_moves": 1,
    "restarts_performed": 1,
    "num_lp_solves": null,
    "num_labels_generated": null
  },
  "routes": [
    {
      "route_index": 1,
      "nodes": [
        0,
        3,
        2,
        1,
        5,
        4,
        6,
        7,
        8,
        9,
        10,
        11,
        12,
        13,
        87,
        89,
        84,
        86,
        82,
        83,
        80,
        81,
        78,
        21,
        22,
        23,
        24,
        25,
        74,
        76,
        77,
        75,
        79,
        101,
        99,
        98,
        97,
        94,
        95,
        96,
        93,
        85,
        90,
        88,
        91,
        299
      ],
      "score": 1247.0,
      "length": 7999.585210910559
    },
    {
      "route_index": 2,
      "nodes": [
        0,
        143,
        157,
        158,
        208,
        209,
        207,
        206,
        203,
        222,
        223,
        219,
        220,
        217,
        215,
        216,
        286,
        287,
        288,
        290,
        289,
        291,
        292,
        294,
        293,
        296,
        295,
        297,
        149,
        150,
        146,
        148,
        299
      ],
      "score": 996.0,
      "length": 8014.0574140713325
    },
    {
      "route_index": 3,
      "nodes": [
        0,
        147,
        151,
        152,
        153,
        154,
        155,
        156,
        212,
        211,
        221,
        218,
        285,
        284,
        283,
        279,
        282,
        224,
        225,
        226,
        298,
        204,
        205,
        210,
        159,
        160,
        139,
        140,
        141,
        142,
        92,
        299
      ],
      "score": 994.0,
      "length": 7990.169577873048
    }
  ],
  "dataset": "vansteenwegen",
  "instance_name": "pr299_gen3_m3.txt",
  "run_seed": 62007,
  "run_index": 0
}