{
  "instance": {
    "num_nodes": 300,
    "team_size": 3,
    "max_route_distance": 8032.0,
    "start_depot": 0,
    "end_depot": 299
  },
  "objective": {
    "total_score": 5433.0
  },
  "performance": {
    "cpu_time_seconds": 2.864889800000128,
    "iterations": 20,
    "iterations_to_convergence": 20,
    "last_improvement_iteration": 20,
    "stagnation_iterations": 0,
    "accepted_worse_moves": 1,
    "restarts_performed": 1,
    "num_lp_solves": null,
    "num_labels_generated": null
  },
  "routes": [
    {
      "route_index": 1,
      "nodes": [
        0,
        3,
        2,
        1,
        5,
        4,
        7,
        13,
        87,
        89,
        93,
        95,
        96,
        138,
        139,
        160,
        159,
        210,
        205,
        204,
        203,
        206,
        207,
        209,
        158,
        140,
        141,
        143,
        154,
        153,
        152,
        151,
        150,
        149,
        148,
        299
      ],
      "score": 1744.0,
      "length": 8021.279578566028
    },
    {
      "route_index": 2,
      "nodes": [
        0,
        6,
        8,
        9,
        10,
        11,
        12,
        14,
        16,
        18,
        17,
        19,
        21,
        23,
        24,
        25,
        26,
        72,
        71,
        76,
        77,
        75,
        79,
        81,
        80,
        101,
        99,
        98,
        83,
        82,
        97,
        94,
        86,
        84,
        85,
        90,
        88,
        91,
        299
      ],
      "score": 2123.0,
      "length": 7994.045556206762
    },
    {
      "route_index": 3,
      "nodes": [
        0,
        147,
        144,
        145,
        155,
        213,
        214,
        292,
        291,
        289,
        290,
        288,
        287,
        286,
        216,
        215,
        217,
        211,
        221,
        220,
        218,
        285,
        284,
        222,
        223,
        219,
        208,
        157,
        142,
        92,
        299
      ],
      "score": 1566.0,
      "length": 7969.075903999553
    }
  ],
  "dataset": "vansteenwegen",
  "instance_name": "pr299_gen2_m3.txt",
  "run_seed": 66
}