{
  "instance": {
    "num_nodes": 300,
    "team_size": 4,
    "max_route_distance": 6024.0,
    "start_depot": 0,
    "end_depot": 299
  },
  "objective": {
    "total_score": 76.0
  },
  "performance": {
    "cpu_time_seconds": 2.1347492999993847,
    "iterations": 20,
    "iterations_to_convergence": 12,
    "last_improvement_iteration": 12,
    "stagnation_iterations": 8,
    "accepted_worse_moves": 2,
    "restarts_performed": 1,
    "num_lp_solves": null,
    "num_labels_generated": null
  },
  "routes": [
    {
      "route_index": 1,
      "nodes": [
        0,
        146,
        150,
        151,
        152,
        154,
        155,
        156,
        212,
        211,
        140,
        141,
        142,
        92,
        3,
        299
      ],
      "score": 14.0,
      "length": 5899.25400827504
    },
    {
      "route_index": 2,
      "nodes": [
        0,
        91,
        88,
        90,
        85,
        86,
        94,
        97,
        82,
        83,
        80,
        81,
        78,
        21,
        19,
        17,
        18,
        16,
        15,
        14,
        12,
        11,
        10,
        9,
        8,
        7,
        4,
        5,
        1,
        2,
        299
      ],
      "score": 29.0,
      "length": 5968.8421670556445
    },
    {
      "route_index": 3,
      "nodes": [
        0,
        144,
        145,
        143,
        157,
        158,
        159,
        160,
        139,
        138,
        96,
        95,
        93,
        84,
        89,
        87,
        13,
        6,
        299
      ],
      "score": 17.0,
      "length": 5973.843435785902
    },
    {
      "route_index": 4,
      "nodes": [
        0,
        147,
        153,
        213,
        214,
        288,
        290,
        289,
        291,
        292,
        294,
        293,
        296,
        295,
        297,
        149,
        148,
        299
      ],
      "score": 16.0,
      "length": 6021.653516975933
    }
  ],
  "dataset": "vansteenwegen",
  "instance_name": "pr299_gen1_m4.txt",
  "run_seed": 65
}