{
  "instance": {
    "num_nodes": 300,
    "team_size": 3,
    "max_route_distance": 8032.0,
    "start_depot": 0,
    "end_depot": 299
  },
  "objective": {
    "total_score": 100.0
  },
  "performance": {
    "cpu_time_seconds": 3.1126269000005777,
    "iterations": 20,
    "iterations_to_convergence": 7,
    "last_improvement_iteration": 7,
    "stagnation_iterations": 13,
    "accepted_worse_moves": 0,
    "restarts_performed": 1,
    "num_lp_solves": null,
    "num_labels_generated": null
  },
  "routes": [
    {
      "route_index": 1,
      "nodes": [
        0,
        3,
        2,
        1,
        5,
        4,
        7,
        8,
        9,
        10,
        11,
        12,
        14,
        15,
        16,
        18,
        19,
        21,
        74,
        79,
        78,
        81,
        80,
        100,
        83,
        82,
        86,
        95,
        96,
        160,
        139,
        138,
        93,
        85,
        89,
        87,
        13,
        6,
        299
      ],
      "score": 37.0,
      "length": 7972.167701729143
    },
    {
      "route_index": 2,
      "nodes": [
        0,
        146,
        148,
        149,
        150,
        151,
        152,
        153,
        154,
        155,
        213,
        214,
        292,
        291,
        289,
        290,
        288,
        287,
        286,
        216,
        215,
        217,
        212,
        211,
        221,
        208,
        219,
        207,
        209,
        210,
        159,
        158,
        157,
        156,
        145,
        144,
        299
      ],
      "score": 35.0,
      "length": 7951.47382056355
    },
    {
      "route_index": 3,
      "nodes": [
        0,
        92,
        142,
        141,
        140,
        94,
        97,
        98,
        99,
        101,
        75,
        77,
        76,
        71,
        72,
        73,
        28,
        27,
        26,
        25,
        24,
        23,
        22,
        20,
        17,
        84,
        90,
        88,
        91,
        299
      ],
      "score": 28.0,
      "length": 7975.587313950367
    }
  ],
  "dataset": "vansteenwegen",
  "instance_name": "pr299_gen1_m3.txt",
  "run_seed": 64
}