{
  "instance": {
    "num_nodes": 300,
    "team_size": 2,
    "max_route_distance": 12048.0,
    "start_depot": 0,
    "end_depot": 299
  },
  "objective": {
    "total_score": 131.0
  },
  "performance": {
    "cpu_time_seconds": 5.710929900058545,
    "iterations": 20,
    "iterations_to_convergence": 14,
    "last_improvement_iteration": 14,
    "stagnation_iterations": 6,
    "accepted_worse_moves": 0,
    "restarts_performed": 1,
    "num_lp_solves": null,
    "num_labels_generated": null
  },
  "routes": [
    {
      "route_index": 1,
      "nodes": [
        0,
        148,
        146,
        151,
        152,
        153,
        154,
        155,
        156,
        157,
        158,
        209,
        210,
        159,
        160,
        139,
        138,
        96,
        95,
        94,
        86,
        97,
        82,
        83,
        98,
        99,
        100,
        101,
        81,
        80,
        78,
        79,
        75,
        77,
        76,
        74,
        71,
        72,
        73,
        70,
        28,
        27,
        26,
        25,
        24,
        23,
        22,
        20,
        17,
        19,
        18,
        16,
        14,
        15,
        84,
        85,
        89,
        90,
        88,
        87,
        13,
        12,
        11,
        10,
        9,
        8,
        7,
        6,
        4,
        5,
        1,
        2,
        3,
        299
      ],
      "score": 72.0,
      "length": 12000.29771220371
    },
    {
      "route_index": 2,
      "nodes": [
        0,
        147,
        150,
        149,
        297,
        295,
        296,
        293,
        294,
        292,
        291,
        289,
        290,
        288,
        287,
        286,
        216,
        215,
        217,
        220,
        218,
        285,
        284,
        283,
        279,
        282,
        281,
        280,
        277,
        278,
        274,
        275,
        276,
        231,
        232,
        229,
        198,
        199,
        227,
        202,
        228,
        226,
        225,
        298,
        205,
        204,
        203,
        222,
        223,
        206,
        207,
        219,
        208,
        221,
        211,
        212,
        142,
        143,
        145,
        144,
        299
      ],
      "score": 59.0,
      "length": 12033.225182474005
    }
  ],
  "dataset": "vansteenwegen",
  "instance_name": "pr299_gen1_m2.txt",
  "run_seed": 56008,
  "run_index": 1
}