{
  "instance": {
    "num_nodes": 300,
    "team_size": 4,
    "max_route_distance": 6024.0,
    "start_depot": 0,
    "end_depot": 299
  },
  "objective": {
    "total_score": 4279.0
  },
  "performance": {
    "cpu_time_seconds": 2.1017143999997643,
    "iterations": 20,
    "iterations_to_convergence": 13,
    "last_improvement_iteration": 13,
    "stagnation_iterations": 7,
    "accepted_worse_moves": 1,
    "restarts_performed": 1,
    "num_lp_solves": null,
    "num_labels_generated": null
  },
  "routes": [
    {
      "route_index": 1,
      "nodes": [
        0,
        92,
        142,
        141,
        140,
        160,
        139,
        138,
        96,
        100,
        99,
        98,
        82,
        86,
        84,
        89,
        87,
        13,
        91,
        299
      ],
      "score": 1027.0,
      "length": 6011.484958107281
    },
    {
      "route_index": 2,
      "nodes": [
        0,
        146,
        147,
        151,
        152,
        153,
        154,
        155,
        213,
        214,
        289,
        291,
        292,
        294,
        293,
        296,
        295,
        297,
        150,
        149,
        148,
        299
      ],
      "score": 1039.0,
      "length": 6018.452562403304
    },
    {
      "route_index": 3,
      "nodes": [
        0,
        3,
        2,
        1,
        5,
        4,
        7,
        8,
        9,
        10,
        11,
        12,
        14,
        15,
        16,
        18,
        17,
        19,
        80,
        81,
        101,
        83,
        97,
        94,
        95,
        93,
        85,
        90,
        88,
        6,
        299
      ],
      "score": 1459.0,
      "length": 5979.540146108905
    },
    {
      "route_index": 4,
      "nodes": [
        0,
        144,
        145,
        156,
        216,
        215,
        217,
        211,
        221,
        208,
        209,
        210,
        159,
        158,
        157,
        143,
        299
      ],
      "score": 754.0,
      "length": 6015.834744951639
    }
  ],
  "dataset": "vansteenwegen",
  "instance_name": "pr299_gen2_m4.txt",
  "run_seed": 67
}