{
  "instance": {
    "num_nodes": 300,
    "team_size": 3,
    "max_route_distance": 8032.0,
    "start_depot": 0,
    "end_depot": 299
  },
  "objective": {
    "total_score": 3105.0
  },
  "performance": {
    "cpu_time_seconds": 3.3316279000000577,
    "iterations": 20,
    "iterations_to_convergence": 8,
    "last_improvement_iteration": 8,
    "stagnation_iterations": 12,
    "accepted_worse_moves": 0,
    "restarts_performed": 1,
    "num_lp_solves": null,
    "num_labels_generated": null
  },
  "routes": [
    {
      "route_index": 1,
      "nodes": [
        0,
        145,
        144,
        147,
        146,
        150,
        151,
        152,
        153,
        154,
        155,
        156,
        141,
        140,
        160,
        139,
        138,
        96,
        100,
        99,
        80,
        83,
        82,
        94,
        95,
        93,
        85,
        87,
        13,
        6,
        2,
        3,
        299
      ],
      "score": 741.0,
      "length": 8015.283928479016
    },
    {
      "route_index": 2,
      "nodes": [
        0,
        148,
        149,
        297,
        295,
        296,
        293,
        294,
        292,
        291,
        289,
        290,
        288,
        287,
        286,
        216,
        215,
        217,
        211,
        221,
        220,
        219,
        223,
        222,
        203,
        206,
        207,
        209,
        210,
        159,
        158,
        157,
        142,
        143,
        299
      ],
      "score": 1094.0,
      "length": 8025.10072271123
    },
    {
      "route_index": 3,
      "nodes": [
        0,
        1,
        5,
        4,
        7,
        8,
        9,
        10,
        11,
        12,
        14,
        15,
        16,
        18,
        19,
        17,
        20,
        22,
        23,
        24,
        25,
        26,
        27,
        73,
        72,
        71,
        76,
        77,
        75,
        79,
        78,
        81,
        101,
        98,
        97,
        86,
        84,
        89,
        90,
        88,
        91,
        299
      ],
      "score": 1270.0,
      "length": 8028.2148665297755
    }
  ],
  "dataset": "vansteenwegen",
  "instance_name": "pr299_gen3_m3.txt",
  "run_seed": 69
}