{
  "instance": {
    "num_nodes": 300,
    "team_size": 3,
    "max_route_distance": 8032.0,
    "start_depot": 0,
    "end_depot": 299
  },
  "objective": {
    "total_score": 5107.0
  },
  "performance": {
    "cpu_time_seconds": 3.8115967999910936,
    "iterations": 20,
    "iterations_to_convergence": 17,
    "last_improvement_iteration": 17,
    "stagnation_iterations": 3,
    "accepted_worse_moves": 0,
    "restarts_performed": 1,
    "num_lp_solves": null,
    "num_labels_generated": null
  },
  "routes": [
    {
      "route_index": 1,
      "nodes": [
        0,
        3,
        2,
        1,
        5,
        4,
        7,
        8,
        9,
        10,
        11,
        12,
        14,
        15,
        16,
        18,
        19,
        21,
        23,
        24,
        25,
        26,
        74,
        76,
        79,
        78,
        83,
        97,
        94,
        95,
        93,
        89,
        143,
        145,
        144,
        147,
        146,
        148,
        299
      ],
      "score": 1919.0,
      "length": 8028.294505333113
    },
    {
      "route_index": 2,
      "nodes": [
        0,
        152,
        153,
        154,
        155,
        216,
        215,
        217,
        211,
        221,
        208,
        219,
        223,
        222,
        203,
        204,
        206,
        207,
        209,
        210,
        159,
        160,
        139,
        96,
        99,
        98,
        82,
        86,
        85,
        90,
        88,
        91,
        299
      ],
      "score": 1563.0,
      "length": 8010.543999062929
    },
    {
      "route_index": 3,
      "nodes": [
        0,
        6,
        13,
        87,
        84,
        80,
        81,
        101,
        75,
        77,
        102,
        128,
        131,
        132,
        133,
        163,
        162,
        136,
        134,
        135,
        137,
        138,
        140,
        141,
        142,
        92,
        299
      ],
      "score": 1625.0,
      "length": 7983.194214416587
    }
  ],
  "dataset": "vansteenwegen",
  "instance_name": "pr299_gen2_m3.txt",
  "run_seed": 59007,
  "run_index": 0
}