{
  "instance": {
    "num_nodes": 300,
    "team_size": 4,
    "max_route_distance": 6024.0,
    "start_depot": 0,
    "end_depot": 299
  },
  "objective": {
    "total_score": 75.0
  },
  "performance": {
    "cpu_time_seconds": 2.654274099972099,
    "iterations": 20,
    "iterations_to_convergence": 3,
    "last_improvement_iteration": 3,
    "stagnation_iterations": 17,
    "accepted_worse_moves": 0,
    "restarts_performed": 1,
    "num_lp_solves": null,
    "num_labels_generated": null
  },
  "routes": [
    {
      "route_index": 1,
      "nodes": [
        0,
        3,
        2,
        1,
        6,
        88,
        90,
        93,
        140,
        141,
        157,
        156,
        154,
        153,
        145,
        144,
        146,
        148,
        299
      ],
      "score": 17.0,
      "length": 6002.117215699531
    },
    {
      "route_index": 2,
      "nodes": [
        0,
        13,
        15,
        18,
        19,
        80,
        81,
        78,
        21,
        23,
        22,
        20,
        17,
        16,
        14,
        12,
        11,
        10,
        9,
        8,
        7,
        4,
        5,
        299
      ],
      "score": 22.0,
      "length": 5958.32048470406
    },
    {
      "route_index": 3,
      "nodes": [
        0,
        147,
        152,
        151,
        150,
        149,
        297,
        295,
        296,
        293,
        294,
        292,
        291,
        289,
        214,
        213,
        155,
        143,
        299
      ],
      "score": 17.0,
      "length": 5990.5756766557315
    },
    {
      "route_index": 4,
      "nodes": [
        0,
        92,
        142,
        158,
        159,
        160,
        139,
        138,
        96,
        95,
        94,
        97,
        98,
        83,
        82,
        86,
        85,
        89,
        87,
        91,
        299
      ],
      "score": 19.0,
      "length": 6003.53906850163
    }
  ],
  "dataset": "vansteenwegen",
  "instance_name": "pr299_gen1_m4.txt",
  "run_seed": 58008,
  "run_index": 1
}