{
  "instance": {
    "num_nodes": 196,
    "team_size": 3,
    "max_route_distance": 387.333,
    "start_depot": 0,
    "end_depot": 195
  },
  "objective": {
    "total_score": 2343.0
  },
  "performance": {
    "cpu_time_seconds": 1.2998084000000745,
    "iterations": 20,
    "iterations_to_convergence": 20,
    "last_improvement_iteration": 20,
    "stagnation_iterations": 0,
    "accepted_worse_moves": 1,
    "restarts_performed": 1,
    "num_lp_solves": null,
    "num_labels_generated": null
  },
  "routes": [
    {
      "route_index": 1,
      "nodes": [
        0,
        27,
        41,
        42,
        55,
        56,
        57,
        59,
        60,
        61,
        73,
        74,
        75,
        76,
        77,
        64,
        63,
        62,
        48,
        47,
        33,
        19,
        18,
        195
      ],
      "score": 760.0,
      "length": 382.141539202826
    },
    {
      "route_index": 2,
      "nodes": [
        0,
        14,
        28,
        29,
        43,
        44,
        58,
        70,
        71,
        72,
        85,
        86,
        84,
        83,
        82,
        81,
        80,
        79,
        78,
        65,
        66,
        53,
        52,
        39,
        40,
        26,
        13,
        195
      ],
      "score": 791.0,
      "length": 385.8019169470448
    },
    {
      "route_index": 3,
      "nodes": [
        0,
        1,
        2,
        3,
        4,
        5,
        6,
        20,
        21,
        22,
        23,
        10,
        11,
        12,
        25,
        24,
        37,
        38,
        51,
        50,
        49,
        36,
        35,
        34,
        32,
        31,
        30,
        17,
        16,
        15,
        195
      ],
      "score": 792.0,
      "length": 383.6207303107785
    }
  ],
  "dataset": "vansteenwegen",
  "instance_name": "rat195_gen3_m3.txt",
  "run_seed": 72
}