{
  "instance": {
    "num_nodes": 196,
    "team_size": 2,
    "max_route_distance": 581.0,
    "start_depot": 0,
    "end_depot": 195
  },
  "objective": {
    "total_score": 4798.0
  },
  "performance": {
    "cpu_time_seconds": 1.514816000009887,
    "iterations": 20,
    "iterations_to_convergence": 15,
    "last_improvement_iteration": 15,
    "stagnation_iterations": 5,
    "accepted_worse_moves": 0,
    "restarts_performed": 1,
    "num_lp_solves": null,
    "num_labels_generated": null
  },
  "routes": [
    {
      "route_index": 1,
      "nodes": [
        0,
        13,
        26,
        39,
        52,
        53,
        65,
        66,
        67,
        79,
        80,
        92,
        93,
        94,
        95,
        96,
        97,
        98,
        99,
        100,
        101,
        114,
        115,
        116,
        102,
        103,
        89,
        88,
        87,
        75,
        74,
        63,
        62,
        48,
        47,
        46,
        45,
        32,
        31,
        30,
        16,
        15,
        195
      ],
      "score": 2338.0,
      "length": 580.6906398014779
    },
    {
      "route_index": 2,
      "nodes": [
        0,
        1,
        2,
        3,
        4,
        5,
        6,
        19,
        20,
        33,
        21,
        22,
        23,
        9,
        10,
        11,
        24,
        25,
        38,
        37,
        35,
        36,
        50,
        49,
        60,
        59,
        72,
        85,
        84,
        71,
        70,
        57,
        58,
        56,
        55,
        43,
        42,
        41,
        40,
        28,
        27,
        14,
        195
      ],
      "score": 2460.0,
      "length": 580.4222488185255
    }
  ],
  "dataset": "vansteenwegen",
  "instance_name": "rat195_gen2_m2.txt",
  "run_seed": 64008,
  "run_index": 1
}