{
  "instance": {
    "num_nodes": 196,
    "team_size": 2,
    "max_route_distance": 581.0,
    "start_depot": 0,
    "end_depot": 195
  },
  "objective": {
    "total_score": 4537.0
  },
  "performance": {
    "cpu_time_seconds": 1.1528199999993376,
    "iterations": 20,
    "iterations_to_convergence": 11,
    "last_improvement_iteration": 11,
    "stagnation_iterations": 9,
    "accepted_worse_moves": 0,
    "restarts_performed": 1,
    "num_lp_solves": null,
    "num_labels_generated": null
  },
  "routes": [
    {
      "route_index": 1,
      "nodes": [
        0,
        14,
        27,
        40,
        39,
        52,
        53,
        54,
        55,
        43,
        44,
        45,
        58,
        57,
        70,
        71,
        72,
        73,
        61,
        62,
        63,
        64,
        50,
        49,
        36,
        35,
        37,
        38,
        25,
        24,
        11,
        10,
        9,
        23,
        22,
        21,
        20,
        19,
        6,
        5,
        4,
        3,
        2,
        1,
        195
      ],
      "score": 2392.0,
      "length": 580.8777121461634
    },
    {
      "route_index": 2,
      "nodes": [
        0,
        15,
        16,
        30,
        31,
        32,
        33,
        47,
        48,
        60,
        59,
        74,
        75,
        76,
        77,
        89,
        88,
        87,
        85,
        86,
        99,
        98,
        97,
        96,
        95,
        94,
        93,
        92,
        80,
        81,
        82,
        69,
        56,
        42,
        41,
        28,
        26,
        13,
        195
      ],
      "score": 2145.0,
      "length": 580.7971960804233
    }
  ],
  "dataset": "vansteenwegen",
  "instance_name": "rat195_gen2_m2.txt",
  "run_seed": 71
}