{
  "instance": {
    "num_nodes": 196,
    "team_size": 3,
    "max_route_distance": 387.333,
    "start_depot": 0,
    "end_depot": 195
  },
  "objective": {
    "total_score": 2123.0
  },
  "performance": {
    "cpu_time_seconds": 1.459728499990888,
    "iterations": 20,
    "iterations_to_convergence": 20,
    "last_improvement_iteration": 20,
    "stagnation_iterations": 0,
    "accepted_worse_moves": 0,
    "restarts_performed": 1,
    "num_lp_solves": null,
    "num_labels_generated": null
  },
  "routes": [
    {
      "route_index": 1,
      "nodes": [
        0,
        1,
        18,
        19,
        20,
        21,
        23,
        24,
        11,
        12,
        25,
        38,
        37,
        36,
        47,
        46,
        45,
        58,
        57,
        56,
        55,
        42,
        41,
        27,
        14,
        195
      ],
      "score": 675.0,
      "length": 383.20528257022914
    },
    {
      "route_index": 2,
      "nodes": [
        0,
        2,
        3,
        4,
        5,
        6,
        7,
        8,
        9,
        22,
        35,
        48,
        62,
        73,
        72,
        71,
        70,
        69,
        68,
        67,
        66,
        53,
        52,
        39,
        26,
        13,
        195
      ],
      "score": 681.0,
      "length": 384.9187652065269
    },
    {
      "route_index": 3,
      "nodes": [
        0,
        15,
        16,
        17,
        30,
        31,
        32,
        33,
        34,
        49,
        50,
        51,
        64,
        63,
        77,
        76,
        75,
        74,
        61,
        60,
        59,
        44,
        43,
        29,
        28,
        195
      ],
      "score": 767.0,
      "length": 385.56429827986807
    }
  ],
  "dataset": "vansteenwegen",
  "instance_name": "rat195_gen3_m3.txt",
  "run_seed": 65008,
  "run_index": 1
}