{
  "instance": {
    "num_nodes": 196,
    "team_size": 2,
    "max_route_distance": 581.0,
    "start_depot": 0,
    "end_depot": 195
  },
  "objective": {
    "total_score": 4617.0
  },
  "performance": {
    "cpu_time_seconds": 1.500575999962166,
    "iterations": 20,
    "iterations_to_convergence": 13,
    "last_improvement_iteration": 13,
    "stagnation_iterations": 7,
    "accepted_worse_moves": 1,
    "restarts_performed": 1,
    "num_lp_solves": null,
    "num_labels_generated": null
  },
  "routes": [
    {
      "route_index": 1,
      "nodes": [
        0,
        15,
        16,
        17,
        30,
        31,
        18,
        19,
        20,
        21,
        33,
        34,
        35,
        36,
        49,
        48,
        60,
        59,
        70,
        57,
        56,
        55,
        54,
        67,
        81,
        80,
        94,
        106,
        93,
        92,
        79,
        65,
        66,
        53,
        52,
        40,
        41,
        27,
        26,
        13,
        195
      ],
      "score": 2213.0,
      "length": 578.2907390461274
    },
    {
      "route_index": 2,
      "nodes": [
        0,
        1,
        2,
        3,
        4,
        5,
        6,
        7,
        8,
        9,
        10,
        11,
        23,
        24,
        25,
        38,
        50,
        64,
        63,
        62,
        61,
        74,
        75,
        88,
        87,
        85,
        86,
        99,
        98,
        97,
        96,
        82,
        83,
        84,
        71,
        72,
        58,
        45,
        44,
        43,
        29,
        28,
        14,
        195
      ],
      "score": 2404.0,
      "length": 579.1602685188504
    }
  ],
  "dataset": "vansteenwegen",
  "instance_name": "rat195_gen2_m2.txt",
  "run_seed": 64007,
  "run_index": 0
}