{
  "instance": {
    "num_nodes": 226,
    "team_size": 2,
    "max_route_distance": 31661.0,
    "start_depot": 0,
    "end_depot": 225
  },
  "objective": {
    "total_score": 5150.0
  },
  "performance": {
    "cpu_time_seconds": 2.5733394999988377,
    "iterations": 20,
    "iterations_to_convergence": 15,
    "last_improvement_iteration": 15,
    "stagnation_iterations": 5,
    "accepted_worse_moves": 1,
    "restarts_performed": 1,
    "num_lp_solves": null,
    "num_labels_generated": null
  },
  "routes": [
    {
      "route_index": 1,
      "nodes": [
        0,
        125,
        126,
        127,
        128,
        129,
        26,
        25,
        150,
        151,
        152,
        153,
        154,
        50,
        175,
        51,
        52,
        53,
        54,
        55,
        158,
        159,
        56,
        180,
        57,
        58,
        59,
        60,
        187,
        186,
        185,
        62,
        63,
        164,
        163,
        162,
        161,
        160,
        37,
        36,
        35,
        34,
        33,
        32,
        155,
        31,
        30,
        134,
        133,
        132,
        131,
        2,
        1,
        225
      ],
      "score": 2932.0,
      "length": 31399.518291100965
    },
    {
      "route_index": 2,
      "nodes": [
        0,
        3,
        4,
        5,
        6,
        7,
        8,
        9,
        10,
        11,
        12,
        13,
        14,
        15,
        16,
        17,
        18,
        19,
        140,
        141,
        142,
        143,
        144,
        43,
        44,
        45,
        46,
        47,
        48,
        170,
        167,
        166,
        165,
        42,
        41,
        40,
        39,
        38,
        139,
        138,
        137,
        136,
        135,
        130,
        225
      ],
      "score": 2218.0,
      "length": 31532.08605006368
    }
  ],
  "dataset": "vansteenwegen",
  "instance_name": "ts225_gen2_m2.txt",
  "run_seed": 66008,
  "run_index": 1
}