{
  "instance": {
    "num_nodes": 226,
    "team_size": 2,
    "max_route_distance": 31661.0,
    "start_depot": 0,
    "end_depot": 225
  },
  "objective": {
    "total_score": 5390.0
  },
  "performance": {
    "cpu_time_seconds": 1.9304894999995668,
    "iterations": 20,
    "iterations_to_convergence": 11,
    "last_improvement_iteration": 11,
    "stagnation_iterations": 9,
    "accepted_worse_moves": 0,
    "restarts_performed": 1,
    "num_lp_solves": null,
    "num_labels_generated": null
  },
  "routes": [
    {
      "route_index": 1,
      "nodes": [
        0,
        1,
        130,
        131,
        132,
        133,
        134,
        31,
        155,
        156,
        157,
        158,
        159,
        58,
        57,
        56,
        55,
        54,
        53,
        52,
        180,
        181,
        182,
        183,
        184,
        81,
        82,
        205,
        206,
        80,
        79,
        78,
        77,
        76,
        75,
        179,
        178,
        177,
        176,
        175,
        50,
        154,
        153,
        152,
        151,
        150,
        25,
        129,
        128,
        127,
        126,
        125,
        225
      ],
      "score": 2671.0,
      "length": 31054.23732829156
    },
    {
      "route_index": 2,
      "nodes": [
        0,
        26,
        27,
        28,
        29,
        30,
        32,
        33,
        34,
        35,
        36,
        37,
        160,
        161,
        162,
        163,
        164,
        62,
        185,
        63,
        64,
        65,
        66,
        67,
        68,
        169,
        168,
        167,
        166,
        165,
        43,
        42,
        41,
        40,
        39,
        38,
        139,
        138,
        137,
        136,
        135,
        14,
        13,
        12,
        11,
        10,
        9,
        8,
        7,
        6,
        5,
        4,
        3,
        2,
        225
      ],
      "score": 2719.0,
      "length": 31573.6288162721
    }
  ],
  "dataset": "vansteenwegen",
  "instance_name": "ts225_gen2_m2.txt",
  "run_seed": 73
}