{
  "instance": {
    "num_nodes": 201,
    "team_size": 3,
    "max_route_distance": 127.33,
    "start_depot": 0,
    "end_depot": 200
  },
  "objective": {
    "total_score": 1010.0
  },
  "performance": {
    "cpu_time_seconds": 51.91987270000391,
    "iterations": 36,
    "iterations_to_convergence": 36,
    "last_improvement_iteration": 36,
    "stagnation_iterations": 0,
    "accepted_worse_moves": 0,
    "restarts_performed": 3,
    "num_lp_solves": 36,
    "num_labels_generated": 25224210,
    "columns_generated": 5034,
    "columns_in_pool": 1678,
    "fractional_columns_at_root": 0
  },
  "routes": [
    {
      "route_index": 1,
      "nodes": [
        0,
        112,
        183,
        147,
        96,
        104,
        99,
        59,
        151,
        37,
        98,
        93,
        85,
        61,
        5,
        118,
        166,
        89,
        156,
        200
      ],
      "score": 370.0,
      "length": 70.9577773203132
    },
    {
      "route_index": 2,
      "nodes": [
        0,
        28,
        111,
        138,
        154,
        12,
        68,
        80,
        150,
        177,
        109,
        26,
        195,
        149,
        180,
        105,
        58,
        152,
        53,
        200
      ],
      "score": 336.0,
      "length": 78.74889750554787
    },
    {
      "route_index": 3,
      "nodes": [
        0,
        146,
        52,
        127,
        190,
        31,
        162,
        69,
        1,
        157,
        102,
        196,
        184,
        76,
        50,
        176,
        132,
        167,
        27,
        200
      ],
      "score": 304.0,
      "length": 86.08459428975218
    }
  ],
  "dataset": "vansteenwegen",
  "instance_name": "cmt200b_m3.txt",
  "run_seed": 14007,
  "run_index": 0
}