{
  "instance": {
    "num_nodes": 128,
    "team_size": 3,
    "max_route_distance": 19713.7,
    "start_depot": 0,
    "end_depot": 127
  },
  "objective": {
    "total_score": 4952.0
  },
  "performance": {
    "cpu_time_seconds": 0.9525657000485808,
    "iterations": 20,
    "iterations_to_convergence": 12,
    "last_improvement_iteration": 12,
    "stagnation_iterations": 8,
    "accepted_worse_moves": 1,
    "restarts_performed": 1,
    "num_lp_solves": null,
    "num_labels_generated": null
  },
  "routes": [
    {
      "route_index": 1,
      "nodes": [
        0,
        12,
        114,
        49,
        4,
        100,
        125,
        65,
        54,
        55,
        120,
        34,
        36,
        35,
        40,
        11,
        30,
        26,
        79,
        78,
        82,
        83,
        81,
        80,
        76,
        17,
        20,
        16,
        21,
        22,
        23,
        5,
        105,
        113,
        104,
        127
      ],
      "score": 1625.0,
      "length": 19200.087103121874
    },
    {
      "route_index": 2,
      "nodes": [
        0,
        1,
        50,
        56,
        53,
        43,
        102,
        44,
        47,
        117,
        45,
        48,
        52,
        46,
        123,
        51,
        101,
        99,
        63,
        57,
        90,
        60,
        61,
        58,
        59,
        89,
        115,
        66,
        72,
        71,
        18,
        3,
        107,
        19,
        14,
        127
      ],
      "score": 1710.0,
      "length": 19581.469108800473
    },
    {
      "route_index": 3,
      "nodes": [
        0,
        15,
        13,
        29,
        42,
        33,
        41,
        38,
        37,
        25,
        24,
        32,
        121,
        28,
        31,
        116,
        77,
        75,
        69,
        70,
        67,
        73,
        7,
        8,
        10,
        2,
        9,
        119,
        6,
        127
      ],
      "score": 1617.0,
      "length": 19708.188881379258
    }
  ],
  "dataset": "dang",
  "instance_name": "bier127_gen2_m3.txt",
  "run_seed": 3008,
  "run_index": 1
}