{
  "instance": {
    "num_nodes": 128,
    "team_size": 2,
    "max_route_distance": 29570.5,
    "start_depot": 0,
    "end_depot": 127
  },
  "objective": {
    "total_score": 5047.0
  },
  "performance": {
    "cpu_time_seconds": 0.6943089999995209,
    "iterations": 20,
    "iterations_to_convergence": 12,
    "last_improvement_iteration": 12,
    "stagnation_iterations": 8,
    "accepted_worse_moves": 1,
    "restarts_performed": 1,
    "num_lp_solves": null,
    "num_labels_generated": null
  },
  "routes": [
    {
      "route_index": 1,
      "nodes": [
        0,
        15,
        13,
        11,
        30,
        26,
        25,
        24,
        32,
        28,
        31,
        121,
        27,
        37,
        38,
        41,
        33,
        42,
        39,
        50,
        56,
        120,
        55,
        4,
        114,
        12,
        119,
        9,
        101,
        99,
        125,
        112,
        63,
        57,
        90,
        60,
        61,
        58,
        59,
        115,
        89,
        2,
        10,
        8,
        7,
        71,
        17,
        76,
        20,
        16,
        21,
        22,
        23,
        5,
        105,
        113,
        104,
        6,
        127
      ],
      "score": 2902.0,
      "length": 29554.71155504375
    },
    {
      "route_index": 2,
      "nodes": [
        0,
        1,
        49,
        100,
        51,
        123,
        65,
        54,
        46,
        52,
        48,
        45,
        117,
        47,
        53,
        44,
        102,
        43,
        34,
        36,
        35,
        40,
        29,
        79,
        78,
        82,
        83,
        80,
        81,
        77,
        116,
        75,
        74,
        68,
        69,
        70,
        67,
        73,
        72,
        66,
        18,
        3,
        19,
        107,
        14,
        127
      ],
      "score": 2145.0,
      "length": 29386.60609808928
    }
  ],
  "dataset": "dang",
  "instance_name": "bier127_gen2_m2.txt",
  "run_seed": 9
}