{
  "instance": {
    "num_nodes": 128,
    "team_size": 4,
    "max_route_distance": 14785.2,
    "start_depot": 0,
    "end_depot": 127
  },
  "objective": {
    "total_score": 4729.0
  },
  "performance": {
    "cpu_time_seconds": 0.6581023999997342,
    "iterations": 20,
    "iterations_to_convergence": 20,
    "last_improvement_iteration": 20,
    "stagnation_iterations": 0,
    "accepted_worse_moves": 0,
    "restarts_performed": 1,
    "num_lp_solves": null,
    "num_labels_generated": null
  },
  "routes": [
    {
      "route_index": 1,
      "nodes": [
        0,
        6,
        14,
        19,
        16,
        11,
        13,
        41,
        39,
        43,
        102,
        44,
        53,
        56,
        50,
        120,
        55,
        123,
        51,
        100,
        4,
        49,
        1,
        127
      ],
      "score": 1240.0,
      "length": 14311.277214317879
    },
    {
      "route_index": 2,
      "nodes": [
        0,
        12,
        114,
        9,
        99,
        101,
        54,
        65,
        125,
        112,
        63,
        57,
        90,
        60,
        61,
        58,
        59,
        115,
        89,
        2,
        8,
        10,
        104,
        127
      ],
      "score": 1177.0,
      "length": 14606.69164856089
    },
    {
      "route_index": 3,
      "nodes": [
        0,
        119,
        113,
        5,
        107,
        3,
        21,
        20,
        17,
        76,
        77,
        116,
        31,
        28,
        27,
        121,
        32,
        24,
        25,
        29,
        40,
        34,
        127
      ],
      "score": 980.0,
      "length": 14462.89098127327
    },
    {
      "route_index": 4,
      "nodes": [
        0,
        105,
        23,
        22,
        18,
        7,
        71,
        73,
        72,
        67,
        70,
        69,
        75,
        80,
        83,
        81,
        82,
        78,
        79,
        30,
        26,
        37,
        38,
        33,
        42,
        35,
        36,
        15,
        127
      ],
      "score": 1332.0,
      "length": 14771.413492129206
    }
  ],
  "dataset": "dang",
  "instance_name": "bier127_gen2_m4.txt",
  "run_seed": 11
}