{
  "instance": {
    "num_nodes": 128,
    "team_size": 4,
    "max_route_distance": 14785.2,
    "start_depot": 0,
    "end_depot": 127
  },
  "objective": {
    "total_score": 2078.0
  },
  "performance": {
    "cpu_time_seconds": 0.8849077000049874,
    "iterations": 20,
    "iterations_to_convergence": 19,
    "last_improvement_iteration": 19,
    "stagnation_iterations": 1,
    "accepted_worse_moves": 3,
    "restarts_performed": 1,
    "num_lp_solves": null,
    "num_labels_generated": null
  },
  "routes": [
    {
      "route_index": 1,
      "nodes": [
        0,
        120,
        55,
        52,
        47,
        93,
        45,
        117,
        48,
        46,
        54,
        65,
        123,
        51,
        100,
        4,
        49,
        114,
        12,
        127
      ],
      "score": 482.0,
      "length": 13883.483279839398
    },
    {
      "route_index": 2,
      "nodes": [
        0,
        13,
        11,
        29,
        42,
        33,
        38,
        37,
        25,
        26,
        30,
        79,
        78,
        82,
        77,
        116,
        75,
        80,
        81,
        83,
        76,
        17,
        16,
        20,
        18,
        21,
        3,
        19,
        107,
        5,
        105,
        14,
        104,
        127
      ],
      "score": 639.0,
      "length": 14757.664321735128
    },
    {
      "route_index": 3,
      "nodes": [
        0,
        113,
        10,
        8,
        23,
        22,
        7,
        71,
        73,
        72,
        67,
        69,
        70,
        66,
        115,
        89,
        59,
        61,
        60,
        90,
        57,
        63,
        99,
        101,
        9,
        119,
        6,
        127
      ],
      "score": 597.0,
      "length": 14578.530434418675
    },
    {
      "route_index": 4,
      "nodes": [
        0,
        1,
        50,
        56,
        53,
        43,
        44,
        102,
        92,
        94,
        122,
        41,
        39,
        34,
        36,
        35,
        40,
        15,
        127
      ],
      "score": 360.0,
      "length": 14770.817794232164
    }
  ],
  "dataset": "dang",
  "instance_name": "bier127_gen3_m4.txt",
  "run_seed": 7007,
  "run_index": 0
}