{
  "instance": {
    "num_nodes": 128,
    "team_size": 2,
    "max_route_distance": 29570.5,
    "start_depot": 0,
    "end_depot": 127
  },
  "objective": {
    "total_score": 2386.0
  },
  "performance": {
    "cpu_time_seconds": 0.7618286999995689,
    "iterations": 20,
    "iterations_to_convergence": 20,
    "last_improvement_iteration": 20,
    "stagnation_iterations": 0,
    "accepted_worse_moves": 0,
    "restarts_performed": 1,
    "num_lp_solves": null,
    "num_labels_generated": null
  },
  "routes": [
    {
      "route_index": 1,
      "nodes": [
        0,
        15,
        36,
        35,
        42,
        33,
        38,
        37,
        41,
        39,
        43,
        44,
        102,
        94,
        92,
        93,
        45,
        47,
        117,
        48,
        52,
        46,
        54,
        65,
        125,
        112,
        63,
        57,
        90,
        60,
        61,
        59,
        115,
        89,
        99,
        101,
        100,
        51,
        123,
        55,
        120,
        56,
        50,
        1,
        127
      ],
      "score": 1120.0,
      "length": 29319.43872067206
    },
    {
      "route_index": 2,
      "nodes": [
        0,
        6,
        119,
        12,
        114,
        9,
        2,
        8,
        10,
        113,
        104,
        14,
        105,
        5,
        107,
        23,
        22,
        3,
        21,
        19,
        16,
        20,
        18,
        7,
        71,
        17,
        76,
        73,
        72,
        66,
        67,
        70,
        69,
        68,
        74,
        75,
        116,
        77,
        83,
        80,
        81,
        82,
        78,
        79,
        31,
        28,
        27,
        121,
        32,
        24,
        25,
        26,
        30,
        29,
        40,
        13,
        11,
        127
      ],
      "score": 1266.0,
      "length": 29482.098037592164
    }
  ],
  "dataset": "dang",
  "instance_name": "bier127_gen3_m2.txt",
  "run_seed": 12
}