{
  "instance": {
    "num_nodes": 128,
    "team_size": 3,
    "max_route_distance": 19713.7,
    "start_depot": 0,
    "end_depot": 127
  },
  "objective": {
    "total_score": 97.0
  },
  "performance": {
    "cpu_time_seconds": 0.8436415999894962,
    "iterations": 20,
    "iterations_to_convergence": 7,
    "last_improvement_iteration": 7,
    "stagnation_iterations": 13,
    "accepted_worse_moves": 0,
    "restarts_performed": 1,
    "num_lp_solves": null,
    "num_labels_generated": null
  },
  "routes": [
    {
      "route_index": 1,
      "nodes": [
        0,
        49,
        100,
        51,
        123,
        54,
        65,
        125,
        112,
        114,
        12,
        119,
        113,
        5,
        105,
        14,
        19,
        20,
        16,
        11,
        30,
        26,
        24,
        32,
        121,
        27,
        29,
        40,
        13,
        127
      ],
      "score": 28.0,
      "length": 19643.28856228963
    },
    {
      "route_index": 2,
      "nodes": [
        0,
        15,
        36,
        35,
        34,
        39,
        42,
        33,
        41,
        38,
        37,
        25,
        79,
        78,
        82,
        77,
        75,
        83,
        81,
        80,
        76,
        17,
        73,
        67,
        69,
        70,
        72,
        66,
        7,
        71,
        18,
        21,
        3,
        107,
        23,
        22,
        8,
        10,
        104,
        127
      ],
      "score": 38.0,
      "length": 19581.25547933756
    },
    {
      "route_index": 3,
      "nodes": [
        0,
        6,
        9,
        2,
        89,
        115,
        59,
        58,
        61,
        60,
        90,
        57,
        63,
        99,
        101,
        4,
        120,
        55,
        46,
        52,
        48,
        117,
        47,
        45,
        93,
        44,
        102,
        43,
        53,
        56,
        50,
        1,
        127
      ],
      "score": 31.0,
      "length": 19073.458430109808
    }
  ],
  "dataset": "dang",
  "instance_name": "bier127_gen1_m3.txt",
  "run_seed": 1007,
  "run_index": 0
}