{
  "instance": {
    "num_nodes": 128,
    "team_size": 4,
    "max_route_distance": 14785.2,
    "start_depot": 0,
    "end_depot": 127
  },
  "objective": {
    "total_score": 2334.0
  },
  "performance": {
    "cpu_time_seconds": 0.709086799999568,
    "iterations": 20,
    "iterations_to_convergence": 18,
    "last_improvement_iteration": 18,
    "stagnation_iterations": 2,
    "accepted_worse_moves": 1,
    "restarts_performed": 1,
    "num_lp_solves": null,
    "num_labels_generated": null
  },
  "routes": [
    {
      "route_index": 1,
      "nodes": [
        0,
        105,
        5,
        10,
        8,
        23,
        22,
        18,
        71,
        7,
        66,
        72,
        73,
        67,
        70,
        69,
        68,
        74,
        75,
        83,
        80,
        81,
        76,
        17,
        20,
        16,
        21,
        3,
        107,
        19,
        14,
        127
      ],
      "score": 702.0,
      "length": 14629.64599438294
    },
    {
      "route_index": 2,
      "nodes": [
        0,
        13,
        40,
        29,
        42,
        33,
        38,
        37,
        25,
        24,
        32,
        121,
        27,
        28,
        31,
        116,
        77,
        82,
        78,
        79,
        26,
        30,
        11,
        127
      ],
      "score": 568.0,
      "length": 14517.345886260746
    },
    {
      "route_index": 3,
      "nodes": [
        0,
        15,
        36,
        35,
        34,
        39,
        43,
        102,
        44,
        53,
        47,
        117,
        93,
        45,
        48,
        52,
        46,
        55,
        120,
        56,
        50,
        49,
        127
      ],
      "score": 490.0,
      "length": 14779.771021969964
    },
    {
      "route_index": 4,
      "nodes": [
        0,
        104,
        113,
        2,
        89,
        115,
        59,
        58,
        61,
        60,
        90,
        99,
        101,
        57,
        63,
        112,
        125,
        65,
        54,
        123,
        51,
        4,
        100,
        114,
        119,
        6,
        127
      ],
      "score": 574.0,
      "length": 14713.076662829917
    }
  ],
  "dataset": "dang",
  "instance_name": "bier127_gen3_m4.txt",
  "run_seed": 14
}