{
  "instance": {
    "num_nodes": 128,
    "team_size": 2,
    "max_route_distance": 29570.5,
    "start_depot": 0,
    "end_depot": 127
  },
  "objective": {
    "total_score": 5140.0
  },
  "performance": {
    "cpu_time_seconds": 0.8492985999910161,
    "iterations": 20,
    "iterations_to_convergence": 19,
    "last_improvement_iteration": 19,
    "stagnation_iterations": 1,
    "accepted_worse_moves": 2,
    "restarts_performed": 1,
    "num_lp_solves": null,
    "num_labels_generated": null
  },
  "routes": [
    {
      "route_index": 1,
      "nodes": [
        0,
        6,
        104,
        14,
        19,
        16,
        20,
        21,
        3,
        8,
        10,
        9,
        101,
        99,
        57,
        63,
        124,
        112,
        125,
        65,
        54,
        123,
        51,
        100,
        4,
        120,
        53,
        44,
        102,
        43,
        34,
        39,
        42,
        33,
        41,
        38,
        37,
        27,
        121,
        31,
        28,
        32,
        24,
        25,
        26,
        30,
        11,
        13,
        40,
        35,
        36,
        15,
        127
      ],
      "score": 2913.0,
      "length": 29495.792846612916
    },
    {
      "route_index": 2,
      "nodes": [
        0,
        1,
        50,
        56,
        47,
        117,
        45,
        48,
        52,
        46,
        55,
        49,
        114,
        12,
        119,
        2,
        89,
        115,
        59,
        60,
        90,
        61,
        58,
        66,
        72,
        73,
        67,
        70,
        69,
        68,
        74,
        75,
        116,
        77,
        79,
        78,
        82,
        80,
        83,
        81,
        76,
        17,
        71,
        18,
        22,
        23,
        107,
        5,
        105,
        113,
        127
      ],
      "score": 2227.0,
      "length": 29497.755758888856
    }
  ],
  "dataset": "dang",
  "instance_name": "bier127_gen2_m2.txt",
  "run_seed": 2007,
  "run_index": 0
}