{
  "instance": {
    "num_nodes": 152,
    "team_size": 3,
    "max_route_distance": 175.0,
    "start_depot": 0,
    "end_depot": 151
  },
  "objective": {
    "total_score": 1772.0
  },
  "performance": {
    "cpu_time_seconds": 1.3873897000448778,
    "iterations": 20,
    "iterations_to_convergence": 20,
    "last_improvement_iteration": 20,
    "stagnation_iterations": 0,
    "accepted_worse_moves": 1,
    "restarts_performed": 1,
    "num_lp_solves": null,
    "num_labels_generated": null
  },
  "routes": [
    {
      "route_index": 1,
      "nodes": [
        0,
        28,
        138,
        105,
        58,
        13,
        137,
        2,
        115,
        144,
        87,
        97,
        95,
        59,
        93,
        85,
        98,
        37,
        100,
        14,
        119,
        44,
        141,
        16,
        86,
        113,
        17,
        45,
        125,
        8,
        114,
        83,
        60,
        118,
        5,
        104,
        99,
        96,
        94,
        6,
        147,
        112,
        151
      ],
      "score": 740.0,
      "length": 173.7300206207045
    },
    {
      "route_index": 2,
      "nodes": [
        0,
        146,
        27,
        132,
        69,
        1,
        76,
        116,
        77,
        3,
        33,
        81,
        120,
        9,
        135,
        35,
        136,
        71,
        103,
        20,
        128,
        122,
        30,
        131,
        32,
        90,
        108,
        10,
        62,
        148,
        88,
        31,
        127,
        52,
        89,
        151
      ],
      "score": 486.0,
      "length": 174.77596228569277
    },
    {
      "route_index": 3,
      "nodes": [
        0,
        111,
        50,
        102,
        79,
        129,
        121,
        29,
        24,
        134,
        80,
        150,
        68,
        12,
        109,
        54,
        130,
        110,
        4,
        139,
        39,
        67,
        23,
        56,
        75,
        133,
        22,
        74,
        72,
        73,
        21,
        149,
        26,
        53,
        151
      ],
      "score": 546.0,
      "length": 174.46273090902014
    }
  ],
  "dataset": "dang",
  "instance_name": "cmt151c_m3.txt",
  "run_seed": 11007,
  "run_index": 0
}