{
  "instance": {
    "num_nodes": 152,
    "team_size": 2,
    "max_route_distance": 262.5,
    "start_depot": 0,
    "end_depot": 151
  },
  "objective": {
    "total_score": 1861.0
  },
  "performance": {
    "cpu_time_seconds": 1.5952932999935001,
    "iterations": 20,
    "iterations_to_convergence": 20,
    "last_improvement_iteration": 20,
    "stagnation_iterations": 0,
    "accepted_worse_moves": 2,
    "restarts_performed": 1,
    "num_lp_solves": null,
    "num_labels_generated": null
  },
  "routes": [
    {
      "route_index": 1,
      "nodes": [
        0,
        105,
        26,
        149,
        21,
        73,
        72,
        74,
        22,
        133,
        75,
        56,
        23,
        39,
        139,
        4,
        130,
        54,
        134,
        24,
        29,
        121,
        129,
        79,
        3,
        77,
        116,
        68,
        80,
        150,
        109,
        12,
        138,
        28,
        146,
        89,
        60,
        118,
        5,
        93,
        85,
        61,
        16,
        113,
        86,
        141,
        44,
        119,
        14,
        100,
        37,
        98,
        92,
        59,
        99,
        104,
        96,
        94,
        6,
        147,
        112,
        151
      ],
      "score": 1029.0,
      "length": 261.586240267129
    },
    {
      "route_index": 2,
      "nodes": [
        0,
        27,
        132,
        69,
        127,
        31,
        88,
        106,
        82,
        114,
        125,
        45,
        8,
        124,
        47,
        48,
        123,
        19,
        107,
        11,
        62,
        148,
        10,
        108,
        90,
        32,
        131,
        128,
        20,
        66,
        71,
        103,
        9,
        120,
        81,
        33,
        102,
        50,
        76,
        111,
        53,
        58,
        137,
        2,
        115,
        144,
        87,
        97,
        95,
        117,
        13,
        151
      ],
      "score": 832.0,
      "length": 262.3379694813877
    }
  ],
  "dataset": "dang",
  "instance_name": "cmt151c_m2.txt",
  "run_seed": 10008,
  "run_index": 1
}