{
  "instance": {
    "num_nodes": 152,
    "team_size": 3,
    "max_route_distance": 116.67,
    "start_depot": 0,
    "end_depot": 151
  },
  "objective": {
    "total_score": 1262.0
  },
  "performance": {
    "cpu_time_seconds": 0.9564806000562385,
    "iterations": 20,
    "iterations_to_convergence": 9,
    "last_improvement_iteration": 9,
    "stagnation_iterations": 11,
    "accepted_worse_moves": 1,
    "restarts_performed": 1,
    "num_lp_solves": null,
    "num_labels_generated": null
  },
  "routes": [
    {
      "route_index": 1,
      "nodes": [
        0,
        89,
        147,
        6,
        94,
        13,
        58,
        40,
        21,
        73,
        72,
        74,
        22,
        133,
        75,
        56,
        4,
        130,
        54,
        134,
        80,
        150,
        68,
        12,
        138,
        28,
        151
      ],
      "score": 422.0,
      "length": 115.17394581736582
    },
    {
      "route_index": 2,
      "nodes": [
        0,
        146,
        52,
        106,
        82,
        114,
        83,
        60,
        118,
        5,
        99,
        104,
        59,
        93,
        85,
        61,
        16,
        141,
        44,
        119,
        14,
        100,
        98,
        37,
        97,
        95,
        112,
        151
      ],
      "score": 458.0,
      "length": 116.31383809718584
    },
    {
      "route_index": 3,
      "nodes": [
        0,
        53,
        105,
        26,
        149,
        109,
        76,
        116,
        77,
        3,
        79,
        129,
        120,
        9,
        81,
        33,
        102,
        50,
        1,
        132,
        69,
        101,
        31,
        127,
        27,
        151
      ],
      "score": 382.0,
      "length": 116.03589946931115
    }
  ],
  "dataset": "dang",
  "instance_name": "cmt151b_m3.txt",
  "run_seed": 9008,
  "run_index": 1
}