{
  "instance": {
    "num_nodes": 102,
    "team_size": 3,
    "max_route_distance": 126.33,
    "start_depot": 0,
    "end_depot": 101
  },
  "objective": {
    "total_score": 1210.0
  },
  "performance": {
    "cpu_time_seconds": 0.40370280004572123,
    "iterations": 20,
    "iterations_to_convergence": 14,
    "last_improvement_iteration": 14,
    "stagnation_iterations": 6,
    "accepted_worse_moves": 2,
    "restarts_performed": 1,
    "num_lp_solves": null,
    "num_labels_generated": null
  },
  "routes": [
    {
      "route_index": 1,
      "nodes": [
        0,
        75,
        5,
        3,
        9,
        8,
        10,
        11,
        12,
        14,
        16,
        19,
        15,
        13,
        17,
        18,
        30,
        28,
        26,
        23,
        21,
        101
      ],
      "score": 350.0,
      "length": 124.81710713964931
    },
    {
      "route_index": 2,
      "nodes": [
        0,
        20,
        22,
        25,
        27,
        29,
        24,
        52,
        50,
        51,
        48,
        45,
        46,
        49,
        47,
        43,
        42,
        44,
        40,
        41,
        68,
        64,
        61,
        72,
        74,
        62,
        66,
        69,
        63,
        65,
        67,
        101
      ],
      "score": 460.0,
      "length": 126.14960574562687
    },
    {
      "route_index": 3,
      "nodes": [
        0,
        7,
        6,
        4,
        1,
        2,
        99,
        100,
        97,
        93,
        92,
        94,
        95,
        96,
        98,
        88,
        85,
        84,
        86,
        87,
        90,
        101
      ],
      "score": 400.0,
      "length": 125.97137156937457
    }
  ],
  "dataset": "dang",
  "instance_name": "cmt101c_m3.txt",
  "run_seed": 8008,
  "run_index": 1
}