{
  "instance": {
    "num_nodes": 201,
    "team_size": 2,
    "max_route_distance": 191.0,
    "start_depot": 0,
    "end_depot": 200
  },
  "objective": {
    "total_score": 2007.0
  },
  "performance": {
    "cpu_time_seconds": 2.5564448001096025,
    "iterations": 20,
    "iterations_to_convergence": 19,
    "last_improvement_iteration": 19,
    "stagnation_iterations": 1,
    "accepted_worse_moves": 0,
    "restarts_performed": 1,
    "num_lp_solves": null,
    "num_labels_generated": null
  },
  "routes": [
    {
      "route_index": 1,
      "nodes": [
        0,
        28,
        138,
        154,
        12,
        68,
        80,
        150,
        177,
        109,
        195,
        149,
        26,
        180,
        198,
        72,
        197,
        75,
        133,
        22,
        171,
        115,
        178,
        2,
        144,
        87,
        97,
        95,
        151,
        92,
        59,
        99,
        104,
        93,
        85,
        98,
        37,
        100,
        193,
        91,
        191,
        141,
        16,
        61,
        5,
        118,
        60,
        166,
        89,
        147,
        6,
        183,
        94,
        13,
        58,
        152,
        105,
        53,
        200
      ],
      "score": 1054.0,
      "length": 190.1621845081535
    },
    {
      "route_index": 2,
      "nodes": [
        0,
        27,
        132,
        176,
        50,
        102,
        157,
        76,
        184,
        116,
        196,
        77,
        3,
        158,
        129,
        79,
        185,
        33,
        81,
        164,
        120,
        9,
        161,
        103,
        188,
        20,
        128,
        160,
        131,
        32,
        108,
        189,
        10,
        159,
        62,
        123,
        48,
        82,
        153,
        106,
        194,
        7,
        182,
        148,
        88,
        31,
        190,
        127,
        167,
        146,
        112,
        156,
        200
      ],
      "score": 953.0,
      "length": 190.67523493356242
    }
  ],
  "dataset": "dang",
  "instance_name": "cmt200b_m2.txt",
  "run_seed": 13008,
  "run_index": 1
}