{
  "instance": {
    "num_nodes": 201,
    "team_size": 4,
    "max_route_distance": 95.5,
    "start_depot": 0,
    "end_depot": 200
  },
  "objective": {
    "total_score": 1644.0
  },
  "performance": {
    "cpu_time_seconds": 1.6188645000001998,
    "iterations": 20,
    "iterations_to_convergence": 13,
    "last_improvement_iteration": 13,
    "stagnation_iterations": 7,
    "accepted_worse_moves": 4,
    "restarts_performed": 1,
    "num_lp_solves": null,
    "num_labels_generated": null
  },
  "routes": [
    {
      "route_index": 1,
      "nodes": [
        0,
        176,
        50,
        102,
        157,
        33,
        81,
        185,
        79,
        158,
        3,
        77,
        68,
        80,
        150,
        163,
        134,
        177,
        109,
        195,
        149,
        26,
        180,
        105,
        200
      ],
      "score": 406.0,
      "length": 93.9401481595681
    },
    {
      "route_index": 2,
      "nodes": [
        0,
        53,
        58,
        152,
        13,
        117,
        95,
        59,
        93,
        85,
        193,
        91,
        191,
        141,
        16,
        86,
        113,
        173,
        5,
        104,
        99,
        96,
        147,
        89,
        156,
        200
      ],
      "score": 453.0,
      "length": 95.44503623107731
    },
    {
      "route_index": 3,
      "nodes": [
        0,
        28,
        138,
        154,
        12,
        184,
        116,
        196,
        76,
        111,
        132,
        69,
        162,
        108,
        189,
        10,
        159,
        62,
        148,
        31,
        190,
        127,
        167,
        27,
        200
      ],
      "score": 438.0,
      "length": 94.68614139838421
    },
    {
      "route_index": 4,
      "nodes": [
        0,
        112,
        137,
        2,
        115,
        178,
        144,
        87,
        97,
        92,
        151,
        94,
        183,
        6,
        118,
        60,
        166,
        18,
        153,
        106,
        194,
        52,
        146,
        200
      ],
      "score": 347.0,
      "length": 94.67350676735673
    }
  ],
  "dataset": "dang",
  "instance_name": "cmt200b_m4.txt",
  "run_seed": 22
}