{
  "instance": {
    "num_nodes": 201,
    "team_size": 3,
    "max_route_distance": 127.33,
    "start_depot": 0,
    "end_depot": 200
  },
  "objective": {
    "total_score": 1868.0
  },
  "performance": {
    "cpu_time_seconds": 2.2311722999438643,
    "iterations": 20,
    "iterations_to_convergence": 17,
    "last_improvement_iteration": 17,
    "stagnation_iterations": 3,
    "accepted_worse_moves": 1,
    "restarts_performed": 1,
    "num_lp_solves": null,
    "num_labels_generated": null
  },
  "routes": [
    {
      "route_index": 1,
      "nodes": [
        0,
        156,
        112,
        147,
        6,
        183,
        94,
        95,
        92,
        151,
        59,
        104,
        99,
        93,
        85,
        98,
        37,
        100,
        193,
        191,
        141,
        16,
        61,
        173,
        5,
        118,
        60,
        18,
        153,
        106,
        194,
        7,
        182,
        88,
        31,
        162,
        69,
        132,
        176,
        111,
        200
      ],
      "score": 677.0,
      "length": 127.26154633416085
    },
    {
      "route_index": 2,
      "nodes": [
        0,
        28,
        138,
        154,
        12,
        184,
        196,
        76,
        50,
        102,
        157,
        33,
        81,
        120,
        164,
        34,
        169,
        129,
        79,
        185,
        3,
        158,
        77,
        116,
        68,
        80,
        150,
        177,
        109,
        195,
        149,
        26,
        180,
        105,
        58,
        152,
        53,
        200
      ],
      "score": 656.0,
      "length": 127.31631184830736
    },
    {
      "route_index": 3,
      "nodes": [
        0,
        89,
        166,
        83,
        199,
        125,
        45,
        174,
        8,
        114,
        82,
        48,
        124,
        47,
        168,
        123,
        19,
        107,
        175,
        11,
        108,
        189,
        10,
        159,
        62,
        148,
        190,
        127,
        167,
        27,
        200
      ],
      "score": 535.0,
      "length": 125.66101116233871
    }
  ],
  "dataset": "dang",
  "instance_name": "cmt200b_m3.txt",
  "run_seed": 14007,
  "run_index": 0
}