{
  "instance": {
    "num_nodes": 201,
    "team_size": 2,
    "max_route_distance": 286.5,
    "start_depot": 0,
    "end_depot": 200
  },
  "objective": {
    "total_score": 2709.0
  },
  "performance": {
    "cpu_time_seconds": 2.624271399999998,
    "iterations": 20,
    "iterations_to_convergence": 18,
    "last_improvement_iteration": 18,
    "stagnation_iterations": 2,
    "accepted_worse_moves": 0,
    "restarts_performed": 1,
    "num_lp_solves": null,
    "num_labels_generated": null
  },
  "routes": [
    {
      "route_index": 1,
      "nodes": [
        0,
        28,
        138,
        154,
        12,
        109,
        195,
        149,
        26,
        180,
        105,
        53,
        112,
        89,
        147,
        6,
        183,
        94,
        95,
        97,
        92,
        151,
        59,
        96,
        99,
        104,
        93,
        85,
        91,
        193,
        100,
        192,
        14,
        119,
        44,
        191,
        141,
        16,
        86,
        113,
        61,
        173,
        5,
        118,
        60,
        166,
        18,
        153,
        106,
        194,
        82,
        114,
        8,
        125,
        45,
        174,
        124,
        47,
        168,
        48,
        123,
        19,
        107,
        175,
        11,
        63,
        126,
        108,
        10,
        189,
        159,
        62,
        148,
        182,
        88,
        31,
        190,
        127,
        167,
        27,
        200
      ],
      "score": 1444.0,
      "length": 286.18987003171645
    },
    {
      "route_index": 2,
      "nodes": [
        0,
        156,
        152,
        58,
        13,
        137,
        87,
        172,
        144,
        2,
        178,
        115,
        171,
        74,
        22,
        133,
        75,
        197,
        72,
        73,
        21,
        198,
        110,
        4,
        155,
        130,
        54,
        134,
        163,
        177,
        80,
        150,
        68,
        3,
        158,
        77,
        116,
        196,
        184,
        76,
        50,
        102,
        157,
        33,
        81,
        185,
        79,
        129,
        169,
        34,
        164,
        120,
        9,
        135,
        35,
        71,
        161,
        103,
        66,
        188,
        20,
        128,
        160,
        131,
        32,
        30,
        122,
        70,
        101,
        162,
        69,
        132,
        1,
        176,
        111,
        200
      ],
      "score": 1265.0,
      "length": 286.4303376298232
    }
  ],
  "dataset": "dang",
  "instance_name": "cmt200c_m2.txt",
  "run_seed": 23
}