{
  "instance": {
    "num_nodes": 201,
    "team_size": 4,
    "max_route_distance": 143.25,
    "start_depot": 0,
    "end_depot": 200
  },
  "objective": {
    "total_score": 2342.0
  },
  "performance": {
    "cpu_time_seconds": 6.051667800056748,
    "iterations": 20,
    "iterations_to_convergence": 20,
    "last_improvement_iteration": 20,
    "stagnation_iterations": 0,
    "accepted_worse_moves": 0,
    "restarts_performed": 1,
    "num_lp_solves": null,
    "num_labels_generated": null
  },
  "routes": [
    {
      "route_index": 1,
      "nodes": [
        0,
        28,
        154,
        138,
        76,
        196,
        3,
        158,
        68,
        80,
        150,
        177,
        109,
        195,
        149,
        180,
        21,
        198,
        72,
        197,
        75,
        133,
        22,
        171,
        115,
        178,
        2,
        87,
        97,
        92,
        151,
        37,
        98,
        100,
        193,
        85,
        93,
        104,
        99,
        96,
        6,
        156,
        200
      ],
      "score": 704.0,
      "length": 142.2580802127038
    },
    {
      "route_index": 2,
      "nodes": [
        0,
        94,
        183,
        147,
        89,
        153,
        106,
        194,
        7,
        82,
        48,
        123,
        182,
        148,
        62,
        159,
        189,
        10,
        108,
        90,
        32,
        131,
        160,
        128,
        188,
        20,
        30,
        122,
        101,
        69,
        132,
        176,
        111,
        200
      ],
      "score": 559.0,
      "length": 143.12049176598887
    },
    {
      "route_index": 3,
      "nodes": [
        0,
        112,
        13,
        117,
        95,
        59,
        5,
        118,
        60,
        166,
        52,
        127,
        190,
        31,
        162,
        1,
        50,
        102,
        157,
        33,
        81,
        120,
        164,
        78,
        129,
        79,
        77,
        116,
        184,
        12,
        26,
        105,
        200
      ],
      "score": 593.0,
      "length": 141.89862615113853
    },
    {
      "route_index": 4,
      "nodes": [
        0,
        53,
        152,
        58,
        137,
        144,
        172,
        42,
        142,
        14,
        192,
        119,
        44,
        191,
        141,
        16,
        86,
        113,
        61,
        173,
        84,
        83,
        199,
        125,
        45,
        174,
        8,
        114,
        18,
        146,
        167,
        27,
        200
      ],
      "score": 486.0,
      "length": 143.18440569989366
    }
  ],
  "dataset": "dang",
  "instance_name": "cmt200c_m4.txt",
  "run_seed": 18007,
  "run_index": 0
}