{
  "instance": {
    "num_nodes": 201,
    "team_size": 3,
    "max_route_distance": 127.33,
    "start_depot": 0,
    "end_depot": 200
  },
  "objective": {
    "total_score": 1811.0
  },
  "performance": {
    "cpu_time_seconds": 1.6754947999997967,
    "iterations": 20,
    "iterations_to_convergence": 16,
    "last_improvement_iteration": 16,
    "stagnation_iterations": 4,
    "accepted_worse_moves": 0,
    "restarts_performed": 1,
    "num_lp_solves": null,
    "num_labels_generated": null
  },
  "routes": [
    {
      "route_index": 1,
      "nodes": [
        0,
        152,
        58,
        137,
        13,
        95,
        92,
        151,
        59,
        99,
        104,
        93,
        85,
        61,
        5,
        118,
        60,
        83,
        199,
        125,
        45,
        174,
        8,
        114,
        82,
        153,
        106,
        194,
        7,
        182,
        148,
        88,
        31,
        190,
        127,
        167,
        27,
        200
      ],
      "score": 654.0,
      "length": 127.22419831159469
    },
    {
      "route_index": 2,
      "nodes": [
        0,
        53,
        105,
        180,
        198,
        72,
        197,
        4,
        155,
        130,
        54,
        134,
        163,
        177,
        80,
        150,
        68,
        184,
        76,
        196,
        116,
        77,
        3,
        158,
        79,
        185,
        81,
        33,
        157,
        102,
        50,
        1,
        176,
        111,
        200
      ],
      "score": 597.0,
      "length": 126.56721114622896
    },
    {
      "route_index": 3,
      "nodes": [
        0,
        156,
        112,
        89,
        166,
        147,
        6,
        183,
        94,
        96,
        97,
        87,
        144,
        2,
        178,
        115,
        145,
        22,
        133,
        75,
        74,
        171,
        73,
        21,
        179,
        149,
        26,
        195,
        109,
        12,
        138,
        154,
        28,
        200
      ],
      "score": 560.0,
      "length": 127.17330691636978
    }
  ],
  "dataset": "dang",
  "instance_name": "cmt200b_m3.txt",
  "run_seed": 21
}