{
  "instance": {
    "num_nodes": 201,
    "team_size": 3,
    "max_route_distance": 127.33,
    "start_depot": 0,
    "end_depot": 200
  },
  "objective": {
    "total_score": 1872.0
  },
  "performance": {
    "cpu_time_seconds": 2.547516099992208,
    "iterations": 20,
    "iterations_to_convergence": 18,
    "last_improvement_iteration": 18,
    "stagnation_iterations": 2,
    "accepted_worse_moves": 2,
    "restarts_performed": 1,
    "num_lp_solves": null,
    "num_labels_generated": null
  },
  "routes": [
    {
      "route_index": 1,
      "nodes": [
        0,
        105,
        180,
        26,
        138,
        154,
        12,
        184,
        116,
        68,
        80,
        150,
        177,
        109,
        195,
        149,
        198,
        21,
        72,
        197,
        75,
        133,
        22,
        171,
        115,
        178,
        144,
        87,
        97,
        94,
        183,
        6,
        147,
        112,
        156,
        200
      ],
      "score": 662.0,
      "length": 127.306980057613
    },
    {
      "route_index": 2,
      "nodes": [
        0,
        53,
        58,
        152,
        137,
        13,
        117,
        95,
        151,
        92,
        59,
        96,
        99,
        104,
        93,
        85,
        98,
        37,
        100,
        193,
        91,
        192,
        14,
        119,
        44,
        191,
        141,
        86,
        16,
        61,
        173,
        84,
        5,
        118,
        60,
        166,
        89,
        146,
        200
      ],
      "score": 596.0,
      "length": 126.73035697641066
    },
    {
      "route_index": 3,
      "nodes": [
        0,
        28,
        111,
        76,
        196,
        77,
        158,
        3,
        79,
        185,
        81,
        33,
        157,
        102,
        50,
        176,
        132,
        69,
        162,
        127,
        190,
        31,
        189,
        10,
        108,
        159,
        62,
        148,
        182,
        7,
        194,
        106,
        153,
        52,
        167,
        27,
        200
      ],
      "score": 614.0,
      "length": 126.58420085999563
    }
  ],
  "dataset": "dang",
  "instance_name": "cmt200b_m3.txt",
  "run_seed": 14008,
  "run_index": 1
}