{
  "instance": {
    "num_nodes": 201,
    "team_size": 2,
    "max_route_distance": 286.5,
    "start_depot": 0,
    "end_depot": 200
  },
  "objective": {
    "total_score": 2709.0
  },
  "performance": {
    "cpu_time_seconds": 3.7990873000817373,
    "iterations": 20,
    "iterations_to_convergence": 16,
    "last_improvement_iteration": 16,
    "stagnation_iterations": 4,
    "accepted_worse_moves": 1,
    "restarts_performed": 1,
    "num_lp_solves": null,
    "num_labels_generated": null
  },
  "routes": [
    {
      "route_index": 1,
      "nodes": [
        0,
        112,
        89,
        147,
        6,
        183,
        94,
        95,
        59,
        96,
        104,
        99,
        93,
        85,
        61,
        16,
        86,
        141,
        44,
        191,
        193,
        100,
        98,
        37,
        151,
        92,
        97,
        87,
        144,
        2,
        178,
        115,
        73,
        72,
        74,
        171,
        22,
        133,
        75,
        197,
        56,
        186,
        23,
        39,
        187,
        139,
        155,
        4,
        179,
        149,
        195,
        12,
        109,
        177,
        54,
        130,
        134,
        163,
        150,
        80,
        68,
        121,
        29,
        169,
        129,
        79,
        3,
        158,
        77,
        116,
        196,
        184,
        76,
        111,
        28,
        154,
        138,
        26,
        180,
        40,
        58,
        152,
        105,
        53,
        200
      ],
      "score": 1471.0,
      "length": 286.42125761061425
    },
    {
      "route_index": 2,
      "nodes": [
        0,
        156,
        146,
        52,
        194,
        106,
        153,
        18,
        166,
        60,
        118,
        5,
        84,
        83,
        199,
        125,
        45,
        174,
        8,
        114,
        82,
        48,
        124,
        47,
        168,
        123,
        19,
        107,
        175,
        11,
        63,
        126,
        108,
        10,
        189,
        159,
        62,
        148,
        182,
        88,
        127,
        190,
        31,
        162,
        101,
        70,
        122,
        30,
        32,
        131,
        160,
        128,
        20,
        188,
        103,
        71,
        161,
        9,
        120,
        164,
        34,
        81,
        185,
        33,
        157,
        102,
        50,
        1,
        176,
        132,
        69,
        167,
        27,
        200
      ],
      "score": 1238.0,
      "length": 285.81351434123644
    }
  ],
  "dataset": "dang",
  "instance_name": "cmt200c_m2.txt",
  "run_seed": 16007,
  "run_index": 0
}