{
  "instance": {
    "num_nodes": 201,
    "team_size": 3,
    "max_route_distance": 191.0,
    "start_depot": 0,
    "end_depot": 200
  },
  "objective": {
    "total_score": 2569.0
  },
  "performance": {
    "cpu_time_seconds": 2.3947068000006766,
    "iterations": 20,
    "iterations_to_convergence": 15,
    "last_improvement_iteration": 15,
    "stagnation_iterations": 5,
    "accepted_worse_moves": 1,
    "restarts_performed": 1,
    "num_lp_solves": null,
    "num_labels_generated": null
  },
  "routes": [
    {
      "route_index": 1,
      "nodes": [
        0,
        27,
        167,
        127,
        190,
        31,
        162,
        101,
        70,
        122,
        30,
        160,
        128,
        20,
        188,
        103,
        161,
        9,
        120,
        164,
        34,
        78,
        169,
        129,
        79,
        185,
        81,
        33,
        157,
        102,
        50,
        154,
        138,
        26,
        40,
        58,
        152,
        137,
        13,
        117,
        59,
        92,
        151,
        37,
        98,
        85,
        93,
        99,
        104,
        96,
        6,
        147,
        200
      ],
      "score": 871.0,
      "length": 190.23458688249474
    },
    {
      "route_index": 2,
      "nodes": [
        0,
        89,
        166,
        118,
        60,
        18,
        153,
        106,
        194,
        7,
        182,
        148,
        62,
        159,
        11,
        175,
        107,
        19,
        123,
        48,
        82,
        114,
        8,
        174,
        125,
        45,
        17,
        113,
        86,
        16,
        141,
        191,
        44,
        119,
        14,
        192,
        91,
        193,
        100,
        172,
        144,
        87,
        97,
        95,
        94,
        183,
        112,
        156,
        200
      ],
      "score": 865.0,
      "length": 190.96016314817695
    },
    {
      "route_index": 3,
      "nodes": [
        0,
        53,
        105,
        180,
        198,
        21,
        73,
        72,
        74,
        171,
        22,
        133,
        75,
        197,
        56,
        186,
        23,
        39,
        170,
        187,
        139,
        4,
        155,
        110,
        179,
        149,
        195,
        12,
        109,
        177,
        54,
        130,
        134,
        163,
        80,
        150,
        68,
        158,
        3,
        77,
        116,
        196,
        184,
        76,
        176,
        1,
        69,
        132,
        111,
        28,
        200
      ],
      "score": 833.0,
      "length": 189.91121532650067
    }
  ],
  "dataset": "dang",
  "instance_name": "cmt200c_m3.txt",
  "run_seed": 24
}