{
  "instance": {
    "num_nodes": 102,
    "team_size": 3,
    "max_route_distance": 157.33,
    "start_depot": 0,
    "end_depot": 101
  },
  "objective": {
    "total_score": 1154.0
  },
  "performance": {
    "cpu_time_seconds": 0.34166129999994155,
    "iterations": 20,
    "iterations_to_convergence": 14,
    "last_improvement_iteration": 14,
    "stagnation_iterations": 6,
    "accepted_worse_moves": 1,
    "restarts_performed": 1,
    "num_lp_solves": null,
    "num_labels_generated": null
  },
  "routes": [
    {
      "route_index": 1,
      "nodes": [
        0,
        53,
        58,
        40,
        21,
        73,
        72,
        74,
        75,
        22,
        41,
        57,
        2,
        87,
        97,
        92,
        37,
        98,
        100,
        91,
        14,
        44,
        86,
        16,
        61,
        85,
        93,
        59,
        99,
        96,
        95,
        94,
        13,
        101
      ],
      "score": 511.0,
      "length": 155.62382992139382
    },
    {
      "route_index": 2,
      "nodes": [
        0,
        28,
        26,
        12,
        80,
        68,
        76,
        77,
        3,
        79,
        33,
        81,
        9,
        51,
        30,
        31,
        88,
        7,
        82,
        8,
        45,
        84,
        5,
        60,
        89,
        101
      ],
      "score": 374.0,
      "length": 155.24097673903483
    },
    {
      "route_index": 3,
      "nodes": [
        0,
        52,
        18,
        48,
        47,
        36,
        49,
        19,
        11,
        62,
        10,
        63,
        90,
        32,
        70,
        50,
        1,
        69,
        27,
        101
      ],
      "score": 269.0,
      "length": 156.99437629211232
    }
  ],
  "dataset": "dang",
  "instance_name": "eil101c_m3.txt",
  "run_seed": 28
}