{
  "instance": {
    "num_nodes": 102,
    "team_size": 2,
    "max_route_distance": 236.0,
    "start_depot": 0,
    "end_depot": 101
  },
  "objective": {
    "total_score": 1227.0
  },
  "performance": {
    "cpu_time_seconds": 0.3692774000001009,
    "iterations": 20,
    "iterations_to_convergence": 20,
    "last_improvement_iteration": 20,
    "stagnation_iterations": 0,
    "accepted_worse_moves": 0,
    "restarts_performed": 1,
    "num_lp_solves": null,
    "num_labels_generated": null
  },
  "routes": [
    {
      "route_index": 1,
      "nodes": [
        0,
        53,
        6,
        99,
        93,
        85,
        61,
        16,
        86,
        44,
        14,
        100,
        37,
        98,
        59,
        95,
        94,
        13,
        58,
        40,
        26,
        12,
        80,
        68,
        76,
        50,
        77,
        3,
        79,
        33,
        81,
        9,
        51,
        30,
        32,
        90,
        10,
        62,
        88,
        31,
        69,
        27,
        101
      ],
      "score": 711.0,
      "length": 234.51452080161383
    },
    {
      "route_index": 2,
      "nodes": [
        0,
        89,
        18,
        82,
        48,
        19,
        49,
        47,
        8,
        45,
        83,
        60,
        5,
        96,
        92,
        97,
        87,
        57,
        2,
        73,
        21,
        72,
        74,
        22,
        75,
        56,
        23,
        67,
        39,
        4,
        54,
        28,
        101
      ],
      "score": 516.0,
      "length": 235.89833134776566
    }
  ],
  "dataset": "dang",
  "instance_name": "eil101c_m2.txt",
  "run_seed": 27
}