{
  "instance": {
    "num_nodes": 102,
    "team_size": 3,
    "max_route_distance": 105.0,
    "start_depot": 0,
    "end_depot": 101
  },
  "objective": {
    "total_score": 770.0
  },
  "performance": {
    "cpu_time_seconds": 0.23432400000001508,
    "iterations": 20,
    "iterations_to_convergence": 19,
    "last_improvement_iteration": 19,
    "stagnation_iterations": 1,
    "accepted_worse_moves": 0,
    "restarts_performed": 1,
    "num_lp_solves": null,
    "num_labels_generated": null
  },
  "routes": [
    {
      "route_index": 1,
      "nodes": [
        0,
        28,
        12,
        80,
        68,
        77,
        76,
        50,
        1,
        31,
        88,
        7,
        48,
        82,
        18,
        89,
        101
      ],
      "score": 247.0,
      "length": 104.54419231966693
    },
    {
      "route_index": 2,
      "nodes": [
        0,
        53,
        40,
        58,
        52,
        62,
        10,
        90,
        32,
        30,
        70,
        69,
        27,
        101
      ],
      "score": 159.0,
      "length": 104.27938723303564
    },
    {
      "route_index": 3,
      "nodes": [
        0,
        6,
        96,
        99,
        93,
        85,
        61,
        16,
        86,
        44,
        14,
        100,
        37,
        98,
        59,
        92,
        97,
        87,
        95,
        94,
        13,
        101
      ],
      "score": 364.0,
      "length": 103.85998149759179
    }
  ],
  "dataset": "dang",
  "instance_name": "eil101b_m3.txt",
  "run_seed": 26
}