{
  "instance": {
    "num_nodes": 102,
    "team_size": 2,
    "max_route_distance": 236.0,
    "start_depot": 0,
    "end_depot": 101
  },
  "objective": {
    "total_score": 1291.0
  },
  "performance": {
    "cpu_time_seconds": 1.058510800008662,
    "iterations": 20,
    "iterations_to_convergence": 11,
    "last_improvement_iteration": 11,
    "stagnation_iterations": 9,
    "accepted_worse_moves": 3,
    "restarts_performed": 1,
    "num_lp_solves": null,
    "num_labels_generated": null
  },
  "routes": [
    {
      "route_index": 1,
      "nodes": [
        0,
        53,
        58,
        13,
        94,
        95,
        96,
        99,
        59,
        93,
        85,
        61,
        16,
        86,
        44,
        14,
        100,
        37,
        98,
        92,
        97,
        87,
        2,
        73,
        21,
        72,
        74,
        22,
        75,
        56,
        23,
        67,
        39,
        4,
        54,
        80,
        68,
        79,
        3,
        77,
        76,
        12,
        26,
        28,
        101
      ],
      "score": 774.0,
      "length": 234.48636906742055
    },
    {
      "route_index": 2,
      "nodes": [
        0,
        89,
        18,
        83,
        60,
        5,
        84,
        45,
        8,
        82,
        48,
        47,
        36,
        49,
        19,
        11,
        62,
        88,
        31,
        10,
        90,
        32,
        30,
        20,
        66,
        71,
        9,
        51,
        81,
        33,
        50,
        1,
        69,
        27,
        101
      ],
      "score": 517.0,
      "length": 235.05580818068003
    }
  ],
  "dataset": "dang",
  "instance_name": "eil101c_m2.txt",
  "run_seed": 20007,
  "run_index": 0
}