{
  "instance": {
    "num_nodes": 102,
    "team_size": 2,
    "max_route_distance": 236.0,
    "start_depot": 0,
    "end_depot": 101
  },
  "objective": {
    "total_score": 1263.0
  },
  "performance": {
    "cpu_time_seconds": 1.1446197999175638,
    "iterations": 20,
    "iterations_to_convergence": 16,
    "last_improvement_iteration": 16,
    "stagnation_iterations": 4,
    "accepted_worse_moves": 0,
    "restarts_performed": 1,
    "num_lp_solves": null,
    "num_labels_generated": null
  },
  "routes": [
    {
      "route_index": 1,
      "nodes": [
        0,
        28,
        26,
        12,
        76,
        50,
        1,
        31,
        88,
        10,
        62,
        11,
        19,
        47,
        48,
        82,
        8,
        45,
        83,
        84,
        5,
        93,
        85,
        61,
        16,
        86,
        44,
        14,
        100,
        37,
        98,
        92,
        59,
        99,
        96,
        94,
        95,
        97,
        87,
        13,
        58,
        101
      ],
      "score": 715.0,
      "length": 235.63636290887598
    },
    {
      "route_index": 2,
      "nodes": [
        0,
        27,
        69,
        70,
        30,
        32,
        20,
        66,
        65,
        71,
        35,
        9,
        51,
        81,
        33,
        79,
        3,
        77,
        68,
        80,
        54,
        4,
        39,
        67,
        23,
        56,
        75,
        41,
        22,
        74,
        72,
        73,
        21,
        40,
        53,
        101
      ],
      "score": 548.0,
      "length": 235.00845547914125
    }
  ],
  "dataset": "dang",
  "instance_name": "eil101c_m2.txt",
  "run_seed": 20008,
  "run_index": 1
}