{
  "instance": {
    "num_nodes": 263,
    "team_size": 4,
    "max_route_distance": 297.25,
    "start_depot": 0,
    "end_depot": 262
  },
  "objective": {
    "total_score": 68.0
  },
  "performance": {
    "cpu_time_seconds": 1.5990615000000616,
    "iterations": 20,
    "iterations_to_convergence": 10,
    "last_improvement_iteration": 10,
    "stagnation_iterations": 10,
    "accepted_worse_moves": 2,
    "restarts_performed": 1,
    "num_lp_solves": null,
    "num_labels_generated": null
  },
  "routes": [
    {
      "route_index": 1,
      "nodes": [
        0,
        67,
        141,
        233,
        253,
        32,
        137,
        20,
        139,
        6,
        159,
        163,
        80,
        3,
        144,
        114,
        243,
        107,
        69,
        98,
        231,
        201,
        138,
        262
      ],
      "score": 22.0,
      "length": 291.65272247278983
    },
    {
      "route_index": 2,
      "nodes": [
        0,
        30,
        204,
        210,
        132,
        4,
        78,
        261,
        190,
        165,
        206,
        197,
        53,
        29,
        17,
        48,
        129,
        128,
        220,
        262
      ],
      "score": 18.0,
      "length": 287.5572067793293
    },
    {
      "route_index": 3,
      "nodes": [
        0,
        71,
        212,
        214,
        115,
        125,
        103,
        73,
        171,
        185,
        99,
        208,
        230,
        262
      ],
      "score": 12.0,
      "length": 296.4219982192496
    },
    {
      "route_index": 4,
      "nodes": [
        0,
        89,
        60,
        11,
        123,
        256,
        136,
        172,
        26,
        260,
        203,
        72,
        95,
        184,
        18,
        70,
        228,
        262
      ],
      "score": 16.0,
      "length": 294.66298552469954
    }
  ],
  "dataset": "dang",
  "instance_name": "gil262_gen1_m4.txt",
  "run_seed": 30
}