{
  "instance": {
    "num_nodes": 251,
    "team_size": 2,
    "max_route_distance": 892.0,
    "start_depot": 0,
    "end_depot": 250
  },
  "objective": {
    "total_score": 10288.0
  },
  "performance": {
    "cpu_time_seconds": 4.843309199999567,
    "iterations": 20,
    "iterations_to_convergence": 20,
    "last_improvement_iteration": 20,
    "stagnation_iterations": 0,
    "accepted_worse_moves": 0,
    "restarts_performed": 1,
    "num_lp_solves": null,
    "num_labels_generated": null
  },
  "routes": [
    {
      "route_index": 1,
      "nodes": [
        0,
        163,
        224,
        62,
        146,
        135,
        84,
        6,
        37,
        222,
        85,
        111,
        236,
        120,
        22,
        128,
        161,
        179,
        63,
        180,
        216,
        46,
        93,
        187,
        45,
        212,
        107,
        14,
        143,
        48,
        196,
        174,
        98,
        240,
        117,
        92,
        178,
        210,
        41,
        110,
        60,
        158,
        109,
        20,
        227,
        29,
        97,
        132,
        171,
        181,
        169,
        162,
        59,
        136,
        226,
        32,
        78,
        201,
        147,
        245,
        24,
        40,
        17,
        175,
        47,
        168,
        66,
        103,
        113,
        194,
        197,
        42,
        10,
        131,
        214,
        57,
        203,
        193,
        101,
        114,
        148,
        26,
        9,
        153,
        248,
        121,
        189,
        220,
        36,
        150,
        183,
        58,
        230,
        170,
        2,
        125,
        64,
        250
      ],
      "score": 5567.0,
      "length": 891.3461400334779
    },
    {
      "route_index": 2,
      "nodes": [
        0,
        195,
        217,
        83,
        206,
        65,
        173,
        137,
        18,
        30,
        191,
        79,
        5,
        133,
        12,
        49,
        211,
        90,
        61,
        129,
        221,
        205,
        31,
        71,
        229,
        139,
        202,
        231,
        68,
        142,
        232,
        70,
        99,
        244,
        108,
        155,
        76,
        154,
        115,
        145,
        100,
        4,
        81,
        186,
        21,
        138,
        33,
        72,
        185,
        19,
        166,
        207,
        198,
        73,
        96,
        112,
        213,
        140,
        164,
        160,
        246,
        25,
        141,
        104,
        215,
        8,
        190,
        123,
        118,
        3,
        16,
        243,
        52,
        219,
        15,
        102,
        39,
        38,
        242,
        223,
        43,
        225,
        241,
        11,
        235,
        82,
        157,
        249,
        237,
        177,
        69,
        250
      ],
      "score": 4721.0,
      "length": 888.8032101548355
    }
  ],
  "dataset": "dang",
  "instance_name": "gil262c_m2.txt",
  "run_seed": 40
}