{
  "instance": {
    "num_nodes": 251,
    "team_size": 3,
    "max_route_distance": 594.67,
    "start_depot": 0,
    "end_depot": 250
  },
  "objective": {
    "total_score": 8991.0
  },
  "performance": {
    "cpu_time_seconds": 8.395357300061733,
    "iterations": 20,
    "iterations_to_convergence": 19,
    "last_improvement_iteration": 19,
    "stagnation_iterations": 1,
    "accepted_worse_moves": 2,
    "restarts_performed": 1,
    "num_lp_solves": null,
    "num_labels_generated": null
  },
  "routes": [
    {
      "route_index": 1,
      "nodes": [
        0,
        69,
        177,
        237,
        146,
        135,
        84,
        39,
        102,
        15,
        233,
        176,
        136,
        226,
        162,
        181,
        171,
        169,
        85,
        222,
        37,
        116,
        126,
        215,
        74,
        104,
        141,
        25,
        246,
        160,
        164,
        140,
        4,
        81,
        21,
        138,
        33,
        72,
        185,
        19,
        79,
        211,
        90,
        61,
        12,
        133,
        5,
        191,
        30,
        18,
        137,
        54,
        207,
        166,
        96,
        73,
        198,
        204,
        250
      ],
      "score": 2655.0,
      "length": 593.1154092394463
    },
    {
      "route_index": 2,
      "nodes": [
        0,
        190,
        8,
        123,
        118,
        3,
        16,
        243,
        52,
        219,
        75,
        59,
        132,
        97,
        29,
        227,
        20,
        109,
        110,
        60,
        158,
        134,
        147,
        245,
        201,
        32,
        78,
        24,
        40,
        17,
        175,
        55,
        47,
        168,
        66,
        103,
        113,
        80,
        194,
        197,
        42,
        10,
        131,
        214,
        57,
        203,
        13,
        167,
        89,
        121,
        189,
        248,
        153,
        9,
        26,
        230,
        58,
        183,
        150,
        220,
        36,
        195,
        125,
        64,
        250
      ],
      "score": 3410.0,
      "length": 593.4700672759608
    },
    {
      "route_index": 3,
      "nodes": [
        0,
        163,
        224,
        82,
        157,
        249,
        62,
        43,
        223,
        38,
        242,
        225,
        241,
        11,
        235,
        193,
        101,
        114,
        148,
        170,
        2,
        217,
        83,
        206,
        65,
        228,
        53,
        124,
        49,
        130,
        129,
        221,
        205,
        31,
        71,
        139,
        202,
        231,
        68,
        142,
        232,
        70,
        99,
        244,
        108,
        155,
        76,
        154,
        115,
        145,
        209,
        100,
        186,
        172,
        213,
        112,
        250
      ],
      "score": 2926.0,
      "length": 590.6992195082582
    }
  ],
  "dataset": "dang",
  "instance_name": "gil262c_m3.txt",
  "run_seed": 34007,
  "run_index": 0
}