{
  "instance": {
    "num_nodes": 263,
    "team_size": 4,
    "max_route_distance": 297.25,
    "start_depot": 0,
    "end_depot": 262
  },
  "objective": {
    "total_score": 73.0
  },
  "performance": {
    "cpu_time_seconds": 4.3935634000226855,
    "iterations": 20,
    "iterations_to_convergence": 16,
    "last_improvement_iteration": 16,
    "stagnation_iterations": 4,
    "accepted_worse_moves": 1,
    "restarts_performed": 1,
    "num_lp_solves": null,
    "num_labels_generated": null
  },
  "routes": [
    {
      "route_index": 1,
      "nodes": [
        0,
        138,
        201,
        98,
        208,
        144,
        114,
        163,
        159,
        6,
        139,
        71,
        184,
        18,
        32,
        262
      ],
      "score": 14.0,
      "length": 286.937133221817
    },
    {
      "route_index": 2,
      "nodes": [
        0,
        228,
        70,
        78,
        261,
        165,
        206,
        197,
        72,
        95,
        111,
        212,
        171,
        185,
        99,
        141,
        67,
        262
      ],
      "score": 16.0,
      "length": 295.3077435741909
    },
    {
      "route_index": 3,
      "nodes": [
        0,
        230,
        231,
        69,
        243,
        107,
        154,
        75,
        153,
        86,
        33,
        181,
        27,
        94,
        187,
        257,
        3,
        80,
        20,
        137,
        253,
        233,
        262
      ],
      "score": 21.0,
      "length": 294.9011577209007
    },
    {
      "route_index": 4,
      "nodes": [
        0,
        220,
        128,
        129,
        48,
        123,
        256,
        136,
        172,
        26,
        260,
        53,
        17,
        29,
        190,
        4,
        132,
        11,
        60,
        89,
        210,
        204,
        30,
        262
      ],
      "score": 22.0,
      "length": 289.6815142994247
    }
  ],
  "dataset": "dang",
  "instance_name": "gil262_gen1_m4.txt",
  "run_seed": 23007,
  "run_index": 0
}