{
  "instance": {
    "num_nodes": 263,
    "team_size": 3,
    "max_route_distance": 396.333,
    "start_depot": 0,
    "end_depot": 262
  },
  "objective": {
    "total_score": 79.0
  },
  "performance": {
    "cpu_time_seconds": 4.732916700071655,
    "iterations": 20,
    "iterations_to_convergence": 14,
    "last_improvement_iteration": 14,
    "stagnation_iterations": 6,
    "accepted_worse_moves": 0,
    "restarts_performed": 1,
    "num_lp_solves": null,
    "num_labels_generated": null
  },
  "routes": [
    {
      "route_index": 1,
      "nodes": [
        0,
        230,
        154,
        75,
        153,
        114,
        99,
        137,
        20,
        71,
        184,
        18,
        261,
        190,
        212,
        111,
        95,
        72,
        197,
        203,
        53,
        29,
        11,
        48,
        129,
        128,
        220,
        262
      ],
      "score": 26.0,
      "length": 392.60836277033286
    },
    {
      "route_index": 2,
      "nodes": [
        0,
        67,
        141,
        208,
        144,
        185,
        80,
        3,
        257,
        187,
        33,
        94,
        181,
        27,
        159,
        6,
        163,
        139,
        171,
        165,
        206,
        17,
        4,
        210,
        70,
        228,
        262
      ],
      "score": 25.0,
      "length": 396.036600718584
    },
    {
      "route_index": 3,
      "nodes": [
        0,
        138,
        201,
        231,
        69,
        107,
        243,
        98,
        233,
        253,
        32,
        78,
        132,
        256,
        136,
        172,
        260,
        26,
        216,
        82,
        205,
        64,
        227,
        52,
        123,
        60,
        89,
        204,
        30,
        262
      ],
      "score": 28.0,
      "length": 392.6180389364171
    }
  ],
  "dataset": "dang",
  "instance_name": "gil262_gen1_m3.txt",
  "run_seed": 22008,
  "run_index": 1
}