{
  "instance": {
    "num_nodes": 251,
    "team_size": 4,
    "max_route_distance": 297.25,
    "start_depot": 0,
    "end_depot": 250
  },
  "objective": {
    "total_score": 5840.0
  },
  "performance": {
    "cpu_time_seconds": 4.855907500023022,
    "iterations": 20,
    "iterations_to_convergence": 16,
    "last_improvement_iteration": 16,
    "stagnation_iterations": 4,
    "accepted_worse_moves": 1,
    "restarts_performed": 1,
    "num_lp_solves": null,
    "num_labels_generated": null
  },
  "routes": [
    {
      "route_index": 1,
      "nodes": [
        0,
        190,
        123,
        118,
        3,
        6,
        37,
        44,
        200,
        63,
        216,
        180,
        152,
        208,
        246,
        25,
        141,
        104,
        215,
        213,
        112,
        96,
        73,
        198,
        250
      ],
      "score": 1243.0,
      "length": 294.9894858846989
    },
    {
      "route_index": 2,
      "nodes": [
        0,
        64,
        193,
        101,
        114,
        148,
        26,
        9,
        153,
        89,
        248,
        121,
        189,
        230,
        170,
        2,
        217,
        173,
        137,
        124,
        49,
        12,
        191,
        30,
        18,
        54,
        204,
        250
      ],
      "score": 1295.0,
      "length": 294.0448194165595
    },
    {
      "route_index": 3,
      "nodes": [
        0,
        69,
        177,
        237,
        249,
        62,
        146,
        135,
        84,
        16,
        243,
        169,
        181,
        171,
        59,
        162,
        75,
        136,
        219,
        15,
        102,
        39,
        38,
        122,
        43,
        223,
        225,
        241,
        11,
        214,
        131,
        57,
        203,
        235,
        82,
        157,
        224,
        163,
        250
      ],
      "score": 2029.0,
      "length": 295.4413935975265
    },
    {
      "route_index": 4,
      "nodes": [
        0,
        125,
        58,
        183,
        150,
        36,
        220,
        206,
        65,
        53,
        130,
        129,
        221,
        61,
        90,
        211,
        133,
        5,
        79,
        19,
        185,
        72,
        166,
        207,
        250
      ],
      "score": 1273.0,
      "length": 296.5814177683266
    }
  ],
  "dataset": "dang",
  "instance_name": "gil262b_m4.txt",
  "run_seed": 32007,
  "run_index": 0
}