{
  "instance": {
    "num_nodes": 251,
    "team_size": 4,
    "max_route_distance": 148.75,
    "start_depot": 0,
    "end_depot": 250
  },
  "objective": {
    "total_score": 2599.0
  },
  "performance": {
    "cpu_time_seconds": 2.0412404000526294,
    "iterations": 20,
    "iterations_to_convergence": 18,
    "last_improvement_iteration": 18,
    "stagnation_iterations": 2,
    "accepted_worse_moves": 4,
    "restarts_performed": 1,
    "num_lp_solves": null,
    "num_labels_generated": null
  },
  "routes": [
    {
      "route_index": 1,
      "nodes": [
        0,
        193,
        101,
        203,
        57,
        131,
        214,
        11,
        235,
        241,
        225,
        223,
        122,
        43,
        157,
        82,
        163,
        250
      ],
      "score": 801.0,
      "length": 144.1027635550985
    },
    {
      "route_index": 2,
      "nodes": [
        0,
        112,
        213,
        72,
        185,
        19,
        166,
        207,
        73,
        198,
        204,
        250
      ],
      "score": 548.0,
      "length": 147.62147709675642
    },
    {
      "route_index": 3,
      "nodes": [
        0,
        69,
        177,
        237,
        62,
        249,
        224,
        64,
        125,
        114,
        148,
        26,
        9,
        153,
        230,
        170,
        2,
        250
      ],
      "score": 880.0,
      "length": 148.6156574839462
    },
    {
      "route_index": 4,
      "nodes": [
        0,
        217,
        83,
        206,
        137,
        18,
        30,
        54,
        250
      ],
      "score": 370.0,
      "length": 148.49639646083602
    }
  ],
  "dataset": "dang",
  "instance_name": "gil262a_m4.txt",
  "run_seed": 29008,
  "run_index": 1
}