{
  "instance": {
    "num_nodes": 263,
    "team_size": 3,
    "max_route_distance": 396.333,
    "start_depot": 0,
    "end_depot": 262
  },
  "objective": {
    "total_score": 4842.0
  },
  "performance": {
    "cpu_time_seconds": 2.0791065000003073,
    "iterations": 20,
    "iterations_to_convergence": 19,
    "last_improvement_iteration": 19,
    "stagnation_iterations": 1,
    "accepted_worse_moves": 2,
    "restarts_performed": 1,
    "num_lp_solves": null,
    "num_labels_generated": null
  },
  "routes": [
    {
      "route_index": 1,
      "nodes": [
        0,
        30,
        204,
        210,
        132,
        4,
        190,
        165,
        111,
        189,
        122,
        117,
        2,
        115,
        125,
        214,
        103,
        140,
        24,
        245,
        6,
        163,
        80,
        3,
        114,
        153,
        75,
        154,
        201,
        138,
        262
      ],
      "score": 1724.0,
      "length": 395.1732204066551
    },
    {
      "route_index": 2,
      "nodes": [
        0,
        89,
        60,
        48,
        123,
        227,
        205,
        82,
        216,
        172,
        136,
        29,
        18,
        184,
        71,
        137,
        20,
        185,
        99,
        144,
        208,
        243,
        107,
        69,
        98,
        231,
        141,
        67,
        230,
        262
      ],
      "score": 1519.0,
      "length": 394.17466775453494
    },
    {
      "route_index": 3,
      "nodes": [
        0,
        220,
        128,
        11,
        17,
        53,
        260,
        26,
        194,
        1,
        169,
        147,
        113,
        252,
        100,
        192,
        124,
        63,
        223,
        162,
        249,
        203,
        197,
        72,
        206,
        261,
        78,
        70,
        228,
        262
      ],
      "score": 1599.0,
      "length": 395.4016679639668
    }
  ],
  "dataset": "dang",
  "instance_name": "gil262_gen2_m3.txt",
  "run_seed": 32
}