{
  "instance": {
    "num_nodes": 251,
    "team_size": 4,
    "max_route_distance": 446.0,
    "start_depot": 0,
    "end_depot": 250
  },
  "objective": {
    "total_score": 8157.0
  },
  "performance": {
    "cpu_time_seconds": 7.355522900004871,
    "iterations": 20,
    "iterations_to_convergence": 20,
    "last_improvement_iteration": 20,
    "stagnation_iterations": 0,
    "accepted_worse_moves": 0,
    "restarts_performed": 1,
    "num_lp_solves": null,
    "num_labels_generated": null
  },
  "routes": [
    {
      "route_index": 1,
      "nodes": [
        0,
        195,
        27,
        173,
        137,
        18,
        30,
        191,
        5,
        133,
        79,
        19,
        185,
        72,
        166,
        207,
        198,
        73,
        96,
        3,
        16,
        243,
        6,
        37,
        165,
        222,
        85,
        169,
        181,
        171,
        59,
        162,
        75,
        52,
        219,
        15,
        102,
        84,
        135,
        146,
        122,
        223,
        43,
        157,
        163,
        250
      ],
      "score": 2215.0,
      "length": 443.71815619262907
    },
    {
      "route_index": 2,
      "nodes": [
        0,
        112,
        213,
        172,
        164,
        7,
        140,
        74,
        104,
        126,
        116,
        118,
        123,
        69,
        177,
        237,
        62,
        249,
        241,
        11,
        235,
        193,
        101,
        13,
        167,
        89,
        230,
        58,
        183,
        150,
        36,
        220,
        65,
        206,
        83,
        217,
        250
      ],
      "score": 1413.0,
      "length": 440.63129906387286
    },
    {
      "route_index": 3,
      "nodes": [
        0,
        204,
        54,
        12,
        49,
        211,
        90,
        61,
        129,
        221,
        205,
        31,
        68,
        142,
        232,
        70,
        99,
        244,
        108,
        155,
        76,
        154,
        115,
        145,
        100,
        138,
        21,
        186,
        81,
        4,
        160,
        246,
        25,
        141,
        215,
        8,
        190,
        250
      ],
      "score": 2007.0,
      "length": 444.79752252644215
    },
    {
      "route_index": 4,
      "nodes": [
        0,
        224,
        82,
        225,
        242,
        38,
        39,
        233,
        176,
        136,
        226,
        32,
        78,
        201,
        245,
        24,
        40,
        17,
        175,
        55,
        47,
        168,
        66,
        103,
        113,
        80,
        194,
        197,
        42,
        10,
        238,
        131,
        214,
        57,
        203,
        114,
        148,
        26,
        9,
        153,
        248,
        121,
        189,
        170,
        2,
        125,
        64,
        250
      ],
      "score": 2522.0,
      "length": 443.3858377046977
    }
  ],
  "dataset": "dang",
  "instance_name": "gil262c_m4.txt",
  "run_seed": 35008,
  "run_index": 1
}