{
  "instance": {
    "num_nodes": 251,
    "team_size": 2,
    "max_route_distance": 594.5,
    "start_depot": 0,
    "end_depot": 250
  },
  "objective": {
    "total_score": 7184.0
  },
  "performance": {
    "cpu_time_seconds": 3.1782984999999826,
    "iterations": 20,
    "iterations_to_convergence": 19,
    "last_improvement_iteration": 19,
    "stagnation_iterations": 1,
    "accepted_worse_moves": 0,
    "restarts_performed": 1,
    "num_lp_solves": null,
    "num_labels_generated": null
  },
  "routes": [
    {
      "route_index": 1,
      "nodes": [
        0,
        163,
        224,
        157,
        82,
        235,
        225,
        241,
        11,
        214,
        131,
        57,
        203,
        101,
        193,
        64,
        125,
        2,
        170,
        114,
        148,
        26,
        230,
        9,
        153,
        248,
        121,
        189,
        58,
        183,
        150,
        36,
        220,
        65,
        206,
        83,
        217,
        27,
        173,
        137,
        18,
        30,
        207,
        166,
        96,
        112,
        8,
        123,
        118,
        3,
        16,
        243,
        6,
        169,
        181,
        171,
        59,
        162,
        75,
        219,
        15,
        102,
        39,
        38,
        242,
        223,
        43,
        249,
        62,
        237,
        177,
        69,
        250
      ],
      "score": 3928.0,
      "length": 594.3035671266744
    },
    {
      "route_index": 2,
      "nodes": [
        0,
        190,
        215,
        104,
        141,
        25,
        246,
        208,
        152,
        180,
        63,
        216,
        46,
        179,
        161,
        93,
        187,
        45,
        91,
        192,
        184,
        218,
        239,
        156,
        28,
        182,
        95,
        34,
        188,
        154,
        244,
        108,
        70,
        99,
        232,
        142,
        68,
        234,
        209,
        100,
        145,
        115,
        4,
        81,
        186,
        21,
        138,
        72,
        185,
        19,
        79,
        191,
        54,
        198,
        73,
        250
      ],
      "score": 3256.0,
      "length": 593.9722246540779
    }
  ],
  "dataset": "dang",
  "instance_name": "gil262b_m2.txt",
  "run_seed": 37
}