{
  "instance": {
    "num_nodes": 251,
    "team_size": 4,
    "max_route_distance": 148.75,
    "start_depot": 0,
    "end_depot": 250
  },
  "objective": {
    "total_score": 2944.0
  },
  "performance": {
    "cpu_time_seconds": 3.0857444000430405,
    "iterations": 20,
    "iterations_to_convergence": 15,
    "last_improvement_iteration": 15,
    "stagnation_iterations": 5,
    "accepted_worse_moves": 3,
    "restarts_performed": 1,
    "num_lp_solves": null,
    "num_labels_generated": null
  },
  "routes": [
    {
      "route_index": 1,
      "nodes": [
        0,
        69,
        177,
        123,
        118,
        3,
        8,
        190,
        112,
        166,
        207,
        73,
        198,
        204,
        250
      ],
      "score": 615.0,
      "length": 147.27231058248208
    },
    {
      "route_index": 2,
      "nodes": [
        0,
        64,
        193,
        101,
        203,
        57,
        131,
        214,
        11,
        241,
        225,
        223,
        43,
        62,
        237,
        249,
        157,
        82,
        224,
        163,
        250
      ],
      "score": 1054.0,
      "length": 144.2319880490441
    },
    {
      "route_index": 3,
      "nodes": [
        0,
        54,
        30,
        191,
        19,
        185,
        72,
        96,
        250
      ],
      "score": 413.0,
      "length": 148.26961078148491
    },
    {
      "route_index": 4,
      "nodes": [
        0,
        195,
        217,
        36,
        220,
        150,
        183,
        58,
        230,
        148,
        114,
        170,
        2,
        125,
        250
      ],
      "score": 862.0,
      "length": 148.45767340245047
    }
  ],
  "dataset": "dang",
  "instance_name": "gil262a_m4.txt",
  "run_seed": 29007,
  "run_index": 0
}