{
  "instance": {
    "num_nodes": 263,
    "team_size": 2,
    "max_route_distance": 594.5,
    "start_depot": 0,
    "end_depot": 262
  },
  "objective": {
    "total_score": 5995.0
  },
  "performance": {
    "cpu_time_seconds": 2.68812810000054,
    "iterations": 20,
    "iterations_to_convergence": 20,
    "last_improvement_iteration": 20,
    "stagnation_iterations": 0,
    "accepted_worse_moves": 0,
    "restarts_performed": 1,
    "num_lp_solves": null,
    "num_labels_generated": null
  },
  "routes": [
    {
      "route_index": 1,
      "nodes": [
        0,
        30,
        204,
        210,
        11,
        48,
        123,
        256,
        136,
        172,
        26,
        260,
        53,
        203,
        197,
        72,
        165,
        18,
        184,
        71,
        214,
        115,
        125,
        103,
        140,
        24,
        198,
        43,
        119,
        21,
        199,
        250,
        207,
        245,
        6,
        163,
        3,
        80,
        185,
        20,
        99,
        144,
        114,
        208,
        253,
        233,
        141,
        67,
        70,
        228,
        262
      ],
      "score": 3131.0,
      "length": 590.6120407402832
    },
    {
      "route_index": 2,
      "nodes": [
        0,
        138,
        201,
        230,
        231,
        69,
        98,
        243,
        75,
        153,
        86,
        187,
        257,
        94,
        33,
        181,
        27,
        155,
        259,
        238,
        191,
        143,
        179,
        62,
        215,
        45,
        92,
        186,
        160,
        178,
        127,
        47,
        22,
        235,
        110,
        84,
        221,
        164,
        36,
        5,
        242,
        15,
        2,
        117,
        122,
        189,
        111,
        95,
        206,
        190,
        4,
        132,
        89,
        60,
        128,
        220,
        262
      ],
      "score": 2864.0,
      "length": 593.247535332554
    }
  ],
  "dataset": "dang",
  "instance_name": "gil262_gen2_m2.txt",
  "run_seed": 31
}