{
  "instance": {
    "num_nodes": 251,
    "team_size": 3,
    "max_route_distance": 396.33,
    "start_depot": 0,
    "end_depot": 250
  },
  "objective": {
    "total_score": 6145.0
  },
  "performance": {
    "cpu_time_seconds": 4.124884899938479,
    "iterations": 20,
    "iterations_to_convergence": 20,
    "last_improvement_iteration": 20,
    "stagnation_iterations": 0,
    "accepted_worse_moves": 0,
    "restarts_performed": 1,
    "num_lp_solves": null,
    "num_labels_generated": null
  },
  "routes": [
    {
      "route_index": 1,
      "nodes": [
        0,
        69,
        177,
        237,
        62,
        249,
        43,
        223,
        242,
        56,
        66,
        175,
        55,
        47,
        168,
        103,
        113,
        194,
        197,
        42,
        10,
        238,
        13,
        167,
        89,
        248,
        121,
        106,
        189,
        153,
        9,
        26,
        148,
        230,
        58,
        183,
        150,
        220,
        36,
        195,
        125,
        64,
        250
      ],
      "score": 1917.0,
      "length": 395.607972491474
    },
    {
      "route_index": 2,
      "nodes": [
        0,
        163,
        224,
        82,
        157,
        122,
        39,
        102,
        15,
        219,
        75,
        162,
        181,
        171,
        59,
        226,
        136,
        176,
        233,
        38,
        225,
        241,
        235,
        11,
        214,
        131,
        57,
        203,
        193,
        101,
        114,
        170,
        2,
        217,
        83,
        206,
        173,
        137,
        18,
        30,
        54,
        204,
        250
      ],
      "score": 2237.0,
      "length": 394.3950648680332
    },
    {
      "route_index": 3,
      "nodes": [
        0,
        73,
        198,
        207,
        166,
        191,
        79,
        19,
        185,
        72,
        21,
        138,
        100,
        145,
        115,
        4,
        81,
        186,
        172,
        140,
        74,
        104,
        141,
        246,
        25,
        37,
        165,
        6,
        243,
        16,
        3,
        118,
        123,
        8,
        190,
        250
      ],
      "score": 1991.0,
      "length": 394.98018951264055
    }
  ],
  "dataset": "dang",
  "instance_name": "gil262b_m3.txt",
  "run_seed": 31008,
  "run_index": 1
}