{
  "instance": {
    "num_nodes": 251,
    "team_size": 2,
    "max_route_distance": 297.5,
    "start_depot": 0,
    "end_depot": 250
  },
  "objective": {
    "total_score": 3547.0
  },
  "performance": {
    "cpu_time_seconds": 1.1424404999997932,
    "iterations": 20,
    "iterations_to_convergence": 20,
    "last_improvement_iteration": 20,
    "stagnation_iterations": 0,
    "accepted_worse_moves": 1,
    "restarts_performed": 1,
    "num_lp_solves": null,
    "num_labels_generated": null
  },
  "routes": [
    {
      "route_index": 1,
      "nodes": [
        0,
        73,
        198,
        207,
        166,
        72,
        185,
        19,
        79,
        5,
        191,
        30,
        18,
        137,
        173,
        217,
        83,
        36,
        220,
        150,
        183,
        58,
        230,
        153,
        9,
        26,
        148,
        114,
        170,
        2,
        125,
        64,
        250
      ],
      "score": 1854.0,
      "length": 296.54569139816766
    },
    {
      "route_index": 2,
      "nodes": [
        0,
        163,
        224,
        69,
        177,
        237,
        62,
        249,
        157,
        82,
        235,
        11,
        241,
        225,
        43,
        223,
        38,
        39,
        102,
        15,
        84,
        146,
        135,
        123,
        118,
        3,
        116,
        126,
        25,
        141,
        104,
        215,
        8,
        190,
        250
      ],
      "score": 1693.0,
      "length": 292.5033690476388
    }
  ],
  "dataset": "dang",
  "instance_name": "gil262a_m2.txt",
  "run_seed": 35
}