{
  "instance": {
    "num_nodes": 230,
    "team_size": 3,
    "max_route_distance": 588.333,
    "start_depot": 0,
    "end_depot": 229
  },
  "objective": {
    "total_score": 7355.0
  },
  "performance": {
    "cpu_time_seconds": 3.8957881000005727,
    "iterations": 20,
    "iterations_to_convergence": 0,
    "last_improvement_iteration": 0,
    "stagnation_iterations": 20,
    "accepted_worse_moves": 0,
    "restarts_performed": 1,
    "num_lp_solves": null,
    "num_labels_generated": null
  },
  "routes": [
    {
      "route_index": 1,
      "nodes": [
        0,
        1,
        13,
        14,
        25,
        26,
        29,
        32,
        33,
        34,
        35,
        36,
        94,
        95,
        96,
        97,
        98,
        105,
        106,
        104,
        103,
        107,
        108,
        109,
        123,
        165,
        124,
        125,
        127,
        170,
        169,
        168,
        166,
        167,
        178,
        176,
        173,
        174,
        177,
        179,
        180,
        181,
        182,
        183,
        47,
        48,
        187,
        188,
        189,
        190,
        191,
        194,
        193,
        192,
        49,
        184,
        185,
        186,
        195,
        196,
        197,
        198,
        164,
        172,
        163,
        159,
        160,
        161,
        162,
        171,
        134,
        133,
        136,
        135,
        152,
        150,
        147,
        146,
        145,
        144,
        143,
        142,
        141,
        138,
        137,
        131,
        130,
        129,
        128,
        126,
        110,
        113,
        116,
        112,
        115,
        119,
        122,
        121,
        120,
        118,
        117,
        114,
        111,
        102,
        101,
        100,
        99,
        93,
        92,
        91,
        90,
        89,
        75,
        76,
        77,
        78,
        79,
        87,
        88,
        85,
        84,
        24,
        83,
        86,
        80,
        82,
        56,
        55,
        23,
        22,
        20,
        19,
        15,
        11,
        229
      ],
      "score": 4201.0,
      "length": 570.4873167205534
    },
    {
      "route_index": 2,
      "nodes": [
        0,
        3,
        4,
        5,
        6,
        7,
        8,
        9,
        10,
        50,
        51,
        59,
        60,
        61,
        63,
        64,
        65,
        62,
        66,
        67,
        68,
        70,
        69,
        71,
        72,
        74,
        73,
        139,
        140,
        151,
        148,
        149,
        203,
        211,
        205,
        207,
        208,
        209,
        210,
        202,
        220,
        221,
        222,
        199,
        201,
        200,
        157,
        156,
        155,
        154,
        153,
        132,
        37,
        31,
        30,
        21,
        81,
        58,
        57,
        53,
        54,
        52,
        18,
        17,
        16,
        229
      ],
      "score": 2022.0,
      "length": 558.1360419444356
    },
    {
      "route_index": 3,
      "nodes": [
        0,
        2,
        12,
        175,
        158,
        204,
        206,
        212,
        213,
        214,
        215,
        219,
        218,
        42,
        43,
        44,
        46,
        41,
        45,
        40,
        39,
        38,
        28,
        27,
        229
      ],
      "score": 1132.0,
      "length": 528.8388136618145
    }
  ],
  "dataset": "dang",
  "instance_name": "gr229_gen3_m3.txt",
  "run_seed": 46
}