{
  "instance": {
    "num_nodes": 230,
    "team_size": 4,
    "max_route_distance": 441.25,
    "start_depot": 0,
    "end_depot": 229
  },
  "objective": {
    "total_score": 11083.0
  },
  "performance": {
    "cpu_time_seconds": 8.096992499893531,
    "iterations": 20,
    "iterations_to_convergence": 13,
    "last_improvement_iteration": 13,
    "stagnation_iterations": 7,
    "accepted_worse_moves": 0,
    "restarts_performed": 1,
    "num_lp_solves": null,
    "num_labels_generated": null
  },
  "routes": [
    {
      "route_index": 1,
      "nodes": [
        0,
        13,
        14,
        30,
        32,
        34,
        36,
        94,
        95,
        97,
        96,
        103,
        104,
        107,
        108,
        109,
        123,
        165,
        124,
        125,
        128,
        129,
        131,
        137,
        135,
        154,
        203,
        207,
        205,
        146,
        119,
        118,
        117,
        114,
        100,
        73,
        74,
        75,
        76,
        78,
        87,
        79,
        86,
        83,
        23,
        22,
        55,
        56,
        59,
        60,
        62,
        65,
        64,
        63,
        61,
        52,
        18,
        8,
        5,
        6,
        4,
        3,
        229
      ],
      "score": 2924.0,
      "length": 429.04939855374005
    },
    {
      "route_index": 2,
      "nodes": [
        0,
        12,
        21,
        35,
        33,
        37,
        178,
        180,
        179,
        177,
        181,
        182,
        184,
        185,
        49,
        48,
        44,
        43,
        187,
        192,
        191,
        193,
        194,
        195,
        186,
        196,
        197,
        198,
        175,
        174,
        176,
        169,
        168,
        170,
        132,
        136,
        151,
        140,
        139,
        138,
        122,
        121,
        120,
        72,
        71,
        69,
        70,
        68,
        67,
        66,
        77,
        80,
        81,
        82,
        58,
        57,
        54,
        53,
        51,
        50,
        10,
        9,
        7,
        2,
        229
      ],
      "score": 3307.0,
      "length": 427.62870111206274
    },
    {
      "route_index": 3,
      "nodes": [
        0,
        16,
        17,
        19,
        84,
        85,
        88,
        89,
        90,
        102,
        101,
        105,
        106,
        112,
        113,
        110,
        126,
        127,
        130,
        133,
        134,
        152,
        153,
        150,
        147,
        148,
        149,
        211,
        208,
        212,
        213,
        214,
        215,
        218,
        219,
        220,
        201,
        200,
        157,
        156,
        155,
        158,
        159,
        160,
        161,
        163,
        164,
        172,
        162,
        171,
        173,
        167,
        166,
        29,
        26,
        25,
        1,
        229
      ],
      "score": 2762.0,
      "length": 440.6265793006896
    },
    {
      "route_index": 4,
      "nodes": [
        0,
        27,
        28,
        31,
        38,
        39,
        40,
        41,
        45,
        183,
        47,
        46,
        188,
        189,
        190,
        199,
        222,
        221,
        202,
        210,
        209,
        206,
        204,
        145,
        144,
        143,
        142,
        141,
        116,
        115,
        111,
        98,
        99,
        93,
        92,
        91,
        24,
        20,
        15,
        11,
        229
      ],
      "score": 2090.0,
      "length": 438.2914979361397
    }
  ],
  "dataset": "dang",
  "instance_name": "gr229_gen2_m4.txt",
  "run_seed": 38008,
  "run_index": 1
}