{
  "instance": {
    "num_nodes": 230,
    "team_size": 3,
    "max_route_distance": 588.333,
    "start_depot": 0,
    "end_depot": 229
  },
  "objective": {
    "total_score": 7355.0
  },
  "performance": {
    "cpu_time_seconds": 7.13802279997617,
    "iterations": 20,
    "iterations_to_convergence": 0,
    "last_improvement_iteration": 0,
    "stagnation_iterations": 20,
    "accepted_worse_moves": 2,
    "restarts_performed": 1,
    "num_lp_solves": null,
    "num_labels_generated": null
  },
  "routes": [
    {
      "route_index": 1,
      "nodes": [
        0,
        11,
        15,
        19,
        54,
        53,
        57,
        61,
        63,
        62,
        60,
        59,
        58,
        56,
        55,
        22,
        23,
        83,
        82,
        81,
        80,
        86,
        79,
        78,
        87,
        88,
        89,
        76,
        75,
        74,
        73,
        90,
        91,
        92,
        93,
        99,
        100,
        101,
        102,
        111,
        105,
        104,
        107,
        112,
        115,
        116,
        108,
        109,
        110,
        125,
        126,
        127,
        128,
        129,
        130,
        131,
        137,
        136,
        135,
        139,
        141,
        142,
        144,
        145,
        146,
        147,
        148,
        150,
        153,
        154,
        156,
        155,
        158,
        159,
        160,
        161,
        152,
        151,
        134,
        133,
        132,
        170,
        168,
        169,
        173,
        171,
        162,
        163,
        164,
        172,
        174,
        175,
        196,
        197,
        194,
        191,
        190,
        189,
        188,
        187,
        192,
        186,
        185,
        184,
        49,
        47,
        46,
        183,
        182,
        181,
        179,
        178,
        176,
        167,
        166,
        165,
        124,
        123,
        103,
        96,
        97,
        98,
        95,
        36,
        35,
        34,
        26,
        25,
        1,
        229
      ],
      "score": 4091.0,
      "length": 577.8429747246931
    },
    {
      "route_index": 2,
      "nodes": [
        0,
        2,
        3,
        4,
        5,
        8,
        6,
        7,
        9,
        16,
        17,
        10,
        18,
        52,
        50,
        51,
        64,
        65,
        66,
        67,
        68,
        77,
        69,
        70,
        71,
        72,
        114,
        117,
        118,
        120,
        121,
        122,
        143,
        204,
        211,
        205,
        206,
        207,
        212,
        219,
        209,
        208,
        210,
        202,
        220,
        221,
        222,
        201,
        200,
        157,
        203,
        149,
        140,
        138,
        119,
        113,
        106,
        94,
        85,
        84,
        24,
        21,
        20,
        14,
        13,
        12,
        229
      ],
      "score": 2094.0,
      "length": 587.2516996074505
    },
    {
      "route_index": 3,
      "nodes": [
        0,
        29,
        32,
        33,
        37,
        39,
        180,
        177,
        198,
        199,
        213,
        214,
        215,
        218,
        195,
        193,
        48,
        43,
        42,
        44,
        41,
        45,
        40,
        38,
        31,
        30,
        28,
        27,
        229
      ],
      "score": 1170.0,
      "length": 528.8826430091384
    }
  ],
  "dataset": "dang",
  "instance_name": "gr229_gen3_m3.txt",
  "run_seed": 39008,
  "run_index": 1
}