{
  "instance": {
    "num_nodes": 230,
    "team_size": 4,
    "max_route_distance": 441.25,
    "start_depot": 0,
    "end_depot": 229
  },
  "objective": {
    "total_score": 10909.0
  },
  "performance": {
    "cpu_time_seconds": 3.6784488000002966,
    "iterations": 20,
    "iterations_to_convergence": 14,
    "last_improvement_iteration": 14,
    "stagnation_iterations": 6,
    "accepted_worse_moves": 3,
    "restarts_performed": 1,
    "num_lp_solves": null,
    "num_labels_generated": null
  },
  "routes": [
    {
      "route_index": 1,
      "nodes": [
        0,
        2,
        4,
        6,
        7,
        9,
        10,
        50,
        51,
        59,
        60,
        61,
        63,
        64,
        65,
        62,
        67,
        68,
        77,
        76,
        75,
        74,
        100,
        115,
        118,
        120,
        121,
        122,
        138,
        210,
        218,
        137,
        128,
        109,
        108,
        107,
        103,
        96,
        97,
        98,
        95,
        94,
        34,
        90,
        87,
        78,
        79,
        86,
        80,
        81,
        82,
        56,
        55,
        19,
        17,
        16,
        229
      ],
      "score": 2689.0,
      "length": 437.90908484345266
    },
    {
      "route_index": 2,
      "nodes": [
        0,
        12,
        13,
        14,
        91,
        92,
        93,
        99,
        105,
        112,
        116,
        113,
        110,
        125,
        126,
        127,
        129,
        130,
        131,
        136,
        135,
        139,
        140,
        143,
        144,
        204,
        154,
        153,
        150,
        151,
        152,
        134,
        133,
        163,
        164,
        172,
        173,
        174,
        175,
        184,
        185,
        186,
        195,
        194,
        49,
        45,
        183,
        182,
        181,
        179,
        180,
        178,
        39,
        38,
        31,
        30,
        29,
        32,
        26,
        25,
        1,
        229
      ],
      "score": 2959.0,
      "length": 409.71556705226664
    },
    {
      "route_index": 3,
      "nodes": [
        0,
        3,
        5,
        8,
        18,
        52,
        54,
        53,
        57,
        58,
        66,
        70,
        69,
        71,
        72,
        114,
        117,
        119,
        141,
        142,
        145,
        146,
        147,
        148,
        149,
        203,
        211,
        205,
        206,
        207,
        208,
        209,
        219,
        220,
        201,
        202,
        200,
        157,
        156,
        155,
        158,
        159,
        160,
        161,
        162,
        171,
        132,
        170,
        124,
        37,
        33,
        36,
        35,
        21,
        20,
        229
      ],
      "score": 2852.0,
      "length": 439.2592105473405
    },
    {
      "route_index": 4,
      "nodes": [
        0,
        27,
        28,
        40,
        41,
        44,
        43,
        48,
        46,
        47,
        187,
        188,
        189,
        222,
        221,
        199,
        190,
        192,
        191,
        193,
        196,
        197,
        198,
        177,
        176,
        167,
        169,
        168,
        166,
        165,
        123,
        104,
        106,
        111,
        101,
        102,
        73,
        89,
        88,
        85,
        84,
        24,
        83,
        23,
        22,
        15,
        11,
        229
      ],
      "score": 2409.0,
      "length": 437.97183979684246
    }
  ],
  "dataset": "dang",
  "instance_name": "gr229_gen2_m4.txt",
  "run_seed": 45
}