{
  "instance": {
    "num_nodes": 230,
    "team_size": 4,
    "max_route_distance": 441.25,
    "start_depot": 0,
    "end_depot": 229
  },
  "objective": {
    "total_score": 7248.0
  },
  "performance": {
    "cpu_time_seconds": 3.68006190000051,
    "iterations": 20,
    "iterations_to_convergence": 6,
    "last_improvement_iteration": 6,
    "stagnation_iterations": 14,
    "accepted_worse_moves": 1,
    "restarts_performed": 1,
    "num_lp_solves": null,
    "num_labels_generated": null
  },
  "routes": [
    {
      "route_index": 1,
      "nodes": [
        0,
        11,
        15,
        19,
        20,
        21,
        22,
        23,
        83,
        24,
        84,
        85,
        88,
        89,
        90,
        91,
        92,
        93,
        99,
        98,
        94,
        95,
        97,
        96,
        103,
        104,
        107,
        108,
        109,
        123,
        124,
        165,
        170,
        132,
        130,
        131,
        136,
        135,
        151,
        150,
        153,
        154,
        149,
        204,
        148,
        147,
        145,
        144,
        143,
        142,
        137,
        128,
        129,
        127,
        126,
        125,
        110,
        113,
        116,
        119,
        120,
        121,
        118,
        117,
        115,
        112,
        106,
        105,
        111,
        100,
        101,
        102,
        73,
        74,
        75,
        76,
        78,
        80,
        56,
        58,
        59,
        60,
        62,
        65,
        64,
        63,
        61,
        57,
        53,
        52,
        51,
        50,
        18,
        9,
        7,
        2,
        229
      ],
      "score": 2488.0,
      "length": 427.74288152564264
    },
    {
      "route_index": 2,
      "nodes": [
        0,
        28,
        178,
        180,
        179,
        177,
        181,
        185,
        49,
        48,
        187,
        188,
        189,
        190,
        192,
        191,
        193,
        194,
        195,
        196,
        174,
        173,
        172,
        164,
        163,
        161,
        160,
        159,
        158,
        200,
        202,
        220,
        219,
        210,
        156,
        155,
        152,
        134,
        133,
        162,
        171,
        169,
        168,
        33,
        34,
        36,
        35,
        14,
        12,
        229
      ],
      "score": 2046.0,
      "length": 439.48890891576576
    },
    {
      "route_index": 3,
      "nodes": [
        0,
        3,
        4,
        6,
        5,
        8,
        10,
        17,
        16,
        54,
        55,
        82,
        81,
        86,
        79,
        87,
        77,
        66,
        67,
        68,
        70,
        69,
        71,
        72,
        114,
        122,
        141,
        138,
        139,
        140,
        146,
        205,
        207,
        206,
        211,
        203,
        157,
        197,
        186,
        184,
        182,
        183,
        45,
        39,
        38,
        30,
        13,
        229
      ],
      "score": 1373.0,
      "length": 434.079665023609
    },
    {
      "route_index": 4,
      "nodes": [
        0,
        27,
        31,
        40,
        47,
        46,
        44,
        43,
        222,
        221,
        218,
        215,
        214,
        213,
        212,
        208,
        209,
        201,
        199,
        198,
        175,
        176,
        167,
        166,
        37,
        32,
        29,
        26,
        25,
        1,
        229
      ],
      "score": 1341.0,
      "length": 439.82946915488395
    }
  ],
  "dataset": "dang",
  "instance_name": "gr229_gen3_m4.txt",
  "run_seed": 47
}