{
  "instance": {
    "num_nodes": 230,
    "team_size": 3,
    "max_route_distance": 588.333,
    "start_depot": 0,
    "end_depot": 229
  },
  "objective": {
    "total_score": 11120.0
  },
  "performance": {
    "cpu_time_seconds": 3.845665800000461,
    "iterations": 20,
    "iterations_to_convergence": 2,
    "last_improvement_iteration": 2,
    "stagnation_iterations": 18,
    "accepted_worse_moves": 0,
    "restarts_performed": 1,
    "num_lp_solves": null,
    "num_labels_generated": null
  },
  "routes": [
    {
      "route_index": 1,
      "nodes": [
        0,
        11,
        15,
        16,
        3,
        4,
        6,
        7,
        9,
        10,
        18,
        52,
        54,
        53,
        57,
        61,
        63,
        60,
        59,
        58,
        56,
        82,
        23,
        22,
        20,
        21,
        24,
        83,
        86,
        80,
        79,
        87,
        78,
        77,
        66,
        67,
        68,
        70,
        69,
        71,
        72,
        74,
        75,
        76,
        89,
        88,
        85,
        84,
        91,
        92,
        93,
        99,
        100,
        101,
        114,
        117,
        118,
        121,
        120,
        119,
        115,
        116,
        113,
        110,
        125,
        126,
        129,
        128,
        141,
        142,
        143,
        150,
        153,
        155,
        152,
        134,
        133,
        132,
        165,
        124,
        123,
        108,
        103,
        104,
        106,
        105,
        97,
        96,
        95,
        94,
        36,
        35,
        34,
        32,
        30,
        31,
        28,
        26,
        25,
        13,
        12,
        1,
        229
      ],
      "score": 5428.0,
      "length": 511.30745442858495
    },
    {
      "route_index": 2,
      "nodes": [
        0,
        27,
        29,
        33,
        37,
        38,
        39,
        40,
        41,
        45,
        183,
        49,
        47,
        46,
        44,
        42,
        43,
        48,
        187,
        188,
        189,
        190,
        192,
        191,
        193,
        194,
        195,
        197,
        196,
        186,
        185,
        184,
        182,
        181,
        180,
        179,
        177,
        174,
        175,
        164,
        172,
        173,
        176,
        178,
        167,
        166,
        168,
        169,
        170,
        130,
        131,
        136,
        135,
        161,
        160,
        159,
        158,
        157,
        203,
        149,
        154,
        148,
        147,
        146,
        140,
        139,
        138,
        137,
        127,
        109,
        107,
        111,
        102,
        90,
        81,
        62,
        65,
        64,
        51,
        50,
        8,
        5,
        229
      ],
      "score": 3884.0,
      "length": 575.061311360523
    },
    {
      "route_index": 3,
      "nodes": [
        0,
        2,
        17,
        19,
        55,
        73,
        122,
        144,
        145,
        151,
        156,
        200,
        201,
        202,
        210,
        211,
        204,
        205,
        206,
        207,
        208,
        209,
        212,
        213,
        214,
        215,
        218,
        219,
        220,
        221,
        222,
        199,
        198,
        163,
        162,
        171,
        112,
        98,
        14,
        229
      ],
      "score": 1808.0,
      "length": 532.3215081048519
    }
  ],
  "dataset": "dang",
  "instance_name": "gr229_gen2_m3.txt",
  "run_seed": 44
}