{
  "instance": {
    "num_nodes": 230,
    "team_size": 4,
    "max_route_distance": 441.25,
    "start_depot": 0,
    "end_depot": 229
  },
  "objective": {
    "total_score": 216.0
  },
  "performance": {
    "cpu_time_seconds": 7.246943700010888,
    "iterations": 20,
    "iterations_to_convergence": 7,
    "last_improvement_iteration": 7,
    "stagnation_iterations": 13,
    "accepted_worse_moves": 2,
    "restarts_performed": 1,
    "num_lp_solves": null,
    "num_labels_generated": null
  },
  "routes": [
    {
      "route_index": 1,
      "nodes": [
        0,
        2,
        16,
        17,
        19,
        20,
        22,
        23,
        83,
        24,
        84,
        85,
        35,
        36,
        94,
        95,
        96,
        104,
        107,
        108,
        113,
        129,
        132,
        158,
        200,
        201,
        202,
        157,
        156,
        153,
        152,
        137,
        116,
        115,
        112,
        106,
        105,
        100,
        99,
        93,
        73,
        74,
        72,
        76,
        89,
        88,
        87,
        78,
        79,
        86,
        80,
        81,
        82,
        56,
        54,
        53,
        57,
        58,
        59,
        60,
        62,
        65,
        64,
        63,
        61,
        52,
        51,
        50,
        18,
        10,
        9,
        8,
        7,
        6,
        5,
        4,
        3,
        229
      ],
      "score": 76.0,
      "length": 428.8752277032223
    },
    {
      "route_index": 2,
      "nodes": [
        0,
        11,
        15,
        55,
        66,
        67,
        68,
        70,
        71,
        69,
        77,
        75,
        90,
        102,
        101,
        111,
        114,
        117,
        118,
        119,
        120,
        121,
        122,
        141,
        139,
        142,
        143,
        204,
        148,
        150,
        135,
        171,
        162,
        164,
        198,
        197,
        196,
        186,
        185,
        184,
        182,
        181,
        180,
        179,
        177,
        174,
        173,
        176,
        178,
        167,
        166,
        168,
        169,
        170,
        126,
        125,
        123,
        33,
        32,
        26,
        25,
        229
      ],
      "score": 60.0,
      "length": 422.92097543998216
    },
    {
      "route_index": 3,
      "nodes": [
        0,
        27,
        28,
        30,
        31,
        38,
        39,
        40,
        41,
        45,
        183,
        49,
        47,
        46,
        44,
        42,
        43,
        48,
        187,
        188,
        189,
        190,
        192,
        191,
        193,
        194,
        195,
        175,
        172,
        163,
        160,
        159,
        155,
        154,
        151,
        140,
        138,
        124,
        165,
        37,
        29,
        1,
        229
      ],
      "score": 41.0,
      "length": 437.56411186841524
    },
    {
      "route_index": 4,
      "nodes": [
        0,
        12,
        21,
        91,
        92,
        98,
        97,
        103,
        109,
        110,
        128,
        136,
        144,
        145,
        146,
        147,
        149,
        203,
        211,
        210,
        205,
        206,
        207,
        208,
        209,
        219,
        218,
        220,
        221,
        222,
        199,
        161,
        134,
        133,
        131,
        130,
        127,
        34,
        14,
        13,
        229
      ],
      "score": 39.0,
      "length": 430.9026710212308
    }
  ],
  "dataset": "dang",
  "instance_name": "gr229_gen1_m4.txt",
  "run_seed": 36007,
  "run_index": 0
}