{
  "instance": {
    "num_nodes": 230,
    "team_size": 4,
    "max_route_distance": 441.25,
    "start_depot": 0,
    "end_depot": 229
  },
  "objective": {
    "total_score": 7355.0
  },
  "performance": {
    "cpu_time_seconds": 7.3289423999376595,
    "iterations": 20,
    "iterations_to_convergence": 18,
    "last_improvement_iteration": 18,
    "stagnation_iterations": 2,
    "accepted_worse_moves": 2,
    "restarts_performed": 1,
    "num_lp_solves": null,
    "num_labels_generated": null
  },
  "routes": [
    {
      "route_index": 1,
      "nodes": [
        0,
        11,
        15,
        22,
        23,
        83,
        84,
        85,
        91,
        94,
        97,
        96,
        105,
        106,
        112,
        107,
        165,
        170,
        169,
        168,
        166,
        167,
        176,
        174,
        175,
        173,
        132,
        131,
        137,
        129,
        127,
        126,
        125,
        113,
        116,
        120,
        121,
        118,
        114,
        111,
        102,
        101,
        100,
        99,
        93,
        90,
        73,
        74,
        75,
        77,
        68,
        67,
        66,
        62,
        65,
        64,
        63,
        61,
        60,
        59,
        58,
        57,
        53,
        54,
        52,
        51,
        50,
        18,
        10,
        7,
        6,
        8,
        5,
        4,
        3,
        229
      ],
      "score": 1697.0,
      "length": 356.3988918673758
    },
    {
      "route_index": 2,
      "nodes": [
        0,
        27,
        28,
        38,
        39,
        178,
        180,
        179,
        177,
        181,
        185,
        184,
        182,
        183,
        47,
        46,
        44,
        42,
        43,
        48,
        187,
        188,
        189,
        190,
        191,
        192,
        195,
        186,
        196,
        197,
        198,
        164,
        172,
        163,
        162,
        171,
        152,
        151,
        150,
        148,
        147,
        146,
        145,
        144,
        143,
        140,
        139,
        138,
        128,
        37,
        33,
        32,
        26,
        25,
        1,
        229
      ],
      "score": 2206.0,
      "length": 432.58166990154973
    },
    {
      "route_index": 3,
      "nodes": [
        0,
        2,
        9,
        17,
        16,
        19,
        55,
        56,
        82,
        81,
        80,
        86,
        79,
        78,
        87,
        88,
        89,
        76,
        69,
        70,
        71,
        72,
        117,
        115,
        119,
        122,
        141,
        142,
        154,
        149,
        203,
        211,
        204,
        205,
        206,
        207,
        208,
        209,
        210,
        157,
        156,
        155,
        153,
        135,
        136,
        110,
        109,
        108,
        103,
        95,
        36,
        34,
        35,
        14,
        13,
        12,
        229
      ],
      "score": 1757.0,
      "length": 433.32786858355377
    },
    {
      "route_index": 4,
      "nodes": [
        0,
        20,
        21,
        24,
        92,
        98,
        104,
        123,
        124,
        130,
        133,
        134,
        161,
        160,
        159,
        158,
        200,
        202,
        201,
        220,
        219,
        212,
        213,
        214,
        215,
        218,
        221,
        222,
        199,
        194,
        193,
        49,
        45,
        41,
        40,
        31,
        30,
        29,
        229
      ],
      "score": 1695.0,
      "length": 440.1637152960753
    }
  ],
  "dataset": "dang",
  "instance_name": "gr229_gen3_m4.txt",
  "run_seed": 40007,
  "run_index": 0
}