{
  "instance": {
    "num_nodes": 151,
    "team_size": 2,
    "max_route_distance": 6631.0,
    "start_depot": 0,
    "end_depot": 150
  },
  "objective": {
    "total_score": 4086.0
  },
  "performance": {
    "cpu_time_seconds": 1.2228010999970138,
    "iterations": 20,
    "iterations_to_convergence": 6,
    "last_improvement_iteration": 6,
    "stagnation_iterations": 14,
    "accepted_worse_moves": 2,
    "restarts_performed": 1,
    "num_lp_solves": null,
    "num_labels_generated": null
  },
  "routes": [
    {
      "route_index": 1,
      "nodes": [
        0,
        62,
        9,
        71,
        20,
        73,
        126,
        58,
        140,
        16,
        14,
        10,
        31,
        108,
        90,
        97,
        22,
        109,
        76,
        59,
        61,
        149,
        19,
        85,
        26,
        11,
        6,
        116,
        8,
        56,
        144,
        86,
        50,
        124,
        24,
        80,
        60,
        57,
        27,
        92,
        150
      ],
      "score": 2237.0,
      "length": 6622.972463236858
    },
    {
      "route_index": 2,
      "nodes": [
        0,
        129,
        141,
        104,
        66,
        147,
        132,
        88,
        41,
        121,
        30,
        79,
        138,
        55,
        142,
        118,
        96,
        3,
        64,
        123,
        25,
        128,
        65,
        69,
        21,
        15,
        87,
        136,
        78,
        133,
        52,
        105,
        89,
        48,
        5,
        91,
        150
      ],
      "score": 1849.0,
      "length": 6613.320111734415
    }
  ],
  "dataset": "dang",
  "instance_name": "kroA150_gen2_m2.txt",
  "run_seed": 41007,
  "run_index": 0
}