{
  "instance": {
    "num_nodes": 151,
    "team_size": 3,
    "max_route_distance": 4420.67,
    "start_depot": 0,
    "end_depot": 150
  },
  "objective": {
    "total_score": 2203.0
  },
  "performance": {
    "cpu_time_seconds": 0.9315794999711215,
    "iterations": 20,
    "iterations_to_convergence": 17,
    "last_improvement_iteration": 17,
    "stagnation_iterations": 3,
    "accepted_worse_moves": 1,
    "restarts_performed": 1,
    "num_lp_solves": null,
    "num_labels_generated": null
  },
  "routes": [
    {
      "route_index": 1,
      "nodes": [
        0,
        27,
        57,
        60,
        24,
        80,
        67,
        84,
        134,
        139,
        116,
        8,
        6,
        56,
        144,
        86,
        124,
        50,
        92,
        150
      ],
      "score": 820.0,
      "length": 4351.202820176416
    },
    {
      "route_index": 2,
      "nodes": [
        0,
        7,
        41,
        121,
        88,
        30,
        79,
        138,
        55,
        142,
        118,
        117,
        123,
        25,
        128,
        65,
        64,
        3,
        96,
        74,
        91,
        150
      ],
      "score": 707.0,
      "length": 4409.570488483905
    },
    {
      "route_index": 3,
      "nodes": [
        0,
        129,
        147,
        53,
        39,
        63,
        143,
        113,
        43,
        115,
        49,
        72,
        68,
        107,
        66,
        104,
        141,
        150
      ],
      "score": 676.0,
      "length": 4340.5228085455155
    }
  ],
  "dataset": "dang",
  "instance_name": "kroA150_gen3_m3.txt",
  "run_seed": 42008,
  "run_index": 1
}