{
  "instance": {
    "num_nodes": 201,
    "team_size": 4,
    "max_route_distance": 3671.0,
    "start_depot": 0,
    "end_depot": 200
  },
  "objective": {
    "total_score": 76.0
  },
  "performance": {
    "cpu_time_seconds": 2.6627669000299647,
    "iterations": 20,
    "iterations_to_convergence": 18,
    "last_improvement_iteration": 18,
    "stagnation_iterations": 2,
    "accepted_worse_moves": 1,
    "restarts_performed": 1,
    "num_lp_solves": null,
    "num_labels_generated": null
  },
  "routes": [
    {
      "route_index": 1,
      "nodes": [
        0,
        114,
        116,
        173,
        171,
        109,
        17,
        48,
        189,
        18,
        91,
        9,
        174,
        98,
        148,
        105,
        92,
        162,
        11,
        146,
        39,
        200
      ],
      "score": 20.0,
      "length": 3437.4606573485667
    },
    {
      "route_index": 2,
      "nodes": [
        0,
        131,
        192,
        127,
        157,
        76,
        79,
        150,
        186,
        5,
        108,
        156,
        46,
        66,
        176,
        14,
        122,
        200
      ],
      "score": 16.0,
      "length": 3649.7633338924193
    },
    {
      "route_index": 3,
      "nodes": [
        0,
        52,
        110,
        120,
        45,
        28,
        183,
        36,
        117,
        123,
        137,
        8,
        77,
        81,
        198,
        25,
        60,
        135,
        31,
        23,
        158,
        200
      ],
      "score": 20.0,
      "length": 3602.660866996091
    },
    {
      "route_index": 4,
      "nodes": [
        0,
        144,
        78,
        159,
        161,
        63,
        19,
        54,
        41,
        134,
        185,
        126,
        111,
        119,
        30,
        64,
        12,
        197,
        26,
        190,
        84,
        200
      ],
      "score": 20.0,
      "length": 3670.021339015635
    }
  ],
  "dataset": "dang",
  "instance_name": "kroA200_gen1_m4.txt",
  "run_seed": 43008,
  "run_index": 1
}