{
  "instance": {
    "num_nodes": 201,
    "team_size": 2,
    "max_route_distance": 7359.5,
    "start_depot": 0,
    "end_depot": 200
  },
  "objective": {
    "total_score": 98.0
  },
  "performance": {
    "cpu_time_seconds": 1.4352970999998433,
    "iterations": 20,
    "iterations_to_convergence": 8,
    "last_improvement_iteration": 8,
    "stagnation_iterations": 12,
    "accepted_worse_moves": 1,
    "restarts_performed": 1,
    "num_lp_solves": null,
    "num_labels_generated": null
  },
  "routes": [
    {
      "route_index": 1,
      "nodes": [
        0,
        122,
        9,
        67,
        110,
        68,
        149,
        100,
        55,
        99,
        25,
        61,
        131,
        4,
        193,
        116,
        189,
        39,
        38,
        197,
        69,
        148,
        169,
        52,
        72,
        84,
        121,
        92,
        10,
        157,
        27,
        128,
        90,
        96,
        75,
        98,
        7,
        28,
        135,
        58,
        174,
        166,
        31,
        97,
        11,
        160,
        8,
        24,
        45,
        145,
        89,
        200
      ],
      "score": 50.0,
      "length": 7271.645659460741
    },
    {
      "route_index": 2,
      "nodes": [
        0,
        94,
        173,
        106,
        70,
        26,
        175,
        60,
        34,
        171,
        156,
        130,
        198,
        177,
        93,
        179,
        56,
        33,
        6,
        83,
        57,
        168,
        114,
        71,
        36,
        183,
        140,
        64,
        123,
        187,
        78,
        178,
        80,
        112,
        126,
        74,
        29,
        79,
        19,
        37,
        180,
        133,
        48,
        85,
        137,
        165,
        151,
        107,
        20,
        200
      ],
      "score": 48.0,
      "length": 7343.060583301686
    }
  ],
  "dataset": "dang",
  "instance_name": "kroB200_gen1_m2.txt",
  "run_seed": 51
}