{
  "instance": {
    "num_nodes": 201,
    "team_size": 2,
    "max_route_distance": 7359.5,
    "start_depot": 0,
    "end_depot": 200
  },
  "objective": {
    "total_score": 3222.0
  },
  "performance": {
    "cpu_time_seconds": 1.588681500000348,
    "iterations": 20,
    "iterations_to_convergence": 16,
    "last_improvement_iteration": 16,
    "stagnation_iterations": 4,
    "accepted_worse_moves": 1,
    "restarts_performed": 1,
    "num_lp_solves": null,
    "num_labels_generated": null
  },
  "routes": [
    {
      "route_index": 1,
      "nodes": [
        0,
        89,
        20,
        107,
        151,
        165,
        137,
        85,
        48,
        133,
        180,
        37,
        19,
        79,
        29,
        74,
        100,
        149,
        68,
        25,
        99,
        55,
        61,
        131,
        4,
        196,
        66,
        193,
        116,
        189,
        39,
        38,
        197,
        69,
        148,
        169,
        52,
        72,
        84,
        121,
        92,
        10,
        157,
        27,
        128,
        90,
        96,
        75,
        98,
        7,
        28,
        135,
        58,
        174,
        166,
        31,
        97,
        94,
        200
      ],
      "score": 1431.0,
      "length": 7305.551129284812
    },
    {
      "route_index": 2,
      "nodes": [
        0,
        45,
        8,
        24,
        71,
        36,
        183,
        140,
        172,
        138,
        87,
        22,
        21,
        170,
        103,
        54,
        142,
        176,
        190,
        153,
        53,
        162,
        115,
        51,
        57,
        83,
        6,
        195,
        185,
        59,
        164,
        73,
        113,
        167,
        132,
        65,
        144,
        198,
        177,
        130,
        156,
        171,
        34,
        60,
        70,
        160,
        173,
        200
      ],
      "score": 1791.0,
      "length": 7351.367388940803
    }
  ],
  "dataset": "dang",
  "instance_name": "kroB200_gen3_m2.txt",
  "run_seed": 54
}