{
  "instance": {
    "num_nodes": 201,
    "team_size": 2,
    "max_route_distance": 7359.5,
    "start_depot": 0,
    "end_depot": 200
  },
  "objective": {
    "total_score": 5607.0
  },
  "performance": {
    "cpu_time_seconds": 3.2305651999777183,
    "iterations": 20,
    "iterations_to_convergence": 15,
    "last_improvement_iteration": 15,
    "stagnation_iterations": 5,
    "accepted_worse_moves": 1,
    "restarts_performed": 1,
    "num_lp_solves": null,
    "num_labels_generated": null
  },
  "routes": [
    {
      "route_index": 1,
      "nodes": [
        0,
        173,
        11,
        160,
        70,
        26,
        60,
        175,
        179,
        93,
        177,
        130,
        198,
        144,
        65,
        132,
        167,
        113,
        73,
        164,
        59,
        185,
        195,
        6,
        83,
        57,
        51,
        115,
        162,
        53,
        153,
        190,
        138,
        172,
        114,
        36,
        183,
        140,
        64,
        187,
        123,
        126,
        74,
        29,
        79,
        19,
        37,
        145,
        45,
        24,
        8,
        200
      ],
      "score": 2692.0,
      "length": 7337.760338138146
    },
    {
      "route_index": 2,
      "nodes": [
        0,
        89,
        20,
        107,
        165,
        137,
        180,
        133,
        48,
        85,
        122,
        141,
        9,
        67,
        110,
        188,
        189,
        116,
        39,
        193,
        131,
        4,
        196,
        66,
        197,
        69,
        148,
        38,
        169,
        52,
        72,
        84,
        121,
        92,
        10,
        2,
        157,
        27,
        128,
        90,
        96,
        75,
        98,
        7,
        28,
        135,
        58,
        174,
        166,
        31,
        97,
        94,
        200
      ],
      "score": 2915.0,
      "length": 7256.690161202261
    }
  ],
  "dataset": "dang",
  "instance_name": "kroB200_gen2_m2.txt",
  "run_seed": 45007,
  "run_index": 0
}