{
  "instance": {
    "num_nodes": 201,
    "team_size": 4,
    "max_route_distance": 3679.75,
    "start_depot": 0,
    "end_depot": 200
  },
  "objective": {
    "total_score": 4241.0
  },
  "performance": {
    "cpu_time_seconds": 1.2570230000001175,
    "iterations": 20,
    "iterations_to_convergence": 16,
    "last_improvement_iteration": 16,
    "stagnation_iterations": 4,
    "accepted_worse_moves": 0,
    "restarts_performed": 1,
    "num_lp_solves": null,
    "num_labels_generated": null
  },
  "routes": [
    {
      "route_index": 1,
      "nodes": [
        0,
        97,
        31,
        166,
        135,
        58,
        174,
        106,
        89,
        107,
        151,
        37,
        19,
        79,
        74,
        29,
        180,
        133,
        48,
        85,
        137,
        20,
        200
      ],
      "score": 1170.0,
      "length": 3662.5810801838074
    },
    {
      "route_index": 2,
      "nodes": [
        0,
        8,
        24,
        45,
        145,
        165,
        67,
        110,
        189,
        116,
        39,
        38,
        197,
        69,
        148,
        188,
        9,
        122,
        200
      ],
      "score": 994.0,
      "length": 3535.470332900857
    },
    {
      "route_index": 3,
      "nodes": [
        0,
        94,
        28,
        7,
        98,
        75,
        96,
        90,
        128,
        27,
        157,
        2,
        10,
        92,
        121,
        84,
        72,
        52,
        169,
        141,
        200
      ],
      "score": 1048.0,
      "length": 3609.2319500211606
    },
    {
      "route_index": 4,
      "nodes": [
        0,
        173,
        11,
        70,
        60,
        130,
        198,
        144,
        65,
        132,
        167,
        113,
        59,
        164,
        73,
        177,
        93,
        179,
        175,
        26,
        160,
        200
      ],
      "score": 1029.0,
      "length": 3626.37199298655
    }
  ],
  "dataset": "dang",
  "instance_name": "kroB200_gen2_m4.txt",
  "run_seed": 53
}