{
  "instance": {
    "num_nodes": 201,
    "team_size": 2,
    "max_route_distance": 7359.5,
    "start_depot": 0,
    "end_depot": 200
  },
  "objective": {
    "total_score": 5181.0
  },
  "performance": {
    "cpu_time_seconds": 2.4607470999471843,
    "iterations": 20,
    "iterations_to_convergence": 20,
    "last_improvement_iteration": 20,
    "stagnation_iterations": 0,
    "accepted_worse_moves": 1,
    "restarts_performed": 1,
    "num_lp_solves": null,
    "num_labels_generated": null
  },
  "routes": [
    {
      "route_index": 1,
      "nodes": [
        0,
        20,
        165,
        137,
        85,
        48,
        133,
        180,
        29,
        74,
        112,
        80,
        178,
        78,
        187,
        64,
        140,
        172,
        138,
        87,
        170,
        142,
        176,
        163,
        49,
        158,
        184,
        42,
        195,
        185,
        51,
        162,
        53,
        114,
        36,
        71,
        79,
        19,
        37,
        145,
        24,
        45,
        200
      ],
      "score": 2402.0,
      "length": 7347.9271766133315
    },
    {
      "route_index": 2,
      "nodes": [
        0,
        89,
        122,
        141,
        9,
        67,
        110,
        188,
        189,
        116,
        39,
        38,
        197,
        69,
        148,
        169,
        52,
        72,
        84,
        121,
        92,
        10,
        2,
        157,
        27,
        128,
        90,
        96,
        75,
        98,
        7,
        28,
        135,
        58,
        174,
        166,
        31,
        106,
        34,
        60,
        93,
        179,
        175,
        26,
        70,
        160,
        11,
        97,
        94,
        200
      ],
      "score": 2779.0,
      "length": 7323.109953860821
    }
  ],
  "dataset": "dang",
  "instance_name": "kroB200_gen2_m2.txt",
  "run_seed": 45008,
  "run_index": 1
}