{
  "instance": {
    "num_nodes": 319,
    "team_size": 3,
    "max_route_distance": 7015.0,
    "start_depot": 0,
    "end_depot": 318
  },
  "objective": {
    "total_score": 127.0
  },
  "performance": {
    "cpu_time_seconds": 7.455400799983181,
    "iterations": 20,
    "iterations_to_convergence": 18,
    "last_improvement_iteration": 18,
    "stagnation_iterations": 2,
    "accepted_worse_moves": 4,
    "restarts_performed": 1,
    "num_lp_solves": null,
    "num_labels_generated": null
  },
  "routes": [
    {
      "route_index": 1,
      "nodes": [
        0,
        4,
        3,
        105,
        106,
        110,
        111,
        114,
        119,
        207,
        134,
        135,
        33,
        34,
        41,
        40,
        42,
        45,
        51,
        52,
        57,
        43,
        46,
        50,
        53,
        56,
        61,
        104,
        58,
        55,
        54,
        49,
        47,
        44,
        48,
        39,
        103,
        31,
        30,
        29,
        28,
        21,
        20,
        10,
        9,
        6,
        5,
        1,
        318
      ],
      "score": 47.0,
      "length": 7011.856772168654
    },
    {
      "route_index": 2,
      "nodes": [
        0,
        14,
        102,
        19,
        22,
        27,
        32,
        35,
        36,
        38,
        37,
        144,
        153,
        149,
        152,
        154,
        159,
        160,
        163,
        209,
        161,
        158,
        155,
        151,
        148,
        162,
        157,
        156,
        150,
        147,
        145,
        146,
        141,
        140,
        137,
        136,
        25,
        26,
        23,
        18,
        318
      ],
      "score": 39.0,
      "length": 6924.825057225914
    },
    {
      "route_index": 3,
      "nodes": [
        0,
        11,
        15,
        17,
        24,
        16,
        13,
        12,
        125,
        126,
        133,
        132,
        127,
        124,
        123,
        128,
        131,
        130,
        129,
        122,
        120,
        121,
        118,
        117,
        230,
        231,
        238,
        312,
        224,
        220,
        219,
        216,
        215,
        108,
        109,
        113,
        112,
        116,
        115,
        8,
        7,
        2,
        318
      ],
      "score": 41.0,
      "length": 6986.0783547923
    }
  ],
  "dataset": "dang",
  "instance_name": "lin318_gen1_m3.txt",
  "run_seed": 50008,
  "run_index": 1
}