{
  "instance": {
    "num_nodes": 319,
    "team_size": 3,
    "max_route_distance": 7015.0,
    "start_depot": 0,
    "end_depot": 318
  },
  "objective": {
    "total_score": 128.0
  },
  "performance": {
    "cpu_time_seconds": 8.610943900072016,
    "iterations": 20,
    "iterations_to_convergence": 14,
    "last_improvement_iteration": 14,
    "stagnation_iterations": 6,
    "accepted_worse_moves": 0,
    "restarts_performed": 1,
    "num_lp_solves": null,
    "num_labels_generated": null
  },
  "routes": [
    {
      "route_index": 1,
      "nodes": [
        0,
        1,
        5,
        6,
        19,
        26,
        23,
        18,
        15,
        16,
        17,
        24,
        25,
        35,
        36,
        38,
        37,
        34,
        33,
        136,
        135,
        137,
        131,
        130,
        129,
        122,
        121,
        120,
        123,
        128,
        124,
        127,
        132,
        134,
        133,
        126,
        125,
        207,
        119,
        13,
        12,
        115,
        114,
        111,
        110,
        106,
        105,
        3,
        4,
        8,
        7,
        2,
        318
      ],
      "score": 51.0,
      "length": 6891.663752051718
    },
    {
      "route_index": 2,
      "nodes": [
        0,
        102,
        22,
        27,
        32,
        103,
        39,
        48,
        44,
        47,
        49,
        54,
        55,
        56,
        53,
        45,
        51,
        60,
        59,
        163,
        209,
        161,
        158,
        155,
        151,
        148,
        149,
        152,
        154,
        159,
        153,
        41,
        42,
        40,
        11,
        318
      ],
      "score": 34.0,
      "length": 6967.552759563504
    },
    {
      "route_index": 3,
      "nodes": [
        0,
        14,
        20,
        21,
        28,
        29,
        30,
        31,
        43,
        46,
        50,
        52,
        57,
        61,
        62,
        69,
        68,
        73,
        74,
        80,
        89,
        88,
        85,
        79,
        75,
        72,
        71,
        76,
        78,
        83,
        84,
        82,
        81,
        77,
        70,
        67,
        66,
        63,
        104,
        58,
        316,
        315,
        10,
        9,
        318
      ],
      "score": 43.0,
      "length": 7003.499003117312
    }
  ],
  "dataset": "dang",
  "instance_name": "lin318_gen1_m3.txt",
  "run_seed": 50007,
  "run_index": 0
}