{
  "instance": {
    "num_nodes": 319,
    "team_size": 3,
    "max_route_distance": 7015.0,
    "start_depot": 0,
    "end_depot": 318
  },
  "objective": {
    "total_score": 7119.0
  },
  "performance": {
    "cpu_time_seconds": 4.616265200000271,
    "iterations": 20,
    "iterations_to_convergence": 18,
    "last_improvement_iteration": 18,
    "stagnation_iterations": 2,
    "accepted_worse_moves": 0,
    "restarts_performed": 1,
    "num_lp_solves": null,
    "num_labels_generated": null
  },
  "routes": [
    {
      "route_index": 1,
      "nodes": [
        0,
        19,
        22,
        27,
        32,
        35,
        36,
        42,
        45,
        43,
        46,
        50,
        53,
        56,
        51,
        52,
        57,
        61,
        62,
        69,
        73,
        74,
        80,
        79,
        75,
        72,
        71,
        76,
        78,
        83,
        84,
        82,
        81,
        77,
        70,
        67,
        66,
        63,
        104,
        58,
        55,
        54,
        49,
        47,
        44,
        48,
        39,
        31,
        30,
        29,
        28,
        21,
        20,
        10,
        9,
        6,
        5,
        1,
        318
      ],
      "score": 2832.0,
      "length": 6976.8547752393915
    },
    {
      "route_index": 2,
      "nodes": [
        0,
        7,
        8,
        4,
        114,
        115,
        119,
        116,
        123,
        131,
        140,
        141,
        145,
        147,
        150,
        156,
        148,
        151,
        155,
        158,
        161,
        209,
        163,
        160,
        159,
        154,
        152,
        149,
        153,
        144,
        37,
        38,
        41,
        40,
        103,
        102,
        14,
        318
      ],
      "score": 2127.0,
      "length": 6982.939018370294
    },
    {
      "route_index": 3,
      "nodes": [
        0,
        11,
        18,
        23,
        26,
        25,
        24,
        17,
        15,
        16,
        13,
        125,
        126,
        133,
        136,
        135,
        134,
        132,
        127,
        124,
        128,
        130,
        129,
        122,
        120,
        121,
        118,
        117,
        220,
        219,
        216,
        215,
        211,
        210,
        108,
        109,
        113,
        112,
        111,
        110,
        106,
        105,
        3,
        2,
        318
      ],
      "score": 2160.0,
      "length": 7009.418220605879
    }
  ],
  "dataset": "dang",
  "instance_name": "lin318_gen2_m3.txt",
  "run_seed": 59
}