{
  "instance": {
    "num_nodes": 319,
    "team_size": 3,
    "max_route_distance": 7015.0,
    "start_depot": 0,
    "end_depot": 318
  },
  "objective": {
    "total_score": 7102.0
  },
  "performance": {
    "cpu_time_seconds": 9.575577599927783,
    "iterations": 20,
    "iterations_to_convergence": 14,
    "last_improvement_iteration": 14,
    "stagnation_iterations": 6,
    "accepted_worse_moves": 2,
    "restarts_performed": 1,
    "num_lp_solves": null,
    "num_labels_generated": null
  },
  "routes": [
    {
      "route_index": 1,
      "nodes": [
        0,
        16,
        15,
        23,
        26,
        35,
        36,
        41,
        40,
        42,
        45,
        51,
        52,
        57,
        62,
        61,
        75,
        79,
        85,
        78,
        76,
        71,
        83,
        84,
        82,
        81,
        77,
        70,
        67,
        66,
        58,
        55,
        54,
        49,
        47,
        48,
        316,
        315,
        39,
        31,
        30,
        28,
        21,
        20,
        10,
        9,
        6,
        5,
        1,
        318
      ],
      "score": 2558.0,
      "length": 7002.521323702489
    },
    {
      "route_index": 2,
      "nodes": [
        0,
        14,
        102,
        19,
        22,
        27,
        32,
        103,
        43,
        46,
        50,
        53,
        56,
        104,
        63,
        72,
        80,
        74,
        73,
        69,
        65,
        64,
        60,
        59,
        163,
        209,
        160,
        159,
        154,
        152,
        149,
        153,
        144,
        136,
        135,
        133,
        126,
        125,
        13,
        8,
        2,
        318
      ],
      "score": 2311.0,
      "length": 7009.139353224763
    },
    {
      "route_index": 3,
      "nodes": [
        0,
        11,
        18,
        17,
        24,
        25,
        34,
        33,
        208,
        148,
        151,
        155,
        158,
        161,
        162,
        157,
        156,
        150,
        147,
        145,
        141,
        140,
        130,
        129,
        122,
        121,
        120,
        123,
        128,
        131,
        137,
        132,
        127,
        124,
        116,
        119,
        115,
        114,
        111,
        110,
        106,
        105,
        3,
        4,
        318
      ],
      "score": 2233.0,
      "length": 6993.743304320349
    }
  ],
  "dataset": "dang",
  "instance_name": "lin318_gen2_m3.txt",
  "run_seed": 52007,
  "run_index": 0
}