{
  "instance": {
    "num_nodes": 319,
    "team_size": 2,
    "max_route_distance": 10522.5,
    "start_depot": 0,
    "end_depot": 318
  },
  "objective": {
    "total_score": 6471.0
  },
  "performance": {
    "cpu_time_seconds": 12.434450299944729,
    "iterations": 20,
    "iterations_to_convergence": 17,
    "last_improvement_iteration": 17,
    "stagnation_iterations": 3,
    "accepted_worse_moves": 0,
    "restarts_performed": 1,
    "num_lp_solves": null,
    "num_labels_generated": null
  },
  "routes": [
    {
      "route_index": 1,
      "nodes": [
        0,
        2,
        7,
        8,
        4,
        3,
        105,
        106,
        110,
        111,
        114,
        115,
        119,
        207,
        125,
        126,
        133,
        136,
        135,
        134,
        132,
        127,
        124,
        131,
        128,
        123,
        120,
        121,
        122,
        129,
        130,
        140,
        141,
        146,
        147,
        145,
        148,
        151,
        155,
        158,
        161,
        150,
        156,
        157,
        162,
        166,
        167,
        174,
        173,
        178,
        179,
        185,
        184,
        180,
        177,
        176,
        181,
        183,
        188,
        189,
        187,
        186,
        182,
        175,
        172,
        171,
        168,
        209,
        163,
        160,
        159,
        154,
        152,
        149,
        153,
        144,
        37,
        38,
        36,
        25,
        24,
        17,
        15,
        23,
        18,
        11,
        318
      ],
      "score": 3440.0,
      "length": 10519.02301170123
    },
    {
      "route_index": 2,
      "nodes": [
        0,
        1,
        5,
        6,
        9,
        10,
        20,
        21,
        28,
        29,
        30,
        31,
        315,
        316,
        48,
        44,
        47,
        49,
        54,
        55,
        104,
        63,
        66,
        67,
        70,
        77,
        81,
        82,
        83,
        84,
        90,
        91,
        95,
        96,
        100,
        101,
        92,
        97,
        98,
        94,
        93,
        99,
        206,
        205,
        201,
        200,
        196,
        195,
        86,
        87,
        89,
        88,
        85,
        78,
        76,
        71,
        72,
        75,
        79,
        80,
        74,
        73,
        68,
        69,
        62,
        61,
        56,
        53,
        50,
        46,
        43,
        103,
        32,
        27,
        22,
        19,
        102,
        14,
        318
      ],
      "score": 3031.0,
      "length": 10453.517723615621
    }
  ],
  "dataset": "dang",
  "instance_name": "lin318_gen3_m2.txt",
  "run_seed": 53008,
  "run_index": 1
}