{
  "instance": {
    "num_nodes": 319,
    "team_size": 2,
    "max_route_distance": 10522.5,
    "start_depot": 0,
    "end_depot": 318
  },
  "objective": {
    "total_score": 6079.0
  },
  "performance": {
    "cpu_time_seconds": 6.400599499999771,
    "iterations": 20,
    "iterations_to_convergence": 19,
    "last_improvement_iteration": 19,
    "stagnation_iterations": 1,
    "accepted_worse_moves": 0,
    "restarts_performed": 1,
    "num_lp_solves": null,
    "num_labels_generated": null
  },
  "routes": [
    {
      "route_index": 1,
      "nodes": [
        0,
        1,
        5,
        6,
        9,
        10,
        20,
        21,
        28,
        22,
        26,
        23,
        18,
        15,
        16,
        17,
        24,
        25,
        35,
        36,
        41,
        40,
        42,
        45,
        51,
        52,
        57,
        61,
        62,
        60,
        59,
        163,
        209,
        160,
        159,
        154,
        152,
        153,
        144,
        149,
        148,
        151,
        155,
        158,
        161,
        162,
        157,
        156,
        150,
        147,
        145,
        146,
        141,
        140,
        130,
        129,
        122,
        121,
        120,
        123,
        128,
        131,
        124,
        127,
        132,
        137,
        136,
        135,
        134,
        133,
        126,
        125,
        207,
        119,
        13,
        12,
        115,
        114,
        111,
        110,
        106,
        105,
        3,
        4,
        8,
        7,
        2,
        318
      ],
      "score": 2720.0,
      "length": 10293.942196346065
    },
    {
      "route_index": 2,
      "nodes": [
        0,
        14,
        102,
        29,
        30,
        31,
        39,
        44,
        47,
        49,
        54,
        55,
        58,
        66,
        67,
        70,
        77,
        81,
        82,
        83,
        84,
        90,
        91,
        95,
        96,
        100,
        101,
        97,
        98,
        94,
        93,
        99,
        206,
        205,
        201,
        200,
        196,
        195,
        189,
        188,
        183,
        181,
        176,
        171,
        172,
        175,
        182,
        186,
        187,
        86,
        87,
        89,
        88,
        80,
        74,
        73,
        69,
        68,
        72,
        75,
        79,
        78,
        76,
        71,
        63,
        104,
        56,
        53,
        50,
        46,
        43,
        103,
        32,
        27,
        19,
        11,
        318
      ],
      "score": 3359.0,
      "length": 10484.771920809402
    }
  ],
  "dataset": "dang",
  "instance_name": "lin318_gen3_m2.txt",
  "run_seed": 60
}