{
  "instance": {
    "num_nodes": 319,
    "team_size": 2,
    "max_route_distance": 10522.5,
    "start_depot": 0,
    "end_depot": 318
  },
  "objective": {
    "total_score": 6270.0
  },
  "performance": {
    "cpu_time_seconds": 11.67980499996338,
    "iterations": 20,
    "iterations_to_convergence": 10,
    "last_improvement_iteration": 10,
    "stagnation_iterations": 10,
    "accepted_worse_moves": 2,
    "restarts_performed": 1,
    "num_lp_solves": null,
    "num_labels_generated": null
  },
  "routes": [
    {
      "route_index": 1,
      "nodes": [
        0,
        1,
        5,
        6,
        9,
        10,
        14,
        20,
        21,
        28,
        29,
        30,
        31,
        39,
        315,
        316,
        48,
        44,
        47,
        49,
        54,
        55,
        104,
        63,
        72,
        75,
        79,
        78,
        76,
        71,
        66,
        67,
        70,
        77,
        81,
        82,
        83,
        84,
        90,
        91,
        95,
        96,
        100,
        101,
        92,
        97,
        98,
        94,
        93,
        99,
        206,
        205,
        201,
        200,
        196,
        195,
        86,
        87,
        80,
        74,
        73,
        68,
        69,
        62,
        61,
        57,
        52,
        51,
        45,
        42,
        40,
        41,
        36,
        35,
        25,
        24,
        17,
        18,
        11,
        318
      ],
      "score": 2988.0,
      "length": 10502.77393441713
    },
    {
      "route_index": 2,
      "nodes": [
        0,
        102,
        19,
        22,
        27,
        32,
        26,
        23,
        15,
        16,
        13,
        12,
        119,
        207,
        125,
        126,
        133,
        136,
        135,
        134,
        132,
        127,
        124,
        123,
        128,
        131,
        130,
        129,
        122,
        120,
        121,
        118,
        117,
        219,
        220,
        224,
        312,
        230,
        231,
        238,
        239,
        240,
        241,
        242,
        237,
        232,
        229,
        221,
        228,
        233,
        236,
        235,
        234,
        227,
        225,
        226,
        218,
        217,
        212,
        210,
        211,
        215,
        216,
        108,
        109,
        113,
        112,
        116,
        115,
        114,
        111,
        110,
        106,
        105,
        3,
        4,
        8,
        7,
        2,
        318
      ],
      "score": 3282.0,
      "length": 10521.016599855286
    }
  ],
  "dataset": "dang",
  "instance_name": "lin318_gen3_m2.txt",
  "run_seed": 53007,
  "run_index": 0
}