{
  "instance": {
    "num_nodes": 319,
    "team_size": 4,
    "max_route_distance": 5261.25,
    "start_depot": 0,
    "end_depot": 318
  },
  "objective": {
    "total_score": 2930.0
  },
  "performance": {
    "cpu_time_seconds": 7.912607199978083,
    "iterations": 20,
    "iterations_to_convergence": 4,
    "last_improvement_iteration": 4,
    "stagnation_iterations": 16,
    "accepted_worse_moves": 2,
    "restarts_performed": 1,
    "num_lp_solves": null,
    "num_labels_generated": null
  },
  "routes": [
    {
      "route_index": 1,
      "nodes": [
        0,
        1,
        5,
        6,
        9,
        10,
        14,
        21,
        28,
        29,
        18,
        13,
        12,
        119,
        125,
        126,
        133,
        207,
        113,
        112,
        107,
        3,
        4,
        8,
        7,
        2,
        318
      ],
      "score": 498.0,
      "length": 5069.92390958241
    },
    {
      "route_index": 2,
      "nodes": [
        0,
        20,
        30,
        31,
        39,
        44,
        47,
        49,
        54,
        55,
        58,
        66,
        67,
        70,
        77,
        81,
        82,
        83,
        78,
        76,
        71,
        63,
        104,
        56,
        53,
        51,
        45,
        42,
        40,
        35,
        26,
        23,
        11,
        318
      ],
      "score": 1045.0,
      "length": 5246.765053104991
    },
    {
      "route_index": 3,
      "nodes": [
        0,
        102,
        19,
        22,
        27,
        32,
        103,
        315,
        316,
        48,
        43,
        46,
        50,
        61,
        62,
        57,
        52,
        41,
        36,
        25,
        24,
        17,
        15,
        318
      ],
      "score": 541.0,
      "length": 5197.437158634999
    },
    {
      "route_index": 4,
      "nodes": [
        0,
        105,
        106,
        110,
        111,
        114,
        115,
        116,
        120,
        121,
        122,
        129,
        130,
        131,
        128,
        123,
        124,
        127,
        132,
        137,
        134,
        135,
        136,
        33,
        34,
        16,
        318
      ],
      "score": 846.0,
      "length": 5167.138884411075
    }
  ],
  "dataset": "dang",
  "instance_name": "lin318_gen3_m4.txt",
  "run_seed": 54007,
  "run_index": 0
}