{
  "instance": {
    "num_nodes": 319,
    "team_size": 3,
    "max_route_distance": 7015.0,
    "start_depot": 0,
    "end_depot": 318
  },
  "objective": {
    "total_score": 6590.0
  },
  "performance": {
    "cpu_time_seconds": 8.522662800038233,
    "iterations": 20,
    "iterations_to_convergence": 19,
    "last_improvement_iteration": 19,
    "stagnation_iterations": 1,
    "accepted_worse_moves": 0,
    "restarts_performed": 1,
    "num_lp_solves": null,
    "num_labels_generated": null
  },
  "routes": [
    {
      "route_index": 1,
      "nodes": [
        0,
        15,
        17,
        24,
        25,
        16,
        34,
        144,
        149,
        152,
        154,
        159,
        160,
        209,
        163,
        59,
        60,
        64,
        65,
        69,
        73,
        74,
        80,
        79,
        75,
        72,
        78,
        76,
        71,
        63,
        58,
        48,
        39,
        31,
        30,
        28,
        21,
        20,
        10,
        9,
        5,
        318
      ],
      "score": 2098.0,
      "length": 6958.353257088374
    },
    {
      "route_index": 2,
      "nodes": [
        0,
        4,
        3,
        105,
        106,
        110,
        111,
        114,
        115,
        119,
        116,
        124,
        127,
        132,
        135,
        136,
        33,
        41,
        40,
        42,
        45,
        51,
        52,
        57,
        62,
        61,
        104,
        55,
        54,
        49,
        47,
        53,
        50,
        46,
        43,
        103,
        32,
        29,
        27,
        22,
        19,
        102,
        14,
        6,
        1,
        318
      ],
      "score": 2337.0,
      "length": 7003.333620084232
    },
    {
      "route_index": 3,
      "nodes": [
        0,
        2,
        7,
        8,
        13,
        12,
        207,
        125,
        126,
        133,
        134,
        137,
        131,
        128,
        123,
        120,
        121,
        122,
        129,
        130,
        140,
        141,
        146,
        145,
        147,
        150,
        156,
        157,
        162,
        161,
        158,
        155,
        151,
        148,
        208,
        153,
        37,
        38,
        36,
        35,
        26,
        23,
        18,
        11,
        318
      ],
      "score": 2155.0,
      "length": 6909.801738456396
    }
  ],
  "dataset": "dang",
  "instance_name": "lin318_gen2_m3.txt",
  "run_seed": 52008,
  "run_index": 1
}