{
  "instance": {
    "num_nodes": 319,
    "team_size": 4,
    "max_route_distance": 5261.25,
    "start_depot": 0,
    "end_depot": 318
  },
  "objective": {
    "total_score": 3068.0
  },
  "performance": {
    "cpu_time_seconds": 3.668863799999599,
    "iterations": 20,
    "iterations_to_convergence": 5,
    "last_improvement_iteration": 5,
    "stagnation_iterations": 15,
    "accepted_worse_moves": 3,
    "restarts_performed": 1,
    "num_lp_solves": null,
    "num_labels_generated": null
  },
  "routes": [
    {
      "route_index": 1,
      "nodes": [
        0,
        2,
        7,
        8,
        4,
        3,
        110,
        111,
        114,
        115,
        119,
        207,
        116,
        123,
        128,
        131,
        124,
        127,
        132,
        134,
        135,
        133,
        126,
        125,
        12,
        13,
        15,
        17,
        24,
        25,
        26,
        27,
        22,
        19,
        102,
        20,
        14,
        5,
        1,
        318
      ],
      "score": 895.0,
      "length": 5187.393406365819
    },
    {
      "route_index": 2,
      "nodes": [
        0,
        6,
        21,
        28,
        30,
        31,
        103,
        44,
        48,
        49,
        54,
        55,
        104,
        61,
        62,
        56,
        53,
        50,
        46,
        43,
        57,
        52,
        51,
        45,
        42,
        40,
        41,
        36,
        35,
        23,
        18,
        11,
        318
      ],
      "score": 811.0,
      "length": 5225.894083497281
    },
    {
      "route_index": 3,
      "nodes": [
        0,
        105,
        106,
        107,
        112,
        113,
        121,
        120,
        122,
        129,
        130,
        141,
        140,
        137,
        136,
        33,
        34,
        16,
        318
      ],
      "score": 613.0,
      "length": 5226.865067929044
    },
    {
      "route_index": 4,
      "nodes": [
        0,
        29,
        32,
        39,
        47,
        58,
        63,
        71,
        76,
        78,
        83,
        84,
        82,
        81,
        77,
        70,
        67,
        66,
        316,
        315,
        10,
        9,
        318
      ],
      "score": 749.0,
      "length": 5244.9124057683275
    }
  ],
  "dataset": "dang",
  "instance_name": "lin318_gen3_m4.txt",
  "run_seed": 61
}