{
  "instance": {
    "num_nodes": 319,
    "team_size": 3,
    "max_route_distance": 7015.0,
    "start_depot": 0,
    "end_depot": 318
  },
  "objective": {
    "total_score": 135.0
  },
  "performance": {
    "cpu_time_seconds": 4.705220700000609,
    "iterations": 20,
    "iterations_to_convergence": 12,
    "last_improvement_iteration": 12,
    "stagnation_iterations": 8,
    "accepted_worse_moves": 0,
    "restarts_performed": 1,
    "num_lp_solves": null,
    "num_labels_generated": null
  },
  "routes": [
    {
      "route_index": 1,
      "nodes": [
        0,
        15,
        17,
        24,
        25,
        16,
        4,
        3,
        105,
        106,
        110,
        111,
        114,
        115,
        119,
        207,
        124,
        123,
        120,
        121,
        122,
        129,
        130,
        131,
        128,
        127,
        132,
        135,
        136,
        33,
        34,
        41,
        40,
        42,
        45,
        51,
        52,
        57,
        53,
        47,
        44,
        103,
        27,
        22,
        19,
        102,
        14,
        6,
        5,
        1,
        318
      ],
      "score": 49.0,
      "length": 7009.243296807785
    },
    {
      "route_index": 2,
      "nodes": [
        0,
        26,
        35,
        36,
        38,
        37,
        144,
        208,
        149,
        153,
        152,
        154,
        159,
        160,
        209,
        161,
        158,
        155,
        151,
        148,
        162,
        157,
        156,
        150,
        147,
        145,
        146,
        141,
        140,
        137,
        134,
        133,
        126,
        125,
        12,
        13,
        8,
        7,
        2,
        318
      ],
      "score": 38.0,
      "length": 6876.955250624962
    },
    {
      "route_index": 3,
      "nodes": [
        0,
        9,
        10,
        20,
        21,
        28,
        29,
        30,
        31,
        39,
        315,
        316,
        48,
        49,
        54,
        55,
        58,
        104,
        63,
        66,
        67,
        70,
        77,
        81,
        82,
        84,
        83,
        85,
        78,
        76,
        71,
        72,
        75,
        79,
        80,
        74,
        73,
        68,
        69,
        62,
        61,
        56,
        50,
        46,
        43,
        32,
        23,
        18,
        11,
        318
      ],
      "score": 48.0,
      "length": 7013.879247486375
    }
  ],
  "dataset": "dang",
  "instance_name": "lin318_gen1_m3.txt",
  "run_seed": 57
}