{
  "instance": {
    "num_nodes": 319,
    "team_size": 2,
    "max_route_distance": 10522.5,
    "start_depot": 0,
    "end_depot": 318
  },
  "objective": {
    "total_score": 8661.0
  },
  "performance": {
    "cpu_time_seconds": 5.854365199999847,
    "iterations": 20,
    "iterations_to_convergence": 20,
    "last_improvement_iteration": 20,
    "stagnation_iterations": 0,
    "accepted_worse_moves": 0,
    "restarts_performed": 1,
    "num_lp_solves": null,
    "num_labels_generated": null
  },
  "routes": [
    {
      "route_index": 1,
      "nodes": [
        0,
        11,
        18,
        23,
        26,
        15,
        16,
        17,
        24,
        25,
        35,
        36,
        38,
        37,
        144,
        153,
        152,
        149,
        148,
        145,
        147,
        150,
        156,
        157,
        162,
        161,
        158,
        155,
        154,
        159,
        160,
        209,
        163,
        59,
        60,
        171,
        172,
        175,
        182,
        186,
        187,
        64,
        65,
        69,
        73,
        74,
        80,
        79,
        75,
        72,
        71,
        76,
        78,
        85,
        83,
        84,
        82,
        81,
        77,
        70,
        67,
        66,
        63,
        104,
        58,
        55,
        54,
        49,
        47,
        44,
        48,
        39,
        31,
        30,
        29,
        28,
        21,
        20,
        10,
        9,
        6,
        5,
        1,
        318
      ],
      "score": 4527.0,
      "length": 10502.636712235251
    },
    {
      "route_index": 2,
      "nodes": [
        0,
        2,
        7,
        8,
        13,
        4,
        3,
        105,
        106,
        110,
        111,
        114,
        115,
        119,
        125,
        126,
        133,
        207,
        124,
        127,
        132,
        123,
        128,
        131,
        130,
        129,
        122,
        120,
        121,
        118,
        117,
        109,
        108,
        210,
        211,
        215,
        216,
        219,
        220,
        224,
        230,
        231,
        238,
        232,
        228,
        233,
        236,
        237,
        239,
        240,
        241,
        138,
        139,
        141,
        140,
        137,
        135,
        136,
        33,
        34,
        41,
        40,
        42,
        45,
        51,
        52,
        57,
        53,
        50,
        46,
        43,
        103,
        32,
        27,
        22,
        19,
        102,
        14,
        318
      ],
      "score": 4134.0,
      "length": 10505.88466332811
    }
  ],
  "dataset": "dang",
  "instance_name": "lin318_gen2_m2.txt",
  "run_seed": 58
}