{
  "instance": {
    "num_nodes": 319,
    "team_size": 4,
    "max_route_distance": 5261.25,
    "start_depot": 0,
    "end_depot": 318
  },
  "objective": {
    "total_score": 3367.0
  },
  "performance": {
    "cpu_time_seconds": 15.68449909996707,
    "iterations": 20,
    "iterations_to_convergence": 10,
    "last_improvement_iteration": 10,
    "stagnation_iterations": 10,
    "accepted_worse_moves": 2,
    "restarts_performed": 1,
    "num_lp_solves": null,
    "num_labels_generated": null
  },
  "routes": [
    {
      "route_index": 1,
      "nodes": [
        0,
        19,
        18,
        17,
        24,
        25,
        36,
        38,
        37,
        34,
        33,
        136,
        135,
        134,
        137,
        132,
        127,
        116,
        115,
        114,
        111,
        110,
        3,
        4,
        8,
        7,
        2,
        318
      ],
      "score": 673.0,
      "length": 5098.819906377924
    },
    {
      "route_index": 2,
      "nodes": [
        0,
        1,
        5,
        6,
        9,
        10,
        29,
        103,
        44,
        47,
        49,
        54,
        55,
        104,
        72,
        75,
        79,
        80,
        74,
        73,
        68,
        69,
        62,
        61,
        57,
        52,
        51,
        45,
        42,
        41,
        35,
        26,
        23,
        318
      ],
      "score": 948.0,
      "length": 5259.542599065775
    },
    {
      "route_index": 3,
      "nodes": [
        0,
        102,
        22,
        27,
        32,
        40,
        43,
        46,
        50,
        53,
        56,
        63,
        71,
        76,
        78,
        83,
        84,
        82,
        81,
        77,
        70,
        67,
        66,
        58,
        48,
        39,
        31,
        30,
        28,
        21,
        20,
        14,
        318
      ],
      "score": 966.0,
      "length": 5242.990266289708
    },
    {
      "route_index": 4,
      "nodes": [
        0,
        11,
        15,
        16,
        13,
        12,
        119,
        125,
        126,
        133,
        207,
        124,
        123,
        128,
        131,
        130,
        129,
        122,
        120,
        121,
        113,
        112,
        107,
        106,
        105,
        318
      ],
      "score": 780.0,
      "length": 5066.6671590572305
    }
  ],
  "dataset": "dang",
  "instance_name": "lin318_gen3_m4.txt",
  "run_seed": 54008,
  "run_index": 1
}