{
  "instance": {
    "num_nodes": 319,
    "team_size": 2,
    "max_route_distance": 10522.5,
    "start_depot": 0,
    "end_depot": 318
  },
  "objective": {
    "total_score": 154.0
  },
  "performance": {
    "cpu_time_seconds": 5.81160970000019,
    "iterations": 20,
    "iterations_to_convergence": 12,
    "last_improvement_iteration": 12,
    "stagnation_iterations": 8,
    "accepted_worse_moves": 1,
    "restarts_performed": 1,
    "num_lp_solves": null,
    "num_labels_generated": null
  },
  "routes": [
    {
      "route_index": 1,
      "nodes": [
        0,
        2,
        7,
        8,
        15,
        17,
        24,
        25,
        16,
        4,
        3,
        105,
        106,
        110,
        111,
        114,
        115,
        119,
        125,
        126,
        133,
        207,
        124,
        123,
        120,
        121,
        122,
        129,
        130,
        131,
        128,
        127,
        132,
        134,
        135,
        136,
        33,
        34,
        38,
        37,
        144,
        153,
        152,
        149,
        151,
        148,
        145,
        146,
        147,
        150,
        156,
        157,
        162,
        161,
        158,
        155,
        154,
        159,
        160,
        163,
        59,
        60,
        62,
        61,
        104,
        55,
        54,
        49,
        47,
        44,
        48,
        39,
        103,
        32,
        28,
        21,
        20,
        10,
        9,
        6,
        5,
        1,
        318
      ],
      "score": 81.0,
      "length": 10506.471674964696
    },
    {
      "route_index": 2,
      "nodes": [
        0,
        14,
        102,
        19,
        22,
        27,
        29,
        30,
        31,
        315,
        316,
        58,
        66,
        67,
        70,
        77,
        81,
        82,
        83,
        84,
        90,
        91,
        95,
        96,
        100,
        101,
        92,
        88,
        89,
        87,
        86,
        189,
        187,
        186,
        182,
        188,
        183,
        181,
        176,
        171,
        172,
        175,
        64,
        65,
        69,
        68,
        73,
        74,
        80,
        79,
        75,
        72,
        78,
        76,
        71,
        63,
        56,
        53,
        50,
        46,
        43,
        57,
        52,
        51,
        45,
        42,
        40,
        41,
        36,
        35,
        26,
        23,
        18,
        11,
        318
      ],
      "score": 73.0,
      "length": 10442.861655583049
    }
  ],
  "dataset": "dang",
  "instance_name": "lin318_gen1_m2.txt",
  "run_seed": 56
}