{
  "instance": {
    "num_nodes": 137,
    "team_size": 2,
    "max_route_distance": 24193.0,
    "start_depot": 0,
    "end_depot": 136
  },
  "objective": {
    "total_score": 58.0
  },
  "performance": {
    "cpu_time_seconds": 0.4052811000001384,
    "iterations": 20,
    "iterations_to_convergence": 18,
    "last_improvement_iteration": 18,
    "stagnation_iterations": 2,
    "accepted_worse_moves": 0,
    "restarts_performed": 1,
    "num_lp_solves": null,
    "num_labels_generated": null
  },
  "routes": [
    {
      "route_index": 1,
      "nodes": [
        0,
        6,
        7,
        1,
        15,
        19,
        31,
        49,
        53,
        65,
        70,
        82,
        86,
        99,
        104,
        116,
        120,
        109,
        108,
        119,
        117,
        107,
        105,
        98,
        95,
        94,
        75,
        74,
        61,
        40,
        37,
        30,
        136
      ],
      "score": 31.0,
      "length": 23984.55925485238
    },
    {
      "route_index": 2,
      "nodes": [
        0,
        16,
        18,
        27,
        26,
        36,
        41,
        60,
        50,
        52,
        64,
        71,
        83,
        85,
        96,
        97,
        84,
        72,
        73,
        63,
        62,
        39,
        38,
        28,
        29,
        17,
        4,
        5,
        136
      ],
      "score": 27.0,
      "length": 23304.944852764922
    }
  ],
  "dataset": "dang",
  "instance_name": "pr136_gen1_m2.txt",
  "run_seed": 62
}