{
  "instance": {
    "num_nodes": 137,
    "team_size": 2,
    "max_route_distance": 24193.0,
    "start_depot": 0,
    "end_depot": 136
  },
  "objective": {
    "total_score": 3482.0
  },
  "performance": {
    "cpu_time_seconds": 0.46656549999988783,
    "iterations": 20,
    "iterations_to_convergence": 18,
    "last_improvement_iteration": 18,
    "stagnation_iterations": 2,
    "accepted_worse_moves": 1,
    "restarts_performed": 1,
    "num_lp_solves": null,
    "num_labels_generated": null
  },
  "routes": [
    {
      "route_index": 1,
      "nodes": [
        0,
        5,
        4,
        29,
        39,
        38,
        63,
        62,
        50,
        52,
        64,
        71,
        73,
        72,
        97,
        96,
        85,
        83,
        74,
        75,
        94,
        99,
        86,
        82,
        70,
        65,
        53,
        49,
        36,
        31,
        19,
        15,
        1,
        7,
        6,
        136
      ],
      "score": 1955.0,
      "length": 23675.72004203493
    },
    {
      "route_index": 2,
      "nodes": [
        0,
        16,
        18,
        28,
        30,
        37,
        40,
        41,
        60,
        48,
        42,
        43,
        58,
        54,
        47,
        35,
        32,
        24,
        20,
        13,
        2,
        9,
        8,
        14,
        26,
        27,
        136
      ],
      "score": 1527.0,
      "length": 24173.263280360356
    }
  ],
  "dataset": "dang",
  "instance_name": "pr136_gen2_m2.txt",
  "run_seed": 63
}