{
  "instance": {
    "num_nodes": 137,
    "team_size": 2,
    "max_route_distance": 24193.0,
    "start_depot": 0,
    "end_depot": 136
  },
  "objective": {
    "total_score": 59.0
  },
  "performance": {
    "cpu_time_seconds": 1.0179017999907956,
    "iterations": 20,
    "iterations_to_convergence": 7,
    "last_improvement_iteration": 7,
    "stagnation_iterations": 13,
    "accepted_worse_moves": 2,
    "restarts_performed": 1,
    "num_lp_solves": null,
    "num_labels_generated": null
  },
  "routes": [
    {
      "route_index": 1,
      "nodes": [
        0,
        16,
        18,
        30,
        37,
        39,
        50,
        52,
        40,
        41,
        61,
        64,
        71,
        73,
        72,
        97,
        96,
        98,
        95,
        85,
        83,
        74,
        75,
        94,
        99,
        86,
        82,
        70,
        65,
        53,
        49,
        36,
        31,
        19,
        15,
        7,
        6,
        136
      ],
      "score": 36.0,
      "length": 24104.68024278033
    },
    {
      "route_index": 2,
      "nodes": [
        0,
        1,
        8,
        9,
        2,
        10,
        11,
        12,
        21,
        33,
        22,
        23,
        13,
        20,
        32,
        24,
        25,
        14,
        26,
        27,
        28,
        29,
        4,
        5,
        136
      ],
      "score": 23.0,
      "length": 23721.047215520015
    }
  ],
  "dataset": "dang",
  "instance_name": "pr136_gen1_m2.txt",
  "run_seed": 55007,
  "run_index": 0
}