{
  "instance": {
    "num_nodes": 137,
    "team_size": 2,
    "max_route_distance": 24193.0,
    "start_depot": 0,
    "end_depot": 136
  },
  "objective": {
    "total_score": 58.0
  },
  "performance": {
    "cpu_time_seconds": 1.5260680000064895,
    "iterations": 20,
    "iterations_to_convergence": 5,
    "last_improvement_iteration": 5,
    "stagnation_iterations": 15,
    "accepted_worse_moves": 2,
    "restarts_performed": 1,
    "num_lp_solves": null,
    "num_labels_generated": null
  },
  "routes": [
    {
      "route_index": 1,
      "nodes": [
        0,
        6,
        7,
        1,
        15,
        19,
        26,
        31,
        36,
        49,
        53,
        65,
        60,
        61,
        71,
        73,
        83,
        85,
        96,
        97,
        72,
        84,
        51,
        63,
        62,
        52,
        50,
        40,
        37,
        30,
        28,
        136
      ],
      "score": 30.0,
      "length": 24104.193929178433
    },
    {
      "route_index": 2,
      "nodes": [
        0,
        16,
        18,
        27,
        41,
        70,
        82,
        86,
        99,
        104,
        116,
        120,
        109,
        108,
        119,
        117,
        107,
        105,
        98,
        95,
        94,
        75,
        74,
        64,
        39,
        38,
        29,
        4,
        5,
        136
      ],
      "score": 28.0,
      "length": 23933.592772972683
    }
  ],
  "dataset": "dang",
  "instance_name": "pr136_gen1_m2.txt",
  "run_seed": 55008,
  "run_index": 1
}