{
  "instance": {
    "num_nodes": 265,
    "team_size": 3,
    "max_route_distance": 8189.33,
    "start_depot": 0,
    "end_depot": 264
  },
  "objective": {
    "total_score": 2430.0
  },
  "performance": {
    "cpu_time_seconds": 3.112044700000297,
    "iterations": 20,
    "iterations_to_convergence": 1,
    "last_improvement_iteration": 1,
    "stagnation_iterations": 19,
    "accepted_worse_moves": 1,
    "restarts_performed": 1,
    "num_lp_solves": null,
    "num_labels_generated": null
  },
  "routes": [
    {
      "route_index": 1,
      "nodes": [
        0,
        37,
        36,
        60,
        35,
        61,
        62,
        115,
        116,
        117,
        112,
        113,
        109,
        66,
        67,
        108,
        107,
        105,
        100,
        98,
        99,
        94,
        95,
        96,
        75,
        97,
        74,
        17,
        72,
        18,
        19,
        22,
        23,
        69,
        70,
        103,
        68,
        24,
        25,
        26,
        28,
        29,
        65,
        64,
        30,
        31,
        32,
        33,
        34,
        38,
        264
      ],
      "score": 835.0,
      "length": 8181.918212710621
    },
    {
      "route_index": 2,
      "nodes": [
        0,
        27,
        21,
        20,
        15,
        16,
        13,
        14,
        10,
        9,
        8,
        7,
        6,
        80,
        79,
        90,
        89,
        88,
        93,
        92,
        91,
        78,
        77,
        11,
        12,
        76,
        73,
        71,
        102,
        101,
        104,
        106,
        111,
        110,
        114,
        63,
        120,
        59,
        39,
        264
      ],
      "score": 980.0,
      "length": 8079.349117145356
    },
    {
      "route_index": 3,
      "nodes": [
        0,
        119,
        118,
        58,
        56,
        57,
        121,
        122,
        123,
        124,
        127,
        125,
        126,
        54,
        53,
        52,
        55,
        49,
        50,
        51,
        46,
        47,
        48,
        45,
        44,
        43,
        42,
        41,
        40,
        264
      ],
      "score": 615.0,
      "length": 7596.465050566073
    }
  ],
  "dataset": "dang",
  "instance_name": "pr264_gen3_m3.txt",
  "run_seed": 68
}