{
  "instance": {
    "num_nodes": 265,
    "team_size": 4,
    "max_route_distance": 6142.0,
    "start_depot": 0,
    "end_depot": 264
  },
  "objective": {
    "total_score": 99.0
  },
  "performance": {
    "cpu_time_seconds": 4.164185900008306,
    "iterations": 20,
    "iterations_to_convergence": 9,
    "last_improvement_iteration": 9,
    "stagnation_iterations": 11,
    "accepted_worse_moves": 1,
    "restarts_performed": 1,
    "num_lp_solves": null,
    "num_labels_generated": null
  },
  "routes": [
    {
      "route_index": 1,
      "nodes": [
        0,
        37,
        35,
        30,
        64,
        63,
        114,
        65,
        29,
        24,
        68,
        67,
        108,
        107,
        106,
        111,
        128,
        117,
        116,
        115,
        62,
        61,
        60,
        36,
        264
      ],
      "score": 23.0,
      "length": 5450.4931657447305
    },
    {
      "route_index": 2,
      "nodes": [
        0,
        40,
        41,
        58,
        56,
        57,
        121,
        122,
        123,
        124,
        125,
        126,
        53,
        52,
        54,
        55,
        49,
        50,
        51,
        46,
        47,
        48,
        45,
        44,
        43,
        42,
        264
      ],
      "score": 25.0,
      "length": 6112.368171903588
    },
    {
      "route_index": 3,
      "nodes": [
        0,
        39,
        59,
        120,
        119,
        118,
        112,
        113,
        110,
        109,
        66,
        103,
        104,
        105,
        100,
        101,
        97,
        74,
        73,
        17,
        16,
        18,
        19,
        22,
        21,
        26,
        27,
        32,
        33,
        264
      ],
      "score": 28.0,
      "length": 6050.633736422777
    },
    {
      "route_index": 4,
      "nodes": [
        0,
        38,
        34,
        31,
        28,
        25,
        23,
        69,
        70,
        72,
        71,
        102,
        98,
        99,
        94,
        95,
        96,
        75,
        76,
        12,
        13,
        14,
        15,
        20,
        264
      ],
      "score": 23.0,
      "length": 5891.293499549325
    }
  ],
  "dataset": "dang",
  "instance_name": "pr264_gen1_m4.txt",
  "run_seed": 57008,
  "run_index": 1
}