{
  "instance": {
    "num_nodes": 265,
    "team_size": 3,
    "max_route_distance": 8189.33,
    "start_depot": 0,
    "end_depot": 264
  },
  "objective": {
    "total_score": 5750.0
  },
  "performance": {
    "cpu_time_seconds": 10.775572799961083,
    "iterations": 20,
    "iterations_to_convergence": 9,
    "last_improvement_iteration": 9,
    "stagnation_iterations": 11,
    "accepted_worse_moves": 0,
    "restarts_performed": 1,
    "num_lp_solves": null,
    "num_labels_generated": null
  },
  "routes": [
    {
      "route_index": 1,
      "nodes": [
        0,
        39,
        60,
        59,
        120,
        119,
        116,
        117,
        112,
        113,
        109,
        66,
        67,
        108,
        107,
        105,
        100,
        98,
        97,
        96,
        75,
        78,
        11,
        10,
        7,
        8,
        9,
        14,
        15,
        20,
        19,
        18,
        72,
        22,
        21,
        26,
        25,
        28,
        27,
        32,
        31,
        34,
        33,
        38,
        264
      ],
      "score": 2066.0,
      "length": 8172.017845253899
    },
    {
      "route_index": 2,
      "nodes": [
        0,
        37,
        61,
        63,
        114,
        110,
        111,
        106,
        104,
        101,
        99,
        94,
        95,
        91,
        92,
        93,
        88,
        89,
        90,
        79,
        80,
        6,
        77,
        76,
        12,
        13,
        16,
        17,
        73,
        74,
        71,
        102,
        103,
        70,
        69,
        23,
        24,
        68,
        65,
        29,
        64,
        30,
        35,
        264
      ],
      "score": 2104.0,
      "length": 8120.283073926883
    },
    {
      "route_index": 3,
      "nodes": [
        0,
        40,
        41,
        42,
        43,
        44,
        45,
        47,
        46,
        51,
        50,
        49,
        55,
        52,
        53,
        54,
        126,
        125,
        127,
        124,
        123,
        122,
        121,
        57,
        56,
        48,
        58,
        118,
        115,
        62,
        36,
        264
      ],
      "score": 1580.0,
      "length": 8001.166271525913
    }
  ],
  "dataset": "dang",
  "instance_name": "pr264_gen2_m3.txt",
  "run_seed": 59007,
  "run_index": 0
}