{
  "instance": {
    "num_nodes": 265,
    "team_size": 3,
    "max_route_distance": 8189.33,
    "start_depot": 0,
    "end_depot": 264
  },
  "objective": {
    "total_score": 5740.0
  },
  "performance": {
    "cpu_time_seconds": 2.9555719999998473,
    "iterations": 20,
    "iterations_to_convergence": 20,
    "last_improvement_iteration": 20,
    "stagnation_iterations": 0,
    "accepted_worse_moves": 0,
    "restarts_performed": 1,
    "num_lp_solves": null,
    "num_labels_generated": null
  },
  "routes": [
    {
      "route_index": 1,
      "nodes": [
        0,
        39,
        36,
        60,
        59,
        120,
        119,
        118,
        128,
        117,
        116,
        115,
        62,
        64,
        114,
        113,
        112,
        110,
        109,
        66,
        108,
        103,
        104,
        101,
        102,
        71,
        97,
        74,
        73,
        72,
        18,
        19,
        20,
        21,
        26,
        25,
        24,
        28,
        27,
        31,
        32,
        33,
        264
      ],
      "score": 2241.0,
      "length": 8136.674726256142
    },
    {
      "route_index": 2,
      "nodes": [
        0,
        40,
        41,
        58,
        56,
        57,
        121,
        122,
        123,
        124,
        127,
        125,
        126,
        54,
        55,
        53,
        52,
        49,
        50,
        51,
        46,
        47,
        48,
        45,
        44,
        43,
        42,
        264
      ],
      "score": 1349.0,
      "length": 6558.866742325492
    },
    {
      "route_index": 3,
      "nodes": [
        0,
        38,
        34,
        30,
        65,
        67,
        70,
        69,
        23,
        22,
        16,
        15,
        14,
        13,
        9,
        10,
        11,
        6,
        80,
        79,
        90,
        89,
        88,
        93,
        92,
        91,
        78,
        77,
        76,
        75,
        96,
        95,
        94,
        99,
        98,
        100,
        105,
        106,
        111,
        63,
        61,
        35,
        37,
        264
      ],
      "score": 2150.0,
      "length": 8153.0061856092925
    }
  ],
  "dataset": "dang",
  "instance_name": "pr264_gen2_m3.txt",
  "run_seed": 66
}