{
  "instance": {
    "num_nodes": 265,
    "team_size": 4,
    "max_route_distance": 6142.0,
    "start_depot": 0,
    "end_depot": 264
  },
  "objective": {
    "total_score": 4960.0
  },
  "performance": {
    "cpu_time_seconds": 5.790520700043999,
    "iterations": 20,
    "iterations_to_convergence": 12,
    "last_improvement_iteration": 12,
    "stagnation_iterations": 8,
    "accepted_worse_moves": 2,
    "restarts_performed": 1,
    "num_lp_solves": null,
    "num_labels_generated": null
  },
  "routes": [
    {
      "route_index": 1,
      "nodes": [
        0,
        39,
        36,
        60,
        62,
        115,
        113,
        112,
        110,
        111,
        106,
        107,
        105,
        101,
        102,
        71,
        17,
        16,
        18,
        23,
        69,
        70,
        68,
        66,
        64,
        30,
        35,
        38,
        264
      ],
      "score": 1229.0,
      "length": 5766.080138007
    },
    {
      "route_index": 2,
      "nodes": [
        0,
        37,
        34,
        31,
        27,
        26,
        22,
        19,
        73,
        74,
        97,
        98,
        99,
        100,
        104,
        67,
        65,
        114,
        116,
        117,
        118,
        119,
        120,
        59,
        40,
        264
      ],
      "score": 1276.0,
      "length": 5909.415656962472
    },
    {
      "route_index": 3,
      "nodes": [
        0,
        42,
        43,
        44,
        45,
        56,
        48,
        47,
        46,
        51,
        50,
        49,
        55,
        52,
        53,
        54,
        126,
        125,
        124,
        123,
        122,
        121,
        57,
        58,
        41,
        264
      ],
      "score": 1272.0,
      "length": 6078.984196403685
    },
    {
      "route_index": 4,
      "nodes": [
        0,
        61,
        63,
        109,
        108,
        103,
        72,
        94,
        95,
        96,
        75,
        76,
        12,
        13,
        14,
        15,
        20,
        21,
        25,
        24,
        29,
        28,
        32,
        33,
        264
      ],
      "score": 1183.0,
      "length": 5924.831740141017
    }
  ],
  "dataset": "dang",
  "instance_name": "pr264_gen2_m4.txt",
  "run_seed": 60008,
  "run_index": 1
}