{
  "instance": {
    "num_nodes": 265,
    "team_size": 4,
    "max_route_distance": 6142.0,
    "start_depot": 0,
    "end_depot": 264
  },
  "objective": {
    "total_score": 98.0
  },
  "performance": {
    "cpu_time_seconds": 2.539856200000031,
    "iterations": 20,
    "iterations_to_convergence": 0,
    "last_improvement_iteration": 0,
    "stagnation_iterations": 20,
    "accepted_worse_moves": 1,
    "restarts_performed": 1,
    "num_lp_solves": null,
    "num_labels_generated": null
  },
  "routes": [
    {
      "route_index": 1,
      "nodes": [
        0,
        40,
        39,
        37,
        36,
        60,
        59,
        120,
        62,
        63,
        114,
        113,
        112,
        111,
        110,
        109,
        66,
        67,
        108,
        107,
        106,
        104,
        103,
        70,
        68,
        24,
        25,
        27,
        28,
        29,
        65,
        30,
        31,
        32,
        33,
        38,
        264
      ],
      "score": 35.0,
      "length": 5944.580191600986
    },
    {
      "route_index": 2,
      "nodes": [
        0,
        42,
        43,
        44,
        45,
        56,
        48,
        47,
        46,
        51,
        50,
        49,
        55,
        52,
        53,
        54,
        126,
        125,
        124,
        123,
        122,
        121,
        57,
        58,
        41,
        264
      ],
      "score": 24.0,
      "length": 6078.984196403685
    },
    {
      "route_index": 3,
      "nodes": [
        0,
        35,
        61,
        115,
        116,
        117,
        64,
        23,
        69,
        72,
        71,
        102,
        97,
        74,
        73,
        17,
        16,
        15,
        19,
        20,
        21,
        22,
        26,
        34,
        264
      ],
      "score": 23.0,
      "length": 6096.2776088336495
    },
    {
      "route_index": 4,
      "nodes": [
        0,
        18,
        14,
        13,
        12,
        76,
        75,
        96,
        95,
        94,
        99,
        98,
        101,
        100,
        105,
        118,
        119,
        264
      ],
      "score": 16.0,
      "length": 6124.922550389307
    }
  ],
  "dataset": "dang",
  "instance_name": "pr264_gen1_m4.txt",
  "run_seed": 64
}