{
  "instance": {
    "num_nodes": 265,
    "team_size": 3,
    "max_route_distance": 8189.33,
    "start_depot": 0,
    "end_depot": 264
  },
  "objective": {
    "total_score": 6117.0
  },
  "performance": {
    "cpu_time_seconds": 7.48882730002515,
    "iterations": 20,
    "iterations_to_convergence": 8,
    "last_improvement_iteration": 8,
    "stagnation_iterations": 12,
    "accepted_worse_moves": 1,
    "restarts_performed": 1,
    "num_lp_solves": null,
    "num_labels_generated": null
  },
  "routes": [
    {
      "route_index": 1,
      "nodes": [
        0,
        39,
        59,
        120,
        119,
        118,
        117,
        116,
        115,
        114,
        113,
        112,
        109,
        110,
        111,
        106,
        107,
        108,
        67,
        68,
        69,
        70,
        103,
        104,
        105,
        100,
        101,
        99,
        94,
        95,
        98,
        97,
        74,
        102,
        71,
        72,
        18,
        19,
        22,
        21,
        25,
        28,
        29,
        65,
        66,
        63,
        64,
        30,
        35,
        38,
        264
      ],
      "score": 2440.0,
      "length": 8186.02131916015
    },
    {
      "route_index": 2,
      "nodes": [
        0,
        40,
        41,
        42,
        43,
        44,
        45,
        48,
        47,
        46,
        51,
        50,
        49,
        55,
        52,
        53,
        54,
        126,
        125,
        127,
        124,
        123,
        122,
        121,
        57,
        56,
        58,
        60,
        62,
        61,
        36,
        264
      ],
      "score": 1588.0,
      "length": 7864.342236604065
    },
    {
      "route_index": 3,
      "nodes": [
        0,
        33,
        32,
        27,
        26,
        20,
        15,
        16,
        13,
        14,
        9,
        10,
        11,
        77,
        79,
        80,
        6,
        3,
        4,
        5,
        81,
        82,
        85,
        86,
        87,
        88,
        89,
        92,
        91,
        96,
        75,
        76,
        17,
        23,
        24,
        31,
        34,
        37,
        264
      ],
      "score": 2089.0,
      "length": 8186.502054981856
    }
  ],
  "dataset": "dang",
  "instance_name": "pr264_gen2_m3.txt",
  "run_seed": 59008,
  "run_index": 1
}