{
  "instance": {
    "num_nodes": 265,
    "team_size": 4,
    "max_route_distance": 6142.0,
    "start_depot": 0,
    "end_depot": 264
  },
  "objective": {
    "total_score": 4658.0
  },
  "performance": {
    "cpu_time_seconds": 2.271643899999617,
    "iterations": 20,
    "iterations_to_convergence": 19,
    "last_improvement_iteration": 19,
    "stagnation_iterations": 1,
    "accepted_worse_moves": 0,
    "restarts_performed": 1,
    "num_lp_solves": null,
    "num_labels_generated": null
  },
  "routes": [
    {
      "route_index": 1,
      "nodes": [
        0,
        39,
        36,
        60,
        59,
        120,
        119,
        118,
        117,
        116,
        115,
        114,
        113,
        112,
        109,
        110,
        111,
        106,
        107,
        105,
        104,
        70,
        69,
        23,
        22,
        25,
        24,
        68,
        65,
        29,
        28,
        31,
        30,
        64,
        61,
        35,
        34,
        38,
        264
      ],
      "score": 1801.0,
      "length": 6069.793553143311
    },
    {
      "route_index": 2,
      "nodes": [
        0,
        56,
        55,
        53,
        52,
        49,
        50,
        51,
        46,
        47,
        264
      ],
      "score": 354.0,
      "length": 5114.083857214008
    },
    {
      "route_index": 3,
      "nodes": [
        0,
        42,
        43,
        44,
        45,
        48,
        54,
        126,
        125,
        127,
        124,
        123,
        122,
        121,
        57,
        58,
        41,
        40,
        264
      ],
      "score": 995.0,
      "length": 5551.759961138944
    },
    {
      "route_index": 4,
      "nodes": [
        0,
        37,
        62,
        63,
        66,
        67,
        108,
        103,
        102,
        101,
        100,
        99,
        98,
        97,
        96,
        75,
        76,
        17,
        73,
        74,
        71,
        72,
        18,
        19,
        20,
        21,
        26,
        27,
        32,
        33,
        264
      ],
      "score": 1508.0,
      "length": 6116.702247038128
    }
  ],
  "dataset": "dang",
  "instance_name": "pr264_gen2_m4.txt",
  "run_seed": 67
}