{
  "instance": {
    "num_nodes": 265,
    "team_size": 3,
    "max_route_distance": 8189.33,
    "start_depot": 0,
    "end_depot": 264
  },
  "objective": {
    "total_score": 2430.0
  },
  "performance": {
    "cpu_time_seconds": 8.230458099977113,
    "iterations": 20,
    "iterations_to_convergence": 2,
    "last_improvement_iteration": 2,
    "stagnation_iterations": 18,
    "accepted_worse_moves": 1,
    "restarts_performed": 1,
    "num_lp_solves": null,
    "num_labels_generated": null
  },
  "routes": [
    {
      "route_index": 1,
      "nodes": [
        0,
        38,
        34,
        35,
        61,
        64,
        30,
        29,
        28,
        26,
        25,
        24,
        65,
        66,
        67,
        68,
        70,
        69,
        23,
        22,
        19,
        18,
        72,
        71,
        97,
        75,
        96,
        95,
        94,
        100,
        105,
        104,
        107,
        106,
        111,
        110,
        114,
        113,
        112,
        117,
        116,
        118,
        119,
        120,
        59,
        60,
        36,
        37,
        39,
        264
      ],
      "score": 772.0,
      "length": 8184.414755367803
    },
    {
      "route_index": 2,
      "nodes": [
        0,
        62,
        63,
        109,
        108,
        103,
        102,
        101,
        99,
        98,
        74,
        73,
        17,
        12,
        76,
        11,
        77,
        78,
        91,
        92,
        93,
        88,
        89,
        90,
        79,
        80,
        6,
        7,
        8,
        9,
        10,
        14,
        13,
        16,
        15,
        20,
        21,
        27,
        31,
        32,
        33,
        264
      ],
      "score": 1053.0,
      "length": 8170.440050704678
    },
    {
      "route_index": 3,
      "nodes": [
        0,
        115,
        58,
        123,
        122,
        121,
        57,
        56,
        54,
        126,
        125,
        124,
        127,
        53,
        52,
        55,
        49,
        50,
        51,
        46,
        47,
        48,
        45,
        44,
        43,
        42,
        41,
        40,
        264
      ],
      "score": 605.0,
      "length": 7948.717597341707
    }
  ],
  "dataset": "dang",
  "instance_name": "pr264_gen3_m3.txt",
  "run_seed": 61008,
  "run_index": 1
}