{
  "instance": {
    "num_nodes": 265,
    "team_size": 4,
    "max_route_distance": 6142.0,
    "start_depot": 0,
    "end_depot": 264
  },
  "objective": {
    "total_score": 5068.0
  },
  "performance": {
    "cpu_time_seconds": 6.120601500035264,
    "iterations": 20,
    "iterations_to_convergence": 20,
    "last_improvement_iteration": 20,
    "stagnation_iterations": 0,
    "accepted_worse_moves": 4,
    "restarts_performed": 1,
    "num_lp_solves": null,
    "num_labels_generated": null
  },
  "routes": [
    {
      "route_index": 1,
      "nodes": [
        0,
        39,
        36,
        60,
        59,
        120,
        119,
        116,
        115,
        62,
        61,
        35,
        64,
        63,
        114,
        65,
        67,
        108,
        104,
        102,
        71,
        72,
        18,
        19,
        22,
        24,
        25,
        26,
        28,
        32,
        31,
        30,
        34,
        33,
        37,
        38,
        264
      ],
      "score": 2034.0,
      "length": 6120.283073926883
    },
    {
      "route_index": 2,
      "nodes": [
        0,
        40,
        41,
        58,
        56,
        57,
        121,
        122,
        123,
        124,
        125,
        126,
        54,
        55,
        53,
        52,
        49,
        50,
        51,
        46,
        47,
        48,
        45,
        44,
        43,
        42,
        264
      ],
      "score": 1327.0,
      "length": 6112.368171903588
    },
    {
      "route_index": 3,
      "nodes": [
        0,
        118,
        117,
        113,
        111,
        110,
        109,
        103,
        101,
        100,
        99,
        94,
        95,
        98,
        97,
        70,
        69,
        23,
        21,
        27,
        264
      ],
      "score": 960.0,
      "length": 6132.279789126554
    },
    {
      "route_index": 4,
      "nodes": [
        0,
        66,
        68,
        73,
        74,
        96,
        75,
        76,
        77,
        11,
        10,
        9,
        14,
        13,
        16,
        20,
        29,
        264
      ],
      "score": 747.0,
      "length": 6139.932372903443
    }
  ],
  "dataset": "dang",
  "instance_name": "pr264_gen2_m4.txt",
  "run_seed": 60007,
  "run_index": 0
}