{
  "instance": {
    "num_nodes": 265,
    "team_size": 4,
    "max_route_distance": 6142.0,
    "start_depot": 0,
    "end_depot": 264
  },
  "objective": {
    "total_score": 85.0
  },
  "performance": {
    "cpu_time_seconds": 3.998340499936603,
    "iterations": 20,
    "iterations_to_convergence": 6,
    "last_improvement_iteration": 6,
    "stagnation_iterations": 14,
    "accepted_worse_moves": 1,
    "restarts_performed": 1,
    "num_lp_solves": null,
    "num_labels_generated": null
  },
  "routes": [
    {
      "route_index": 1,
      "nodes": [
        0,
        38,
        31,
        30,
        65,
        68,
        24,
        23,
        69,
        70,
        103,
        67,
        66,
        114,
        116,
        117,
        128,
        118,
        119,
        120,
        59,
        60,
        39,
        40,
        264
      ],
      "score": 23.0,
      "length": 5894.6303340179875
    },
    {
      "route_index": 2,
      "nodes": [
        0,
        37,
        35,
        63,
        110,
        111,
        112,
        113,
        115,
        62,
        36,
        58,
        45,
        44,
        43,
        42,
        41,
        264
      ],
      "score": 16.0,
      "length": 6126.155720126352
    },
    {
      "route_index": 3,
      "nodes": [
        0,
        61,
        64,
        109,
        108,
        107,
        106,
        104,
        105,
        100,
        101,
        99,
        98,
        75,
        76,
        12,
        13,
        14,
        15,
        16,
        17,
        19,
        20,
        21,
        26,
        27,
        32,
        264
      ],
      "score": 26.0,
      "length": 6119.417167994185
    },
    {
      "route_index": 4,
      "nodes": [
        0,
        34,
        29,
        72,
        71,
        102,
        97,
        95,
        94,
        93,
        92,
        91,
        78,
        96,
        74,
        73,
        18,
        22,
        25,
        28,
        33,
        264
      ],
      "score": 20.0,
      "length": 6070.918394252215
    }
  ],
  "dataset": "dang",
  "instance_name": "pr264_gen1_m4.txt",
  "run_seed": 57007,
  "run_index": 0
}