{
  "instance": {
    "num_nodes": 265,
    "team_size": 2,
    "max_route_distance": 12284.0,
    "start_depot": 0,
    "end_depot": 264
  },
  "objective": {
    "total_score": 6514.0
  },
  "performance": {
    "cpu_time_seconds": 3.1915619000001243,
    "iterations": 20,
    "iterations_to_convergence": 16,
    "last_improvement_iteration": 16,
    "stagnation_iterations": 4,
    "accepted_worse_moves": 0,
    "restarts_performed": 1,
    "num_lp_solves": null,
    "num_labels_generated": null
  },
  "routes": [
    {
      "route_index": 1,
      "nodes": [
        0,
        38,
        33,
        32,
        31,
        29,
        65,
        24,
        69,
        18,
        19,
        20,
        16,
        15,
        14,
        13,
        12,
        76,
        77,
        79,
        80,
        6,
        11,
        10,
        9,
        8,
        3,
        2,
        1,
        4,
        5,
        81,
        83,
        82,
        85,
        84,
        86,
        87,
        90,
        89,
        88,
        93,
        92,
        91,
        78,
        75,
        96,
        95,
        94,
        99,
        98,
        97,
        74,
        73,
        17,
        72,
        71,
        102,
        101,
        100,
        105,
        104,
        103,
        70,
        108,
        107,
        106,
        111,
        110,
        114,
        115,
        120,
        59,
        60,
        36,
        39,
        264
      ],
      "score": 3944.0,
      "length": 12237.980542494277
    },
    {
      "route_index": 2,
      "nodes": [
        0,
        37,
        34,
        35,
        61,
        62,
        63,
        64,
        30,
        28,
        27,
        26,
        25,
        21,
        22,
        23,
        68,
        67,
        66,
        109,
        113,
        112,
        117,
        116,
        119,
        118,
        128,
        58,
        48,
        56,
        57,
        121,
        122,
        123,
        124,
        127,
        125,
        126,
        54,
        53,
        52,
        55,
        49,
        50,
        51,
        46,
        47,
        45,
        44,
        43,
        42,
        41,
        40,
        264
      ],
      "score": 2570.0,
      "length": 12127.997180815588
    }
  ],
  "dataset": "dang",
  "instance_name": "pr264_gen2_m2.txt",
  "run_seed": 65
}