{
  "instance": {
    "num_nodes": 300,
    "team_size": 2,
    "max_route_distance": 12048.0,
    "start_depot": 0,
    "end_depot": 299
  },
  "objective": {
    "total_score": 4869.0
  },
  "performance": {
    "cpu_time_seconds": 12.236063299933448,
    "iterations": 20,
    "iterations_to_convergence": 20,
    "last_improvement_iteration": 20,
    "stagnation_iterations": 0,
    "accepted_worse_moves": 0,
    "restarts_performed": 1,
    "num_lp_solves": null,
    "num_labels_generated": null
  },
  "routes": [
    {
      "route_index": 1,
      "nodes": [
        0,
        3,
        2,
        1,
        5,
        91,
        87,
        89,
        85,
        86,
        95,
        96,
        138,
        139,
        160,
        159,
        210,
        209,
        207,
        219,
        223,
        222,
        206,
        203,
        204,
        298,
        226,
        228,
        202,
        227,
        199,
        198,
        229,
        232,
        231,
        276,
        275,
        274,
        278,
        277,
        280,
        281,
        282,
        279,
        283,
        284,
        285,
        218,
        220,
        221,
        211,
        217,
        215,
        216,
        286,
        287,
        288,
        290,
        289,
        291,
        292,
        294,
        293,
        296,
        295,
        297,
        151,
        147,
        299
      ],
      "score": 2475.0,
      "length": 12045.845237102862
    },
    {
      "route_index": 2,
      "nodes": [
        0,
        4,
        7,
        8,
        9,
        10,
        11,
        12,
        14,
        15,
        16,
        18,
        19,
        17,
        20,
        22,
        23,
        21,
        78,
        80,
        81,
        79,
        74,
        24,
        25,
        26,
        27,
        28,
        70,
        73,
        72,
        71,
        76,
        75,
        77,
        102,
        132,
        131,
        128,
        103,
        129,
        130,
        164,
        165,
        200,
        163,
        162,
        161,
        137,
        136,
        133,
        134,
        135,
        101,
        99,
        98,
        83,
        82,
        97,
        94,
        93,
        90,
        88,
        6,
        299
      ],
      "score": 2394.0,
      "length": 12005.18918797847
    }
  ],
  "dataset": "dang",
  "instance_name": "pr299_gen3_m2.txt",
  "run_seed": 67007,
  "run_index": 0
}