{
  "instance": {
    "num_nodes": 300,
    "team_size": 4,
    "max_route_distance": 6024.0,
    "start_depot": 0,
    "end_depot": 299
  },
  "objective": {
    "total_score": 2152.0
  },
  "performance": {
    "cpu_time_seconds": 6.592489099944942,
    "iterations": 20,
    "iterations_to_convergence": 12,
    "last_improvement_iteration": 12,
    "stagnation_iterations": 8,
    "accepted_worse_moves": 1,
    "restarts_performed": 1,
    "num_lp_solves": null,
    "num_labels_generated": null
  },
  "routes": [
    {
      "route_index": 1,
      "nodes": [
        0,
        3,
        2,
        1,
        5,
        4,
        7,
        8,
        9,
        10,
        11,
        12,
        14,
        15,
        16,
        18,
        17,
        19,
        78,
        81,
        80,
        83,
        98,
        97,
        94,
        95,
        93,
        85,
        90,
        89,
        87,
        6,
        299
      ],
      "score": 773.0,
      "length": 6005.125561398505
    },
    {
      "route_index": 2,
      "nodes": [
        0,
        148,
        149,
        150,
        151,
        297,
        295,
        296,
        293,
        294,
        292,
        291,
        289,
        290,
        214,
        213,
        155,
        145,
        144,
        299
      ],
      "score": 454.0,
      "length": 6004.265620177186
    },
    {
      "route_index": 3,
      "nodes": [
        0,
        91,
        141,
        140,
        139,
        160,
        159,
        210,
        209,
        207,
        219,
        220,
        221,
        208,
        158,
        157,
        142,
        92,
        299
      ],
      "score": 528.0,
      "length": 6019.048869976183
    },
    {
      "route_index": 4,
      "nodes": [
        0,
        147,
        152,
        153,
        154,
        288,
        287,
        286,
        216,
        215,
        217,
        211,
        212,
        156,
        143,
        299
      ],
      "score": 397.0,
      "length": 5997.6721040292305
    }
  ],
  "dataset": "dang",
  "instance_name": "pr299_gen3_m4.txt",
  "run_seed": 69007,
  "run_index": 0
}