{
  "instance": {
    "num_nodes": 300,
    "team_size": 4,
    "max_route_distance": 6024.0,
    "start_depot": 0,
    "end_depot": 299
  },
  "objective": {
    "total_score": 4309.0
  },
  "performance": {
    "cpu_time_seconds": 2.357106399999793,
    "iterations": 20,
    "iterations_to_convergence": 9,
    "last_improvement_iteration": 9,
    "stagnation_iterations": 11,
    "accepted_worse_moves": 2,
    "restarts_performed": 1,
    "num_lp_solves": null,
    "num_labels_generated": null
  },
  "routes": [
    {
      "route_index": 1,
      "nodes": [
        0,
        3,
        2,
        1,
        5,
        4,
        6,
        11,
        13,
        87,
        89,
        85,
        84,
        86,
        97,
        98,
        99,
        100,
        96,
        138,
        140,
        141,
        142,
        145,
        144,
        299
      ],
      "score": 1416.0,
      "length": 6022.663945655884
    },
    {
      "route_index": 2,
      "nodes": [
        0,
        148,
        149,
        150,
        297,
        295,
        296,
        293,
        294,
        292,
        291,
        289,
        214,
        213,
        155,
        154,
        153,
        152,
        151,
        147,
        146,
        299
      ],
      "score": 1039.0,
      "length": 6018.452562403304
    },
    {
      "route_index": 3,
      "nodes": [
        0,
        143,
        156,
        212,
        216,
        215,
        217,
        211,
        221,
        208,
        209,
        210,
        159,
        158,
        157,
        92,
        299
      ],
      "score": 769.0,
      "length": 6005.6647336815795
    },
    {
      "route_index": 4,
      "nodes": [
        0,
        7,
        8,
        9,
        10,
        12,
        14,
        16,
        18,
        19,
        21,
        79,
        75,
        81,
        80,
        83,
        82,
        94,
        93,
        90,
        88,
        91,
        299
      ],
      "score": 1085.0,
      "length": 5996.451842625576
    }
  ],
  "dataset": "dang",
  "instance_name": "pr299_gen2_m4.txt",
  "run_seed": 73
}