{
  "instance": {
    "num_nodes": 300,
    "team_size": 3,
    "max_route_distance": 8032.0,
    "start_depot": 0,
    "end_depot": 299
  },
  "objective": {
    "total_score": 5321.0
  },
  "performance": {
    "cpu_time_seconds": 8.028170999954455,
    "iterations": 20,
    "iterations_to_convergence": 15,
    "last_improvement_iteration": 15,
    "stagnation_iterations": 5,
    "accepted_worse_moves": 0,
    "restarts_performed": 1,
    "num_lp_solves": null,
    "num_labels_generated": null
  },
  "routes": [
    {
      "route_index": 1,
      "nodes": [
        0,
        3,
        92,
        142,
        141,
        140,
        160,
        205,
        204,
        203,
        206,
        207,
        219,
        223,
        222,
        225,
        226,
        224,
        282,
        279,
        283,
        284,
        285,
        218,
        220,
        217,
        215,
        216,
        143,
        299
      ],
      "score": 1564.0,
      "length": 7998.886913771421
    },
    {
      "route_index": 2,
      "nodes": [
        0,
        148,
        149,
        150,
        151,
        152,
        153,
        154,
        155,
        156,
        157,
        158,
        211,
        221,
        208,
        209,
        210,
        159,
        139,
        138,
        96,
        95,
        84,
        15,
        18,
        19,
        17,
        16,
        14,
        12,
        11,
        10,
        9,
        8,
        7,
        4,
        5,
        1,
        2,
        299
      ],
      "score": 1931.0,
      "length": 7973.643715133528
    },
    {
      "route_index": 3,
      "nodes": [
        0,
        6,
        13,
        87,
        89,
        85,
        86,
        82,
        83,
        80,
        78,
        21,
        23,
        24,
        25,
        26,
        27,
        72,
        71,
        74,
        76,
        77,
        75,
        79,
        81,
        101,
        99,
        98,
        97,
        94,
        93,
        90,
        88,
        91,
        299
      ],
      "score": 1826.0,
      "length": 7981.364825910975
    }
  ],
  "dataset": "dang",
  "instance_name": "pr299_gen2_m3.txt",
  "run_seed": 65008,
  "run_index": 1
}