{
  "instance": {
    "num_nodes": 300,
    "team_size": 2,
    "max_route_distance": 12048.0,
    "start_depot": 0,
    "end_depot": 299
  },
  "objective": {
    "total_score": 131.0
  },
  "performance": {
    "cpu_time_seconds": 4.05597409999973,
    "iterations": 20,
    "iterations_to_convergence": 17,
    "last_improvement_iteration": 17,
    "stagnation_iterations": 3,
    "accepted_worse_moves": 0,
    "restarts_performed": 1,
    "num_lp_solves": null,
    "num_labels_generated": null
  },
  "routes": [
    {
      "route_index": 1,
      "nodes": [
        0,
        148,
        146,
        147,
        144,
        145,
        154,
        153,
        152,
        151,
        150,
        149,
        297,
        295,
        296,
        293,
        294,
        292,
        291,
        289,
        290,
        288,
        287,
        286,
        216,
        215,
        217,
        212,
        211,
        221,
        220,
        218,
        285,
        284,
        283,
        279,
        282,
        281,
        280,
        277,
        278,
        274,
        275,
        276,
        231,
        232,
        229,
        230,
        228,
        298,
        226,
        224,
        225,
        222,
        223,
        219,
        209,
        210,
        158,
        157,
        142,
        92,
        299
      ],
      "score": 61.0,
      "length": 11961.043613876933
    },
    {
      "route_index": 2,
      "nodes": [
        0,
        3,
        2,
        1,
        5,
        4,
        6,
        7,
        8,
        9,
        10,
        11,
        12,
        13,
        87,
        89,
        85,
        84,
        86,
        94,
        97,
        98,
        82,
        83,
        80,
        19,
        18,
        15,
        14,
        16,
        17,
        20,
        22,
        23,
        21,
        78,
        81,
        101,
        75,
        79,
        74,
        76,
        77,
        102,
        103,
        128,
        131,
        132,
        134,
        135,
        137,
        136,
        133,
        162,
        161,
        205,
        204,
        203,
        206,
        207,
        208,
        159,
        160,
        139,
        138,
        96,
        95,
        93,
        90,
        88,
        91,
        299
      ],
      "score": 70.0,
      "length": 11994.978052736878
    }
  ],
  "dataset": "dang",
  "instance_name": "pr299_gen1_m2.txt",
  "run_seed": 69
}