{
  "instance": {
    "num_nodes": 300,
    "team_size": 4,
    "max_route_distance": 6024.0,
    "start_depot": 0,
    "end_depot": 299
  },
  "objective": {
    "total_score": 4129.0
  },
  "performance": {
    "cpu_time_seconds": 5.709824800025672,
    "iterations": 20,
    "iterations_to_convergence": 16,
    "last_improvement_iteration": 16,
    "stagnation_iterations": 4,
    "accepted_worse_moves": 2,
    "restarts_performed": 1,
    "num_lp_solves": null,
    "num_labels_generated": null
  },
  "routes": [
    {
      "route_index": 1,
      "nodes": [
        0,
        148,
        149,
        150,
        297,
        295,
        296,
        293,
        294,
        292,
        291,
        289,
        214,
        213,
        155,
        154,
        153,
        152,
        151,
        147,
        146,
        299
      ],
      "score": 1039.0,
      "length": 6018.452562403304
    },
    {
      "route_index": 2,
      "nodes": [
        0,
        5,
        4,
        7,
        8,
        9,
        10,
        11,
        12,
        14,
        18,
        19,
        80,
        101,
        99,
        98,
        97,
        94,
        95,
        96,
        140,
        141,
        142,
        92,
        299
      ],
      "score": 1317.0,
      "length": 5967.0290874680695
    },
    {
      "route_index": 3,
      "nodes": [
        0,
        143,
        156,
        157,
        158,
        208,
        209,
        210,
        159,
        160,
        139,
        138,
        93,
        85,
        90,
        88,
        91,
        1,
        2,
        3,
        299
      ],
      "score": 975.0,
      "length": 6012.274988504294
    },
    {
      "route_index": 4,
      "nodes": [
        0,
        87,
        89,
        84,
        86,
        82,
        83,
        81,
        78,
        21,
        23,
        22,
        20,
        17,
        16,
        15,
        13,
        6,
        299
      ],
      "score": 798.0,
      "length": 5938.970041462642
    }
  ],
  "dataset": "dang",
  "instance_name": "pr299_gen2_m4.txt",
  "run_seed": 66008,
  "run_index": 1
}