{
  "instance": {
    "num_nodes": 300,
    "team_size": 3,
    "max_route_distance": 8032.0,
    "start_depot": 0,
    "end_depot": 299
  },
  "objective": {
    "total_score": 3174.0
  },
  "performance": {
    "cpu_time_seconds": 3.558066200000212,
    "iterations": 20,
    "iterations_to_convergence": 17,
    "last_improvement_iteration": 17,
    "stagnation_iterations": 3,
    "accepted_worse_moves": 1,
    "restarts_performed": 1,
    "num_lp_solves": null,
    "num_labels_generated": null
  },
  "routes": [
    {
      "route_index": 1,
      "nodes": [
        0,
        147,
        152,
        153,
        154,
        155,
        156,
        212,
        211,
        221,
        220,
        219,
        223,
        222,
        225,
        226,
        298,
        205,
        204,
        203,
        206,
        207,
        209,
        210,
        159,
        160,
        139,
        138,
        96,
        95,
        93,
        89,
        87,
        91,
        4,
        5,
        1,
        2,
        3,
        299
      ],
      "score": 1102.0,
      "length": 8010.991896061057
    },
    {
      "route_index": 2,
      "nodes": [
        0,
        148,
        146,
        151,
        150,
        149,
        297,
        295,
        296,
        293,
        294,
        292,
        291,
        289,
        290,
        288,
        287,
        286,
        216,
        215,
        217,
        208,
        158,
        157,
        140,
        141,
        142,
        143,
        92,
        299
      ],
      "score": 785.0,
      "length": 7967.962753143305
    },
    {
      "route_index": 3,
      "nodes": [
        0,
        7,
        8,
        9,
        10,
        11,
        12,
        14,
        15,
        16,
        18,
        19,
        17,
        20,
        22,
        23,
        24,
        25,
        26,
        71,
        74,
        76,
        77,
        75,
        79,
        78,
        81,
        101,
        99,
        98,
        83,
        82,
        97,
        94,
        86,
        84,
        85,
        90,
        88,
        6,
        299
      ],
      "score": 1287.0,
      "length": 8024.295930941956
    }
  ],
  "dataset": "dang",
  "instance_name": "pr299_gen3_m3.txt",
  "run_seed": 75
}