{
  "instance": {
    "num_nodes": 300,
    "team_size": 3,
    "max_route_distance": 8032.0,
    "start_depot": 0,
    "end_depot": 299
  },
  "objective": {
    "total_score": 102.0
  },
  "performance": {
    "cpu_time_seconds": 8.139518399955705,
    "iterations": 20,
    "iterations_to_convergence": 10,
    "last_improvement_iteration": 10,
    "stagnation_iterations": 10,
    "accepted_worse_moves": 0,
    "restarts_performed": 1,
    "num_lp_solves": null,
    "num_labels_generated": null
  },
  "routes": [
    {
      "route_index": 1,
      "nodes": [
        0,
        3,
        2,
        1,
        5,
        4,
        6,
        7,
        8,
        9,
        10,
        11,
        12,
        13,
        89,
        85,
        86,
        97,
        98,
        99,
        100,
        135,
        134,
        136,
        137,
        160,
        139,
        140,
        141,
        142,
        143,
        151,
        150,
        149,
        148,
        146,
        299
      ],
      "score": 35.0,
      "length": 8005.346515056179
    },
    {
      "route_index": 2,
      "nodes": [
        0,
        147,
        152,
        153,
        154,
        213,
        214,
        292,
        291,
        289,
        290,
        288,
        287,
        286,
        216,
        215,
        217,
        212,
        211,
        221,
        208,
        219,
        223,
        222,
        203,
        206,
        207,
        209,
        210,
        159,
        158,
        157,
        156,
        155,
        145,
        144,
        299
      ],
      "score": 35.0,
      "length": 8028.172876676074
    },
    {
      "route_index": 3,
      "nodes": [
        0,
        91,
        87,
        84,
        15,
        14,
        16,
        18,
        19,
        17,
        20,
        22,
        23,
        21,
        78,
        79,
        74,
        76,
        77,
        75,
        101,
        81,
        80,
        83,
        82,
        94,
        95,
        96,
        138,
        93,
        90,
        88,
        92,
        299
      ],
      "score": 32.0,
      "length": 7937.512615998731
    }
  ],
  "dataset": "dang",
  "instance_name": "pr299_gen1_m3.txt",
  "run_seed": 63007,
  "run_index": 0
}