{
  "instance": {
    "num_nodes": 300,
    "team_size": 3,
    "max_route_distance": 8032.0,
    "start_depot": 0,
    "end_depot": 299
  },
  "objective": {
    "total_score": 5095.0
  },
  "performance": {
    "cpu_time_seconds": 2.8099965999999768,
    "iterations": 20,
    "iterations_to_convergence": 17,
    "last_improvement_iteration": 17,
    "stagnation_iterations": 3,
    "accepted_worse_moves": 1,
    "restarts_performed": 1,
    "num_lp_solves": null,
    "num_labels_generated": null
  },
  "routes": [
    {
      "route_index": 1,
      "nodes": [
        0,
        3,
        2,
        1,
        5,
        4,
        6,
        87,
        13,
        14,
        16,
        17,
        20,
        22,
        21,
        78,
        81,
        80,
        83,
        82,
        86,
        93,
        85,
        84,
        89,
        90,
        88,
        142,
        92,
        143,
        154,
        153,
        152,
        151,
        147,
        146,
        299
      ],
      "score": 1755.0,
      "length": 7983.616726965352
    },
    {
      "route_index": 2,
      "nodes": [
        0,
        91,
        141,
        140,
        139,
        160,
        159,
        210,
        209,
        208,
        219,
        221,
        211,
        217,
        215,
        216,
        286,
        287,
        288,
        290,
        289,
        291,
        292,
        214,
        294,
        293,
        296,
        295,
        297,
        150,
        149,
        148,
        299
      ],
      "score": 1680.0,
      "length": 8029.992358001919
    },
    {
      "route_index": 3,
      "nodes": [
        0,
        144,
        145,
        155,
        156,
        157,
        158,
        138,
        96,
        95,
        94,
        97,
        98,
        99,
        101,
        79,
        75,
        77,
        76,
        74,
        25,
        24,
        23,
        19,
        18,
        15,
        12,
        11,
        10,
        9,
        8,
        7,
        299
      ],
      "score": 1660.0,
      "length": 8029.006709836436
    }
  ],
  "dataset": "dang",
  "instance_name": "pr299_gen2_m3.txt",
  "run_seed": 72
}