{
  "instance": {
    "num_nodes": 300,
    "team_size": 4,
    "max_route_distance": 6024.0,
    "start_depot": 0,
    "end_depot": 299
  },
  "objective": {
    "total_score": 1997.0
  },
  "performance": {
    "cpu_time_seconds": 2.3906095000002097,
    "iterations": 20,
    "iterations_to_convergence": 19,
    "last_improvement_iteration": 19,
    "stagnation_iterations": 1,
    "accepted_worse_moves": 1,
    "restarts_performed": 1,
    "num_lp_solves": null,
    "num_labels_generated": null
  },
  "routes": [
    {
      "route_index": 1,
      "nodes": [
        0,
        91,
        87,
        89,
        84,
        86,
        94,
        97,
        98,
        83,
        80,
        81,
        78,
        21,
        19,
        17,
        18,
        16,
        15,
        14,
        12,
        11,
        10,
        9,
        8,
        7,
        4,
        5,
        1,
        2,
        3,
        299
      ],
      "score": 754.0,
      "length": 6014.257889561047
    },
    {
      "route_index": 2,
      "nodes": [
        0,
        146,
        151,
        150,
        149,
        297,
        295,
        296,
        293,
        294,
        292,
        291,
        289,
        290,
        214,
        213,
        145,
        144,
        299
      ],
      "score": 432.0,
      "length": 5977.941780713539
    },
    {
      "route_index": 3,
      "nodes": [
        0,
        92,
        142,
        212,
        211,
        221,
        208,
        159,
        160,
        139,
        138,
        96,
        95,
        93,
        90,
        88,
        6,
        299
      ],
      "score": 469.0,
      "length": 6022.883310606227
    },
    {
      "route_index": 4,
      "nodes": [
        0,
        141,
        140,
        210,
        207,
        209,
        158,
        157,
        156,
        155,
        154,
        153,
        152,
        147,
        299
      ],
      "score": 342.0,
      "length": 6018.7109374831325
    }
  ],
  "dataset": "dang",
  "instance_name": "pr299_gen3_m4.txt",
  "run_seed": 76
}