{
  "instance": {
    "num_nodes": 300,
    "team_size": 4,
    "max_route_distance": 6024.0,
    "start_depot": 0,
    "end_depot": 299
  },
  "objective": {
    "total_score": 75.0
  },
  "performance": {
    "cpu_time_seconds": 1.9548127999996723,
    "iterations": 20,
    "iterations_to_convergence": 18,
    "last_improvement_iteration": 18,
    "stagnation_iterations": 2,
    "accepted_worse_moves": 1,
    "restarts_performed": 1,
    "num_lp_solves": null,
    "num_labels_generated": null
  },
  "routes": [
    {
      "route_index": 1,
      "nodes": [
        0,
        146,
        147,
        151,
        152,
        153,
        154,
        155,
        156,
        157,
        158,
        159,
        210,
        160,
        139,
        140,
        141,
        91,
        5,
        1,
        2,
        3,
        299
      ],
      "score": 21.0,
      "length": 5999.850552934409
    },
    {
      "route_index": 2,
      "nodes": [
        0,
        6,
        7,
        8,
        9,
        10,
        11,
        12,
        14,
        16,
        20,
        22,
        19,
        17,
        18,
        15,
        84,
        89,
        142,
        143,
        299
      ],
      "score": 19.0,
      "length": 5981.978152474873
    },
    {
      "route_index": 3,
      "nodes": [
        0,
        92,
        88,
        90,
        93,
        95,
        96,
        138,
        100,
        99,
        98,
        83,
        82,
        97,
        94,
        86,
        85,
        87,
        13,
        4,
        299
      ],
      "score": 19.0,
      "length": 6003.753744373655
    },
    {
      "route_index": 4,
      "nodes": [
        0,
        144,
        145,
        213,
        214,
        290,
        289,
        291,
        292,
        294,
        293,
        296,
        295,
        297,
        150,
        149,
        148,
        299
      ],
      "score": 16.0,
      "length": 5860.125836935053
    }
  ],
  "dataset": "dang",
  "instance_name": "pr299_gen1_m4.txt",
  "run_seed": 71
}