{
  "instance": {
    "num_nodes": 300,
    "team_size": 4,
    "max_route_distance": 6024.0,
    "start_depot": 0,
    "end_depot": 299
  },
  "objective": {
    "total_score": 3988.0
  },
  "performance": {
    "cpu_time_seconds": 5.388543999986723,
    "iterations": 20,
    "iterations_to_convergence": 9,
    "last_improvement_iteration": 9,
    "stagnation_iterations": 11,
    "accepted_worse_moves": 3,
    "restarts_performed": 1,
    "num_lp_solves": null,
    "num_labels_generated": null
  },
  "routes": [
    {
      "route_index": 1,
      "nodes": [
        0,
        1,
        145,
        147,
        151,
        152,
        153,
        155,
        213,
        294,
        293,
        296,
        295,
        297,
        149,
        150,
        146,
        148,
        299
      ],
      "score": 840.0,
      "length": 5923.538208406273
    },
    {
      "route_index": 2,
      "nodes": [
        0,
        91,
        88,
        90,
        85,
        94,
        97,
        98,
        82,
        83,
        80,
        81,
        78,
        21,
        19,
        18,
        16,
        15,
        14,
        12,
        11,
        6,
        5,
        2,
        299
      ],
      "score": 1271.0,
      "length": 6009.922514337128
    },
    {
      "route_index": 3,
      "nodes": [
        0,
        92,
        142,
        157,
        212,
        216,
        286,
        287,
        288,
        290,
        289,
        291,
        292,
        214,
        154,
        144,
        299
      ],
      "score": 739.0,
      "length": 5980.5405659945
    },
    {
      "route_index": 4,
      "nodes": [
        0,
        143,
        141,
        140,
        158,
        160,
        139,
        138,
        96,
        95,
        93,
        86,
        84,
        89,
        87,
        13,
        10,
        9,
        8,
        7,
        4,
        3,
        299
      ],
      "score": 1138.0,
      "length": 6023.598844234143
    }
  ],
  "dataset": "dang",
  "instance_name": "pr299_gen2_m4.txt",
  "run_seed": 66007,
  "run_index": 0
}