{
  "instance": {
    "num_nodes": 300,
    "team_size": 3,
    "max_route_distance": 8032.0,
    "start_depot": 0,
    "end_depot": 299
  },
  "objective": {
    "total_score": 103.0
  },
  "performance": {
    "cpu_time_seconds": 7.168835800024681,
    "iterations": 20,
    "iterations_to_convergence": 15,
    "last_improvement_iteration": 15,
    "stagnation_iterations": 5,
    "accepted_worse_moves": 0,
    "restarts_performed": 1,
    "num_lp_solves": null,
    "num_labels_generated": null
  },
  "routes": [
    {
      "route_index": 1,
      "nodes": [
        0,
        3,
        2,
        4,
        7,
        8,
        10,
        11,
        12,
        14,
        15,
        16,
        18,
        19,
        17,
        20,
        22,
        23,
        24,
        74,
        76,
        77,
        75,
        79,
        78,
        80,
        81,
        101,
        100,
        99,
        98,
        83,
        82,
        97,
        94,
        95,
        96,
        140,
        141,
        142,
        91,
        299
      ],
      "score": 40.0,
      "length": 8025.649378670819
    },
    {
      "route_index": 2,
      "nodes": [
        0,
        92,
        143,
        156,
        157,
        158,
        210,
        209,
        207,
        206,
        203,
        222,
        223,
        219,
        220,
        217,
        215,
        216,
        286,
        287,
        288,
        290,
        289,
        291,
        292,
        294,
        293,
        296,
        295,
        297,
        149,
        148,
        299
      ],
      "score": 31.0,
      "length": 7958.5778427505375
    },
    {
      "route_index": 3,
      "nodes": [
        0,
        1,
        5,
        6,
        9,
        13,
        87,
        89,
        88,
        90,
        84,
        86,
        85,
        93,
        138,
        139,
        160,
        159,
        208,
        221,
        211,
        212,
        213,
        155,
        154,
        153,
        152,
        151,
        150,
        146,
        147,
        144,
        145,
        299
      ],
      "score": 32.0,
      "length": 7948.138460651099
    }
  ],
  "dataset": "dang",
  "instance_name": "pr299_gen1_m3.txt",
  "run_seed": 63008,
  "run_index": 1
}