{
  "instance": {
    "num_nodes": 300,
    "team_size": 4,
    "max_route_distance": 6024.0,
    "start_depot": 0,
    "end_depot": 299
  },
  "objective": {
    "total_score": 2022.0
  },
  "performance": {
    "cpu_time_seconds": 6.240765499998815,
    "iterations": 20,
    "iterations_to_convergence": 9,
    "last_improvement_iteration": 9,
    "stagnation_iterations": 11,
    "accepted_worse_moves": 1,
    "restarts_performed": 1,
    "num_lp_solves": null,
    "num_labels_generated": null
  },
  "routes": [
    {
      "route_index": 1,
      "nodes": [
        0,
        147,
        146,
        150,
        151,
        152,
        153,
        154,
        155,
        156,
        157,
        158,
        159,
        160,
        139,
        138,
        140,
        141,
        142,
        92,
        299
      ],
      "score": 443.0,
      "length": 6010.345470167563
    },
    {
      "route_index": 2,
      "nodes": [
        0,
        148,
        149,
        297,
        295,
        296,
        293,
        294,
        292,
        291,
        289,
        290,
        288,
        214,
        213,
        145,
        299
      ],
      "score": 420.0,
      "length": 5982.706478293307
    },
    {
      "route_index": 3,
      "nodes": [
        0,
        88,
        90,
        93,
        94,
        97,
        98,
        21,
        22,
        20,
        17,
        19,
        18,
        16,
        15,
        14,
        12,
        11,
        10,
        9,
        8,
        7,
        4,
        5,
        1,
        2,
        3,
        299
      ],
      "score": 636.0,
      "length": 6007.977476166796
    },
    {
      "route_index": 4,
      "nodes": [
        0,
        6,
        87,
        89,
        84,
        86,
        82,
        83,
        80,
        78,
        81,
        101,
        99,
        100,
        96,
        95,
        85,
        91,
        299
      ],
      "score": 523.0,
      "length": 5987.751160559172
    }
  ],
  "dataset": "dang",
  "instance_name": "pr299_gen3_m4.txt",
  "run_seed": 69008,
  "run_index": 1
}