{
  "instance": {
    "num_nodes": 300,
    "team_size": 2,
    "max_route_distance": 12048.0,
    "start_depot": 0,
    "end_depot": 299
  },
  "objective": {
    "total_score": 123.0
  },
  "performance": {
    "cpu_time_seconds": 10.62326840008609,
    "iterations": 20,
    "iterations_to_convergence": 17,
    "last_improvement_iteration": 17,
    "stagnation_iterations": 3,
    "accepted_worse_moves": 1,
    "restarts_performed": 1,
    "num_lp_solves": null,
    "num_labels_generated": null
  },
  "routes": [
    {
      "route_index": 1,
      "nodes": [
        0,
        3,
        2,
        1,
        5,
        4,
        91,
        6,
        7,
        8,
        9,
        10,
        11,
        12,
        13,
        87,
        89,
        88,
        90,
        85,
        84,
        86,
        82,
        98,
        100,
        135,
        134,
        136,
        137,
        161,
        205,
        204,
        203,
        206,
        223,
        222,
        225,
        226,
        230,
        228,
        202,
        201,
        199,
        227,
        229,
        232,
        231,
        276,
        275,
        274,
        278,
        277,
        280,
        281,
        282,
        279,
        283,
        284,
        285,
        218,
        220,
        221,
        158,
        157,
        142,
        143,
        145,
        144,
        299
      ],
      "score": 67.0,
      "length": 12022.323861761379
    },
    {
      "route_index": 2,
      "nodes": [
        0,
        146,
        147,
        151,
        152,
        153,
        154,
        155,
        156,
        141,
        140,
        93,
        95,
        94,
        97,
        83,
        80,
        81,
        78,
        21,
        79,
        74,
        76,
        77,
        75,
        101,
        99,
        96,
        138,
        139,
        160,
        159,
        210,
        209,
        207,
        219,
        208,
        211,
        212,
        217,
        215,
        216,
        286,
        287,
        288,
        290,
        289,
        291,
        292,
        294,
        293,
        296,
        295,
        297,
        150,
        149,
        148,
        299
      ],
      "score": 56.0,
      "length": 11866.636145452196
    }
  ],
  "dataset": "dang",
  "instance_name": "pr299_gen1_m2.txt",
  "run_seed": 62008,
  "run_index": 1
}