{
  "instance": {
    "num_nodes": 300,
    "team_size": 3,
    "max_route_distance": 8032.0,
    "start_depot": 0,
    "end_depot": 299
  },
  "objective": {
    "total_score": 2937.0
  },
  "performance": {
    "cpu_time_seconds": 9.084071099990979,
    "iterations": 20,
    "iterations_to_convergence": 19,
    "last_improvement_iteration": 19,
    "stagnation_iterations": 1,
    "accepted_worse_moves": 2,
    "restarts_performed": 1,
    "num_lp_solves": null,
    "num_labels_generated": null
  },
  "routes": [
    {
      "route_index": 1,
      "nodes": [
        0,
        144,
        145,
        153,
        154,
        155,
        213,
        214,
        287,
        216,
        220,
        219,
        223,
        222,
        203,
        204,
        205,
        206,
        207,
        209,
        210,
        159,
        160,
        139,
        138,
        140,
        141,
        142,
        92,
        91,
        299
      ],
      "score": 882.0,
      "length": 8025.911312018832
    },
    {
      "route_index": 2,
      "nodes": [
        0,
        3,
        2,
        1,
        5,
        4,
        7,
        8,
        9,
        10,
        11,
        12,
        13,
        87,
        89,
        84,
        15,
        14,
        16,
        18,
        17,
        19,
        80,
        81,
        78,
        79,
        74,
        76,
        77,
        75,
        101,
        100,
        99,
        98,
        83,
        82,
        97,
        94,
        95,
        96,
        93,
        86,
        85,
        90,
        88,
        6,
        299
      ],
      "score": 1270.0,
      "length": 8026.700977470472
    },
    {
      "route_index": 3,
      "nodes": [
        0,
        143,
        156,
        157,
        158,
        212,
        211,
        208,
        221,
        217,
        215,
        286,
        288,
        290,
        289,
        291,
        292,
        294,
        293,
        296,
        295,
        297,
        149,
        150,
        151,
        152,
        147,
        146,
        148,
        299
      ],
      "score": 785.0,
      "length": 7826.9237773452105
    }
  ],
  "dataset": "dang",
  "instance_name": "pr299_gen3_m3.txt",
  "run_seed": 68008,
  "run_index": 1
}