{
  "instance": {
    "num_nodes": 300,
    "team_size": 3,
    "max_route_distance": 8032.0,
    "start_depot": 0,
    "end_depot": 299
  },
  "objective": {
    "total_score": 5546.0
  },
  "performance": {
    "cpu_time_seconds": 8.592637600027956,
    "iterations": 20,
    "iterations_to_convergence": 18,
    "last_improvement_iteration": 18,
    "stagnation_iterations": 2,
    "accepted_worse_moves": 2,
    "restarts_performed": 1,
    "num_lp_solves": null,
    "num_labels_generated": null
  },
  "routes": [
    {
      "route_index": 1,
      "nodes": [
        0,
        92,
        142,
        141,
        140,
        94,
        86,
        82,
        97,
        98,
        99,
        101,
        102,
        131,
        128,
        77,
        75,
        79,
        81,
        80,
        78,
        21,
        19,
        17,
        18,
        16,
        15,
        14,
        12,
        11,
        10,
        9,
        8,
        7,
        4,
        5,
        1,
        2,
        3,
        299
      ],
      "score": 2265.0,
      "length": 7977.932033841836
    },
    {
      "route_index": 2,
      "nodes": [
        0,
        143,
        157,
        158,
        210,
        205,
        204,
        203,
        206,
        219,
        208,
        221,
        217,
        215,
        216,
        286,
        287,
        288,
        290,
        289,
        291,
        292,
        214,
        213,
        154,
        153,
        152,
        151,
        150,
        149,
        148,
        146,
        147,
        299
      ],
      "score": 1642.0,
      "length": 8005.535599732591
    },
    {
      "route_index": 3,
      "nodes": [
        0,
        6,
        13,
        87,
        89,
        85,
        93,
        95,
        96,
        138,
        139,
        160,
        159,
        209,
        207,
        223,
        222,
        225,
        226,
        224,
        282,
        279,
        283,
        284,
        285,
        218,
        220,
        211,
        212,
        155,
        145,
        144,
        299
      ],
      "score": 1639.0,
      "length": 8022.771516863454
    }
  ],
  "dataset": "dang",
  "instance_name": "pr299_gen2_m3.txt",
  "run_seed": 65007,
  "run_index": 0
}