{
  "instance": {
    "num_nodes": 300,
    "team_size": 3,
    "max_route_distance": 8032.0,
    "start_depot": 0,
    "end_depot": 299
  },
  "objective": {
    "total_score": 94.0
  },
  "performance": {
    "cpu_time_seconds": 2.6567301999994015,
    "iterations": 20,
    "iterations_to_convergence": 15,
    "last_improvement_iteration": 15,
    "stagnation_iterations": 5,
    "accepted_worse_moves": 0,
    "restarts_performed": 1,
    "num_lp_solves": null,
    "num_labels_generated": null
  },
  "routes": [
    {
      "route_index": 1,
      "nodes": [
        0,
        3,
        5,
        4,
        6,
        7,
        8,
        9,
        10,
        11,
        12,
        13,
        87,
        88,
        90,
        89,
        85,
        84,
        86,
        82,
        83,
        80,
        78,
        81,
        101,
        100,
        99,
        98,
        97,
        94,
        95,
        96,
        138,
        141,
        142,
        143,
        145,
        153,
        152,
        150,
        149,
        148,
        299
      ],
      "score": 41.0,
      "length": 8024.312812447445
    },
    {
      "route_index": 2,
      "nodes": [
        0,
        2,
        1,
        92,
        156,
        157,
        158,
        221,
        220,
        218,
        279,
        283,
        284,
        285,
        217,
        215,
        216,
        286,
        287,
        288,
        290,
        289,
        291,
        214,
        213,
        155,
        154,
        144,
        299
      ],
      "score": 27.0,
      "length": 7997.211730108191
    },
    {
      "route_index": 3,
      "nodes": [
        0,
        146,
        147,
        151,
        297,
        295,
        296,
        293,
        294,
        292,
        212,
        211,
        208,
        219,
        223,
        222,
        203,
        204,
        206,
        207,
        209,
        210,
        159,
        160,
        139,
        140,
        91,
        299
      ],
      "score": 26.0,
      "length": 8004.149891211944
    }
  ],
  "dataset": "dang",
  "instance_name": "pr299_gen1_m3.txt",
  "run_seed": 70
}