{
  "instance": {
    "num_nodes": 300,
    "team_size": 4,
    "max_route_distance": 6024.0,
    "start_depot": 0,
    "end_depot": 299
  },
  "objective": {
    "total_score": 76.0
  },
  "performance": {
    "cpu_time_seconds": 5.80634240002837,
    "iterations": 20,
    "iterations_to_convergence": 12,
    "last_improvement_iteration": 12,
    "stagnation_iterations": 8,
    "accepted_worse_moves": 1,
    "restarts_performed": 1,
    "num_lp_solves": null,
    "num_labels_generated": null
  },
  "routes": [
    {
      "route_index": 1,
      "nodes": [
        0,
        146,
        147,
        151,
        152,
        153,
        154,
        155,
        213,
        214,
        289,
        291,
        292,
        294,
        293,
        296,
        295,
        297,
        150,
        149,
        148,
        299
      ],
      "score": 20.0,
      "length": 6018.452562403304
    },
    {
      "route_index": 2,
      "nodes": [
        0,
        6,
        87,
        89,
        94,
        97,
        83,
        80,
        81,
        78,
        21,
        19,
        17,
        18,
        16,
        14,
        15,
        13,
        4,
        5,
        1,
        2,
        3,
        299
      ],
      "score": 22.0,
      "length": 5885.55943573736
    },
    {
      "route_index": 3,
      "nodes": [
        0,
        144,
        145,
        156,
        157,
        158,
        159,
        160,
        139,
        96,
        95,
        93,
        85,
        84,
        12,
        11,
        10,
        9,
        8,
        7,
        299
      ],
      "score": 19.0,
      "length": 5918.548625313195
    },
    {
      "route_index": 4,
      "nodes": [
        0,
        91,
        88,
        90,
        86,
        82,
        98,
        101,
        99,
        100,
        138,
        140,
        141,
        142,
        143,
        92,
        299
      ],
      "score": 15.0,
      "length": 5907.420606979168
    }
  ],
  "dataset": "dang",
  "instance_name": "pr299_gen1_m4.txt",
  "run_seed": 64008,
  "run_index": 1
}