{
  "instance": {
    "num_nodes": 300,
    "team_size": 4,
    "max_route_distance": 6024.0,
    "start_depot": 0,
    "end_depot": 299
  },
  "objective": {
    "total_score": 77.0
  },
  "performance": {
    "cpu_time_seconds": 5.639715599943884,
    "iterations": 20,
    "iterations_to_convergence": 8,
    "last_improvement_iteration": 8,
    "stagnation_iterations": 12,
    "accepted_worse_moves": 2,
    "restarts_performed": 1,
    "num_lp_solves": null,
    "num_labels_generated": null
  },
  "routes": [
    {
      "route_index": 1,
      "nodes": [
        0,
        143,
        141,
        140,
        138,
        96,
        95,
        100,
        83,
        82,
        86,
        84,
        85,
        90,
        89,
        87,
        13,
        10,
        9,
        8,
        7,
        4,
        5,
        1,
        2,
        3,
        299
      ],
      "score": 25.0,
      "length": 5990.667075798403
    },
    {
      "route_index": 2,
      "nodes": [
        0,
        92,
        142,
        139,
        160,
        210,
        159,
        158,
        157,
        156,
        155,
        154,
        153,
        152,
        151,
        150,
        146,
        299
      ],
      "score": 16.0,
      "length": 5965.866485599553
    },
    {
      "route_index": 3,
      "nodes": [
        0,
        6,
        11,
        12,
        14,
        15,
        16,
        18,
        17,
        19,
        80,
        78,
        81,
        101,
        99,
        98,
        97,
        94,
        93,
        88,
        91,
        299
      ],
      "score": 20.0,
      "length": 5986.831092160619
    },
    {
      "route_index": 4,
      "nodes": [
        0,
        147,
        144,
        145,
        213,
        214,
        290,
        289,
        291,
        292,
        294,
        293,
        296,
        295,
        297,
        149,
        148,
        299
      ],
      "score": 16.0,
      "length": 5889.045886098393
    }
  ],
  "dataset": "dang",
  "instance_name": "pr299_gen1_m4.txt",
  "run_seed": 64007,
  "run_index": 0
}