{
  "instance": {
    "num_nodes": 300,
    "team_size": 3,
    "max_route_distance": 8032.0,
    "start_depot": 0,
    "end_depot": 299
  },
  "objective": {
    "total_score": 3144.0
  },
  "performance": {
    "cpu_time_seconds": 8.825694200000726,
    "iterations": 20,
    "iterations_to_convergence": 18,
    "last_improvement_iteration": 18,
    "stagnation_iterations": 2,
    "accepted_worse_moves": 0,
    "restarts_performed": 1,
    "num_lp_solves": null,
    "num_labels_generated": null
  },
  "routes": [
    {
      "route_index": 1,
      "nodes": [
        0,
        143,
        156,
        157,
        158,
        209,
        207,
        219,
        220,
        218,
        284,
        285,
        286,
        287,
        288,
        290,
        289,
        291,
        292,
        294,
        293,
        296,
        295,
        297,
        151,
        150,
        149,
        148,
        299
      ],
      "score": 845.0,
      "length": 8010.038473795102
    },
    {
      "route_index": 2,
      "nodes": [
        0,
        147,
        152,
        153,
        154,
        155,
        216,
        215,
        217,
        212,
        211,
        221,
        208,
        223,
        222,
        225,
        224,
        226,
        298,
        205,
        204,
        203,
        206,
        210,
        159,
        160,
        139,
        140,
        141,
        142,
        92,
        299
      ],
      "score": 991.0,
      "length": 8026.0789923228285
    },
    {
      "route_index": 3,
      "nodes": [
        0,
        3,
        2,
        1,
        5,
        4,
        7,
        8,
        9,
        10,
        11,
        12,
        14,
        15,
        16,
        18,
        19,
        17,
        20,
        22,
        23,
        24,
        25,
        74,
        76,
        77,
        75,
        79,
        78,
        80,
        81,
        101,
        99,
        98,
        83,
        82,
        97,
        94,
        86,
        84,
        85,
        90,
        89,
        87,
        13,
        6,
        299
      ],
      "score": 1308.0,
      "length": 7969.34143614717
    }
  ],
  "dataset": "dang",
  "instance_name": "pr299_gen3_m3.txt",
  "run_seed": 68007,
  "run_index": 0
}