{
  "instance": {
    "num_nodes": 196,
    "team_size": 2,
    "max_route_distance": 581.0,
    "start_depot": 0,
    "end_depot": 195
  },
  "objective": {
    "total_score": 4647.0
  },
  "performance": {
    "cpu_time_seconds": 1.2320909000000029,
    "iterations": 20,
    "iterations_to_convergence": 19,
    "last_improvement_iteration": 19,
    "stagnation_iterations": 1,
    "accepted_worse_moves": 0,
    "restarts_performed": 1,
    "num_lp_solves": null,
    "num_labels_generated": null
  },
  "routes": [
    {
      "route_index": 1,
      "nodes": [
        0,
        14,
        27,
        28,
        29,
        43,
        44,
        45,
        58,
        57,
        70,
        71,
        84,
        85,
        72,
        59,
        60,
        61,
        62,
        63,
        48,
        49,
        50,
        36,
        35,
        34,
        33,
        20,
        21,
        22,
        23,
        24,
        11,
        10,
        9,
        8,
        7,
        6,
        19,
        18,
        5,
        4,
        3,
        2,
        1,
        195
      ],
      "score": 2490.0,
      "length": 578.6374978536204
    },
    {
      "route_index": 2,
      "nodes": [
        0,
        13,
        26,
        40,
        39,
        52,
        53,
        66,
        65,
        79,
        80,
        92,
        91,
        104,
        105,
        106,
        93,
        94,
        108,
        109,
        110,
        111,
        99,
        98,
        97,
        96,
        83,
        82,
        81,
        69,
        68,
        67,
        54,
        55,
        41,
        42,
        30,
        31,
        17,
        16,
        15,
        195
      ],
      "score": 2157.0,
      "length": 578.7462981075358
    }
  ],
  "dataset": "dang",
  "instance_name": "rat195_gen2_m2.txt",
  "run_seed": 77
}