{
  "instance": {
    "num_nodes": 196,
    "team_size": 2,
    "max_route_distance": 581.0,
    "start_depot": 0,
    "end_depot": 195
  },
  "objective": {
    "total_score": 4604.0
  },
  "performance": {
    "cpu_time_seconds": 3.220775100053288,
    "iterations": 20,
    "iterations_to_convergence": 19,
    "last_improvement_iteration": 19,
    "stagnation_iterations": 1,
    "accepted_worse_moves": 0,
    "restarts_performed": 1,
    "num_lp_solves": null,
    "num_labels_generated": null
  },
  "routes": [
    {
      "route_index": 1,
      "nodes": [
        0,
        14,
        27,
        28,
        40,
        41,
        42,
        55,
        56,
        58,
        57,
        70,
        85,
        86,
        87,
        73,
        59,
        60,
        49,
        50,
        36,
        35,
        37,
        24,
        23,
        11,
        10,
        9,
        8,
        21,
        33,
        20,
        19,
        18,
        6,
        5,
        4,
        3,
        2,
        1,
        195
      ],
      "score": 2327.0,
      "length": 576.5669938917907
    },
    {
      "route_index": 2,
      "nodes": [
        0,
        15,
        16,
        31,
        30,
        43,
        44,
        45,
        46,
        47,
        48,
        62,
        63,
        64,
        77,
        76,
        75,
        74,
        72,
        71,
        84,
        83,
        82,
        96,
        97,
        110,
        109,
        108,
        95,
        94,
        93,
        92,
        80,
        79,
        67,
        66,
        65,
        53,
        52,
        39,
        26,
        13,
        195
      ],
      "score": 2277.0,
      "length": 579.3222872834748
    }
  ],
  "dataset": "dang",
  "instance_name": "rat195_gen2_m2.txt",
  "run_seed": 70008,
  "run_index": 1
}