{
  "instance": {
    "num_nodes": 196,
    "team_size": 3,
    "max_route_distance": 387.333,
    "start_depot": 0,
    "end_depot": 195
  },
  "objective": {
    "total_score": 2438.0
  },
  "performance": {
    "cpu_time_seconds": 1.195537499999773,
    "iterations": 20,
    "iterations_to_convergence": 16,
    "last_improvement_iteration": 16,
    "stagnation_iterations": 4,
    "accepted_worse_moves": 2,
    "restarts_performed": 1,
    "num_lp_solves": null,
    "num_labels_generated": null
  },
  "routes": [
    {
      "route_index": 1,
      "nodes": [
        0,
        14,
        28,
        29,
        43,
        44,
        58,
        59,
        60,
        61,
        73,
        74,
        75,
        76,
        77,
        64,
        63,
        62,
        48,
        47,
        34,
        33,
        32,
        31,
        30,
        16,
        15,
        195
      ],
      "score": 820.0,
      "length": 386.9333052985972
    },
    {
      "route_index": 2,
      "nodes": [
        0,
        17,
        18,
        19,
        20,
        21,
        22,
        23,
        35,
        36,
        49,
        50,
        51,
        38,
        37,
        24,
        25,
        12,
        11,
        10,
        9,
        8,
        7,
        6,
        5,
        4,
        3,
        2,
        1,
        195
      ],
      "score": 792.0,
      "length": 382.7512904601733
    },
    {
      "route_index": 3,
      "nodes": [
        0,
        13,
        26,
        39,
        52,
        53,
        67,
        66,
        65,
        78,
        79,
        80,
        81,
        82,
        83,
        84,
        86,
        85,
        72,
        71,
        70,
        57,
        56,
        55,
        42,
        41,
        27,
        195
      ],
      "score": 826.0,
      "length": 386.1811999491097
    }
  ],
  "dataset": "dang",
  "instance_name": "rat195_gen3_m3.txt",
  "run_seed": 78
}