{
  "instance": {
    "num_nodes": 196,
    "team_size": 2,
    "max_route_distance": 581.0,
    "start_depot": 0,
    "end_depot": 195
  },
  "objective": {
    "total_score": 4675.0
  },
  "performance": {
    "cpu_time_seconds": 3.518804999999702,
    "iterations": 20,
    "iterations_to_convergence": 15,
    "last_improvement_iteration": 15,
    "stagnation_iterations": 5,
    "accepted_worse_moves": 2,
    "restarts_performed": 1,
    "num_lp_solves": null,
    "num_labels_generated": null
  },
  "routes": [
    {
      "route_index": 1,
      "nodes": [
        0,
        14,
        28,
        41,
        40,
        39,
        52,
        53,
        65,
        66,
        67,
        79,
        80,
        92,
        91,
        104,
        105,
        106,
        93,
        94,
        82,
        83,
        84,
        85,
        72,
        71,
        70,
        57,
        58,
        59,
        60,
        47,
        33,
        21,
        20,
        19,
        31,
        30,
        17,
        16,
        15,
        195
      ],
      "score": 2399.0,
      "length": 578.4986634402554
    },
    {
      "route_index": 2,
      "nodes": [
        0,
        1,
        2,
        3,
        4,
        5,
        18,
        6,
        7,
        8,
        9,
        10,
        11,
        23,
        24,
        25,
        38,
        37,
        35,
        36,
        49,
        50,
        63,
        64,
        77,
        76,
        89,
        88,
        87,
        75,
        74,
        61,
        62,
        48,
        46,
        45,
        44,
        43,
        55,
        42,
        27,
        26,
        13,
        195
      ],
      "score": 2276.0,
      "length": 578.3060540675707
    }
  ],
  "dataset": "dang",
  "instance_name": "rat195_gen2_m2.txt",
  "run_seed": 70007,
  "run_index": 0
}