{
  "instance": {
    "num_nodes": 196,
    "team_size": 3,
    "max_route_distance": 387.333,
    "start_depot": 0,
    "end_depot": 195
  },
  "objective": {
    "total_score": 2450.0
  },
  "performance": {
    "cpu_time_seconds": 3.5796869000187144,
    "iterations": 20,
    "iterations_to_convergence": 17,
    "last_improvement_iteration": 17,
    "stagnation_iterations": 3,
    "accepted_worse_moves": 1,
    "restarts_performed": 1,
    "num_lp_solves": null,
    "num_labels_generated": null
  },
  "routes": [
    {
      "route_index": 1,
      "nodes": [
        0,
        15,
        29,
        43,
        44,
        58,
        59,
        73,
        74,
        75,
        76,
        89,
        88,
        87,
        86,
        85,
        84,
        72,
        71,
        70,
        57,
        56,
        55,
        42,
        28,
        14,
        195
      ],
      "score": 864.0,
      "length": 382.74088436816135
    },
    {
      "route_index": 2,
      "nodes": [
        0,
        1,
        2,
        3,
        4,
        5,
        6,
        19,
        20,
        21,
        22,
        23,
        24,
        25,
        38,
        37,
        35,
        36,
        50,
        51,
        49,
        48,
        47,
        46,
        45,
        32,
        31,
        30,
        17,
        16,
        195
      ],
      "score": 786.0,
      "length": 387.0406946447675
    },
    {
      "route_index": 3,
      "nodes": [
        0,
        13,
        26,
        39,
        52,
        53,
        66,
        65,
        78,
        79,
        80,
        92,
        93,
        94,
        95,
        96,
        83,
        82,
        81,
        69,
        68,
        67,
        54,
        41,
        27,
        195
      ],
      "score": 800.0,
      "length": 384.94365359128415
    }
  ],
  "dataset": "dang",
  "instance_name": "rat195_gen3_m3.txt",
  "run_seed": 71007,
  "run_index": 0
}