{
  "instance": {
    "num_nodes": 401,
    "team_size": 4,
    "max_route_distance": 1910.25,
    "start_depot": 0,
    "end_depot": 400
  },
  "objective": {
    "total_score": 180.0
  },
  "performance": {
    "cpu_time_seconds": 14.407815600046888,
    "iterations": 20,
    "iterations_to_convergence": 20,
    "last_improvement_iteration": 20,
    "stagnation_iterations": 0,
    "accepted_worse_moves": 0,
    "restarts_performed": 1,
    "num_lp_solves": null,
    "num_labels_generated": null
  },
  "routes": [
    {
      "route_index": 1,
      "nodes": [
        0,
        200,
        303,
        114,
        221,
        246,
        119,
        128,
        163,
        172,
        12,
        297,
        383,
        18,
        23,
        305,
        88,
        267,
        316,
        185,
        16,
        66,
        204,
        154,
        201,
        284,
        213,
        308,
        237,
        164,
        50,
        243,
        87,
        251,
        101,
        382,
        231,
        89,
        120,
        374,
        37,
        238,
        248,
        132,
        3,
        400
      ],
      "score": 44.0,
      "length": 1894.0066433797826
    },
    {
      "route_index": 2,
      "nodes": [
        0,
        289,
        146,
        65,
        21,
        366,
        91,
        156,
        338,
        109,
        292,
        59,
        344,
        362,
        99,
        10,
        244,
        223,
        58,
        31,
        361,
        253,
        141,
        112,
        349,
        100,
        395,
        319,
        67,
        252,
        123,
        47,
        205,
        34,
        122,
        46,
        6,
        340,
        68,
        75,
        299,
        272,
        55,
        274,
        400
      ],
      "score": 43.0,
      "length": 1877.1014218399382
    },
    {
      "route_index": 3,
      "nodes": [
        0,
        8,
        38,
        294,
        335,
        215,
        281,
        116,
        166,
        327,
        25,
        300,
        14,
        20,
        29,
        396,
        275,
        250,
        310,
        129,
        306,
        157,
        343,
        326,
        61,
        328,
        147,
        1,
        121,
        138,
        384,
        298,
        359,
        353,
        102,
        95,
        178,
        56,
        105,
        325,
        81,
        273,
        19,
        367,
        165,
        214,
        226,
        256,
        357,
        202,
        400
      ],
      "score": 49.0,
      "length": 1901.9233343941542
    },
    {
      "route_index": 4,
      "nodes": [
        0,
        255,
        33,
        285,
        346,
        177,
        235,
        210,
        356,
        233,
        394,
        198,
        76,
        283,
        262,
        184,
        126,
        152,
        70,
        40,
        342,
        113,
        391,
        286,
        314,
        260,
        224,
        161,
        258,
        228,
        174,
        7,
        334,
        127,
        43,
        144,
        180,
        348,
        312,
        78,
        257,
        236,
        160,
        44,
        168,
        400
      ],
      "score": 44.0,
      "length": 1900.9904264772151
    }
  ],
  "dataset": "dang",
  "instance_name": "rd400_gen1_m4.txt",
  "run_seed": 74008,
  "run_index": 1
}