{
  "instance": {
    "num_nodes": 401,
    "team_size": 2,
    "max_route_distance": 3820.5,
    "start_depot": 0,
    "end_depot": 400
  },
  "objective": {
    "total_score": 205.0
  },
  "performance": {
    "cpu_time_seconds": 35.83283799991477,
    "iterations": 20,
    "iterations_to_convergence": 20,
    "last_improvement_iteration": 20,
    "stagnation_iterations": 0,
    "accepted_worse_moves": 1,
    "restarts_performed": 1,
    "num_lp_solves": null,
    "num_labels_generated": null
  },
  "routes": [
    {
      "route_index": 1,
      "nodes": [
        0,
        8,
        274,
        55,
        272,
        338,
        156,
        109,
        343,
        326,
        292,
        147,
        59,
        344,
        99,
        10,
        362,
        244,
        223,
        58,
        31,
        361,
        253,
        328,
        61,
        141,
        112,
        157,
        306,
        129,
        310,
        250,
        275,
        349,
        100,
        395,
        319,
        67,
        252,
        123,
        47,
        205,
        122,
        46,
        34,
        270,
        183,
        35,
        153,
        278,
        322,
        212,
        229,
        341,
        48,
        57,
        135,
        5,
        150,
        159,
        63,
        106,
        195,
        117,
        315,
        340,
        68,
        75,
        29,
        20,
        14,
        300,
        25,
        327,
        166,
        163,
        172,
        12,
        18,
        316,
        267,
        204,
        66,
        16,
        185,
        116,
        281,
        215,
        335,
        128,
        119,
        246,
        221,
        114,
        303,
        38,
        294,
        284,
        201,
        213,
        346,
        285,
        33,
        255,
        44,
        200,
        400
      ],
      "score": 105.0,
      "length": 3777.5180543504202
    },
    {
      "route_index": 2,
      "nodes": [
        0,
        202,
        357,
        91,
        366,
        21,
        256,
        65,
        214,
        226,
        19,
        165,
        367,
        273,
        81,
        325,
        105,
        249,
        268,
        27,
        377,
        36,
        74,
        219,
        290,
        230,
        296,
        62,
        320,
        11,
        42,
        375,
        130,
        125,
        26,
        217,
        169,
        317,
        247,
        354,
        104,
        32,
        323,
        176,
        143,
        197,
        77,
        207,
        266,
        171,
        133,
        363,
        69,
        80,
        240,
        93,
        234,
        332,
        60,
        193,
        302,
        309,
        333,
        142,
        369,
        98,
        385,
        110,
        103,
        111,
        263,
        108,
        245,
        39,
        167,
        54,
        238,
        37,
        127,
        43,
        180,
        144,
        174,
        228,
        348,
        312,
        78,
        374,
        120,
        89,
        231,
        164,
        50,
        237,
        308,
        177,
        257,
        236,
        160,
        168,
        3,
        400
      ],
      "score": 100.0,
      "length": 3817.4907301445865
    }
  ],
  "dataset": "dang",
  "instance_name": "rd400_gen1_m2.txt",
  "run_seed": 72007,
  "run_index": 0
}