{
  "instance": {
    "num_nodes": 401,
    "team_size": 4,
    "max_route_distance": 1910.25,
    "start_depot": 0,
    "end_depot": 400
  },
  "objective": {
    "total_score": 9829.0
  },
  "performance": {
    "cpu_time_seconds": 14.750548999989405,
    "iterations": 20,
    "iterations_to_convergence": 20,
    "last_improvement_iteration": 20,
    "stagnation_iterations": 0,
    "accepted_worse_moves": 0,
    "restarts_performed": 1,
    "num_lp_solves": null,
    "num_labels_generated": null
  },
  "routes": [
    {
      "route_index": 1,
      "nodes": [
        0,
        55,
        272,
        299,
        306,
        157,
        129,
        310,
        250,
        275,
        319,
        67,
        252,
        47,
        123,
        22,
        31,
        58,
        223,
        244,
        362,
        99,
        10,
        131,
        331,
        389,
        313,
        194,
        386,
        329,
        4,
        280,
        211,
        72,
        381,
        264,
        208,
        59,
        344,
        253,
        328,
        61,
        343,
        109,
        156,
        338,
        274,
        400
      ],
      "score": 2578.0,
      "length": 1905.835493935861
    },
    {
      "route_index": 2,
      "nodes": [
        0,
        200,
        303,
        114,
        221,
        246,
        119,
        128,
        335,
        116,
        163,
        172,
        316,
        267,
        16,
        185,
        281,
        201,
        284,
        213,
        33,
        285,
        346,
        177,
        308,
        237,
        50,
        243,
        87,
        251,
        101,
        382,
        231,
        89,
        120,
        374,
        78,
        348,
        258,
        228,
        174,
        144,
        180,
        43,
        127,
        238,
        248,
        132,
        168,
        400
      ],
      "score": 2780.0,
      "length": 1909.212715346829
    },
    {
      "route_index": 3,
      "nodes": [
        0,
        8,
        136,
        75,
        396,
        395,
        100,
        349,
        112,
        141,
        326,
        292,
        147,
        1,
        121,
        138,
        384,
        298,
        359,
        353,
        102,
        95,
        178,
        226,
        214,
        165,
        367,
        269,
        74,
        219,
        230,
        290,
        369,
        142,
        263,
        108,
        167,
        54,
        39,
        245,
        289,
        3,
        400
      ],
      "score": 2214.0,
      "length": 1896.7886674023484
    },
    {
      "route_index": 4,
      "nodes": [
        0,
        255,
        44,
        160,
        351,
        111,
        103,
        385,
        98,
        309,
        333,
        302,
        193,
        104,
        170,
        354,
        247,
        317,
        169,
        217,
        26,
        125,
        375,
        42,
        11,
        320,
        62,
        175,
        27,
        377,
        36,
        325,
        81,
        273,
        19,
        370,
        65,
        21,
        366,
        357,
        202,
        400
      ],
      "score": 2257.0,
      "length": 1903.883858526737
    }
  ],
  "dataset": "dang",
  "instance_name": "rd400_gen2_m4.txt",
  "run_seed": 77007,
  "run_index": 0
}