{
  "instance": {
    "num_nodes": 401,
    "team_size": 2,
    "max_route_distance": 3820.5,
    "start_depot": 0,
    "end_depot": 400
  },
  "objective": {
    "total_score": 9971.0
  },
  "performance": {
    "cpu_time_seconds": 19.41693429998122,
    "iterations": 20,
    "iterations_to_convergence": 19,
    "last_improvement_iteration": 19,
    "stagnation_iterations": 1,
    "accepted_worse_moves": 1,
    "restarts_performed": 1,
    "num_lp_solves": null,
    "num_labels_generated": null
  },
  "routes": [
    {
      "route_index": 1,
      "nodes": [
        0,
        202,
        357,
        91,
        353,
        359,
        298,
        384,
        138,
        147,
        292,
        326,
        343,
        157,
        306,
        129,
        310,
        250,
        349,
        112,
        141,
        61,
        328,
        253,
        344,
        59,
        1,
        121,
        264,
        381,
        72,
        211,
        280,
        225,
        227,
        79,
        259,
        279,
        4,
        254,
        265,
        134,
        372,
        392,
        360,
        206,
        2,
        92,
        329,
        386,
        194,
        313,
        389,
        115,
        331,
        131,
        10,
        99,
        362,
        244,
        223,
        58,
        31,
        361,
        22,
        123,
        47,
        252,
        67,
        46,
        122,
        205,
        34,
        270,
        183,
        35,
        153,
        278,
        118,
        378,
        345,
        229,
        212,
        341,
        48,
        57,
        5,
        150,
        159,
        63,
        6,
        340,
        315,
        117,
        390,
        41,
        166,
        327,
        25,
        128,
        119,
        246,
        221,
        114,
        8,
        400
      ],
      "score": 4798.0,
      "length": 3813.25565588439
    },
    {
      "route_index": 2,
      "nodes": [
        0,
        168,
        44,
        255,
        33,
        285,
        346,
        177,
        213,
        284,
        201,
        154,
        210,
        235,
        262,
        237,
        50,
        164,
        231,
        382,
        101,
        260,
        224,
        286,
        314,
        113,
        391,
        365,
        155,
        358,
        84,
        158,
        307,
        189,
        52,
        94,
        368,
        196,
        397,
        83,
        64,
        342,
        40,
        70,
        126,
        184,
        152,
        339,
        380,
        173,
        28,
        162,
        24,
        199,
        330,
        388,
        355,
        242,
        186,
        311,
        86,
        277,
        347,
        288,
        399,
        53,
        76,
        283,
        198,
        394,
        233,
        356,
        204,
        66,
        16,
        185,
        316,
        163,
        172,
        12,
        18,
        383,
        297,
        239,
        97,
        287,
        106,
        195,
        20,
        300,
        14,
        29,
        68,
        75,
        396,
        275,
        299,
        272,
        55,
        400
      ],
      "score": 5173.0,
      "length": 3816.7895116430172
    }
  ],
  "dataset": "dang",
  "instance_name": "rd400_gen3_m2.txt",
  "run_seed": 78008,
  "run_index": 1
}