{
  "instance": {
    "num_nodes": 401,
    "team_size": 4,
    "max_route_distance": 1910.25,
    "start_depot": 0,
    "end_depot": 400
  },
  "objective": {
    "total_score": 7888.0
  },
  "performance": {
    "cpu_time_seconds": 12.279935399999886,
    "iterations": 20,
    "iterations_to_convergence": 18,
    "last_improvement_iteration": 18,
    "stagnation_iterations": 2,
    "accepted_worse_moves": 2,
    "restarts_performed": 1,
    "num_lp_solves": null,
    "num_labels_generated": null
  },
  "routes": [
    {
      "route_index": 1,
      "nodes": [
        0,
        55,
        272,
        299,
        275,
        396,
        319,
        252,
        123,
        47,
        205,
        34,
        270,
        183,
        35,
        118,
        278,
        153,
        322,
        71,
        63,
        159,
        106,
        195,
        117,
        390,
        41,
        297,
        383,
        18,
        12,
        172,
        163,
        316,
        267,
        16,
        185,
        116,
        166,
        327,
        25,
        335,
        128,
        119,
        246,
        221,
        114,
        303,
        400
      ],
      "score": 1848.0,
      "length": 1888.8929650871762
    },
    {
      "route_index": 2,
      "nodes": [
        0,
        200,
        294,
        284,
        201,
        154,
        356,
        210,
        283,
        198,
        76,
        277,
        86,
        242,
        339,
        40,
        342,
        70,
        152,
        126,
        184,
        87,
        243,
        251,
        101,
        382,
        161,
        258,
        228,
        174,
        144,
        180,
        348,
        78,
        89,
        231,
        164,
        50,
        237,
        308,
        177,
        346,
        285,
        33,
        255,
        400
      ],
      "score": 1991.0,
      "length": 1904.4634427618453
    },
    {
      "route_index": 3,
      "nodes": [
        0,
        3,
        168,
        44,
        160,
        236,
        120,
        374,
        312,
        224,
        260,
        314,
        286,
        391,
        365,
        64,
        83,
        397,
        52,
        94,
        368,
        196,
        28,
        162,
        24,
        173,
        199,
        330,
        388,
        355,
        186,
        311,
        347,
        288,
        399,
        53,
        394,
        233,
        204,
        66,
        281,
        215,
        38,
        400
      ],
      "score": 2421.0,
      "length": 1899.8592226179867
    },
    {
      "route_index": 4,
      "nodes": [
        0,
        8,
        136,
        14,
        300,
        20,
        29,
        75,
        68,
        315,
        340,
        6,
        46,
        122,
        67,
        395,
        100,
        349,
        250,
        310,
        129,
        112,
        141,
        61,
        328,
        253,
        361,
        31,
        58,
        223,
        244,
        10,
        99,
        362,
        344,
        59,
        147,
        292,
        109,
        343,
        326,
        157,
        306,
        338,
        156,
        91,
        357,
        202,
        274,
        400
      ],
      "score": 1628.0,
      "length": 1905.678625474785
    }
  ],
  "dataset": "dang",
  "instance_name": "rd400_gen3_m4.txt",
  "run_seed": 87
}