{
  "instance": {
    "num_nodes": 401,
    "team_size": 3,
    "max_route_distance": 2547.0,
    "start_depot": 0,
    "end_depot": 400
  },
  "objective": {
    "total_score": 9225.0
  },
  "performance": {
    "cpu_time_seconds": 17.867704099975526,
    "iterations": 20,
    "iterations_to_convergence": 20,
    "last_improvement_iteration": 20,
    "stagnation_iterations": 0,
    "accepted_worse_moves": 1,
    "restarts_performed": 1,
    "num_lp_solves": null,
    "num_labels_generated": null
  },
  "routes": [
    {
      "route_index": 1,
      "nodes": [
        0,
        200,
        346,
        177,
        213,
        284,
        215,
        335,
        128,
        119,
        25,
        327,
        166,
        163,
        172,
        12,
        18,
        383,
        297,
        287,
        135,
        57,
        48,
        341,
        212,
        229,
        345,
        378,
        118,
        278,
        153,
        35,
        183,
        270,
        34,
        123,
        47,
        252,
        205,
        122,
        46,
        6,
        340,
        68,
        75,
        396,
        319,
        395,
        100,
        349,
        112,
        141,
        61,
        328,
        292,
        109,
        343,
        326,
        157,
        129,
        250,
        310,
        306,
        299,
        338,
        272,
        55,
        400
      ],
      "score": 2683.0,
      "length": 2545.817538295345
    },
    {
      "route_index": 2,
      "nodes": [
        0,
        3,
        168,
        44,
        160,
        236,
        257,
        164,
        50,
        382,
        101,
        260,
        224,
        161,
        312,
        348,
        180,
        144,
        7,
        334,
        148,
        90,
        82,
        49,
        393,
        17,
        304,
        232,
        181,
        216,
        187,
        266,
        171,
        133,
        363,
        69,
        80,
        240,
        93,
        234,
        332,
        60,
        323,
        32,
        170,
        293,
        130,
        375,
        42,
        11,
        125,
        26,
        320,
        62,
        217,
        169,
        230,
        290,
        369,
        98,
        385,
        110,
        370,
        146,
        289,
        400
      ],
      "score": 3554.0,
      "length": 2545.11276054304
    },
    {
      "route_index": 3,
      "nodes": [
        0,
        8,
        303,
        114,
        221,
        300,
        14,
        20,
        117,
        195,
        106,
        159,
        150,
        5,
        97,
        239,
        23,
        305,
        267,
        16,
        66,
        204,
        356,
        210,
        233,
        394,
        53,
        399,
        288,
        347,
        277,
        86,
        311,
        186,
        355,
        388,
        330,
        199,
        24,
        28,
        196,
        368,
        94,
        52,
        397,
        83,
        380,
        339,
        152,
        126,
        184,
        283,
        262,
        308,
        285,
        33,
        255,
        400
      ],
      "score": 2988.0,
      "length": 2537.804697253792
    }
  ],
  "dataset": "dang",
  "instance_name": "rd400_gen3_m3.txt",
  "run_seed": 79008,
  "run_index": 1
}