{
  "instance": {
    "num_nodes": 401,
    "team_size": 4,
    "max_route_distance": 1910.25,
    "start_depot": 0,
    "end_depot": 400
  },
  "objective": {
    "total_score": 7822.0
  },
  "performance": {
    "cpu_time_seconds": 16.931252599926665,
    "iterations": 20,
    "iterations_to_convergence": 13,
    "last_improvement_iteration": 13,
    "stagnation_iterations": 7,
    "accepted_worse_moves": 0,
    "restarts_performed": 1,
    "num_lp_solves": null,
    "num_labels_generated": null
  },
  "routes": [
    {
      "route_index": 1,
      "nodes": [
        0,
        168,
        44,
        160,
        236,
        257,
        120,
        374,
        78,
        348,
        312,
        161,
        286,
        113,
        365,
        64,
        83,
        380,
        342,
        40,
        70,
        339,
        152,
        126,
        184,
        251,
        87,
        243,
        262,
        283,
        76,
        198,
        394,
        233,
        356,
        204,
        66,
        16,
        163,
        116,
        215,
        335,
        128,
        119,
        246,
        221,
        114,
        400
      ],
      "score": 2051.0,
      "length": 1910.1565125450509
    },
    {
      "route_index": 2,
      "nodes": [
        0,
        366,
        21,
        256,
        226,
        214,
        19,
        367,
        273,
        81,
        269,
        385,
        98,
        369,
        290,
        230,
        317,
        247,
        354,
        104,
        170,
        125,
        26,
        320,
        62,
        175,
        377,
        27,
        268,
        249,
        336,
        79,
        227,
        259,
        279,
        4,
        280,
        211,
        72,
        381,
        264,
        121,
        1,
        138,
        384,
        298,
        359,
        353,
        107,
        357,
        202,
        400
      ],
      "score": 2159.0,
      "length": 1907.1443832494251
    },
    {
      "route_index": 3,
      "nodes": [
        0,
        255,
        33,
        285,
        346,
        177,
        308,
        237,
        50,
        164,
        89,
        231,
        382,
        101,
        260,
        224,
        314,
        391,
        155,
        358,
        158,
        189,
        307,
        84,
        191,
        179,
        203,
        209,
        318,
        228,
        174,
        144,
        180,
        43,
        127,
        238,
        54,
        167,
        108,
        39,
        245,
        132,
        248,
        3,
        400
      ],
      "score": 2024.0,
      "length": 1910.19918005809
    },
    {
      "route_index": 4,
      "nodes": [
        0,
        8,
        136,
        14,
        300,
        20,
        117,
        315,
        340,
        68,
        75,
        396,
        319,
        67,
        252,
        123,
        47,
        205,
        122,
        46,
        6,
        63,
        159,
        106,
        195,
        390,
        41,
        327,
        25,
        166,
        297,
        383,
        18,
        23,
        12,
        172,
        316,
        185,
        281,
        201,
        213,
        284,
        294,
        38,
        200,
        400
      ],
      "score": 1588.0,
      "length": 1906.442444347776
    }
  ],
  "dataset": "dang",
  "instance_name": "rd400_gen3_m4.txt",
  "run_seed": 80007,
  "run_index": 0
}