{
  "instance": {
    "num_nodes": 401,
    "team_size": 3,
    "max_route_distance": 2547.0,
    "start_depot": 0,
    "end_depot": 400
  },
  "objective": {
    "total_score": 11073.0
  },
  "performance": {
    "cpu_time_seconds": 17.590823699953035,
    "iterations": 20,
    "iterations_to_convergence": 18,
    "last_improvement_iteration": 18,
    "stagnation_iterations": 2,
    "accepted_worse_moves": 0,
    "restarts_performed": 1,
    "num_lp_solves": null,
    "num_labels_generated": null
  },
  "routes": [
    {
      "route_index": 1,
      "nodes": [
        0,
        200,
        303,
        114,
        221,
        246,
        119,
        128,
        335,
        215,
        201,
        213,
        284,
        294,
        38,
        255,
        160,
        248,
        132,
        238,
        54,
        167,
        39,
        245,
        108,
        263,
        111,
        103,
        385,
        98,
        142,
        333,
        302,
        309,
        369,
        290,
        230,
        219,
        74,
        36,
        175,
        27,
        377,
        325,
        81,
        273,
        19,
        367,
        165,
        370,
        214,
        226,
        65,
        256,
        21,
        366,
        91,
        156,
        338,
        272,
        55,
        274,
        400
      ],
      "score": 3509.0,
      "length": 2545.7878022498394
    },
    {
      "route_index": 2,
      "nodes": [
        0,
        202,
        357,
        107,
        95,
        102,
        353,
        359,
        298,
        384,
        138,
        1,
        121,
        264,
        381,
        72,
        211,
        4,
        280,
        225,
        227,
        79,
        259,
        279,
        140,
        13,
        51,
        352,
        265,
        134,
        92,
        386,
        194,
        313,
        389,
        115,
        331,
        131,
        10,
        99,
        362,
        244,
        223,
        58,
        31,
        361,
        253,
        328,
        61,
        141,
        112,
        326,
        292,
        109,
        343,
        157,
        306,
        129,
        310,
        250,
        275,
        100,
        395,
        123,
        47,
        252,
        67,
        319,
        396,
        75,
        136,
        400
      ],
      "score": 3904.0,
      "length": 2545.4676985593032
    },
    {
      "route_index": 3,
      "nodes": [
        0,
        3,
        168,
        44,
        33,
        285,
        346,
        177,
        308,
        237,
        50,
        164,
        89,
        231,
        382,
        101,
        260,
        224,
        286,
        314,
        113,
        342,
        40,
        70,
        152,
        126,
        184,
        87,
        243,
        262,
        235,
        210,
        283,
        76,
        198,
        399,
        288,
        53,
        394,
        233,
        204,
        66,
        267,
        316,
        16,
        185,
        281,
        116,
        163,
        172,
        12,
        18,
        383,
        297,
        41,
        195,
        106,
        159,
        63,
        6,
        340,
        315,
        117,
        20,
        14,
        300,
        8,
        400
      ],
      "score": 3660.0,
      "length": 2542.2998332344887
    }
  ],
  "dataset": "dang",
  "instance_name": "rd400_gen2_m3.txt",
  "run_seed": 76007,
  "run_index": 0
}