{
  "instance": {
    "num_nodes": 401,
    "team_size": 3,
    "max_route_distance": 2547.0,
    "start_depot": 0,
    "end_depot": 400
  },
  "objective": {
    "total_score": 10026.0
  },
  "performance": {
    "cpu_time_seconds": 18.23274730006233,
    "iterations": 20,
    "iterations_to_convergence": 12,
    "last_improvement_iteration": 12,
    "stagnation_iterations": 8,
    "accepted_worse_moves": 0,
    "restarts_performed": 1,
    "num_lp_solves": null,
    "num_labels_generated": null
  },
  "routes": [
    {
      "route_index": 1,
      "nodes": [
        0,
        8,
        303,
        114,
        221,
        246,
        119,
        128,
        25,
        327,
        166,
        297,
        383,
        18,
        12,
        172,
        316,
        185,
        16,
        267,
        305,
        88,
        53,
        399,
        288,
        347,
        277,
        86,
        311,
        186,
        242,
        339,
        152,
        184,
        126,
        70,
        40,
        342,
        64,
        83,
        397,
        196,
        368,
        94,
        52,
        189,
        307,
        158,
        84,
        358,
        365,
        391,
        113,
        314,
        286,
        224,
        260,
        382,
        101,
        251,
        87,
        243,
        237,
        50,
        164,
        257,
        236,
        160,
        44,
        168,
        3,
        400
      ],
      "score": 3591.0,
      "length": 2542.8428650256806
    },
    {
      "route_index": 2,
      "nodes": [
        0,
        55,
        272,
        299,
        275,
        100,
        395,
        67,
        122,
        46,
        71,
        153,
        278,
        35,
        183,
        270,
        34,
        205,
        252,
        47,
        123,
        22,
        31,
        58,
        223,
        244,
        362,
        361,
        253,
        328,
        61,
        141,
        112,
        349,
        250,
        310,
        129,
        306,
        157,
        343,
        326,
        292,
        147,
        1,
        121,
        208,
        271,
        313,
        194,
        386,
        329,
        92,
        134,
        265,
        254,
        4,
        280,
        211,
        72,
        381,
        264,
        138,
        384,
        156,
        338,
        274,
        400
      ],
      "score": 2772.0,
      "length": 2545.4974302455944
    },
    {
      "route_index": 3,
      "nodes": [
        0,
        289,
        146,
        370,
        110,
        385,
        98,
        369,
        142,
        333,
        309,
        302,
        193,
        60,
        332,
        234,
        93,
        240,
        80,
        69,
        176,
        143,
        197,
        207,
        77,
        324,
        301,
        85,
        371,
        282,
        182,
        45,
        137,
        149,
        293,
        170,
        104,
        354,
        247,
        317,
        169,
        217,
        26,
        125,
        130,
        375,
        42,
        11,
        320,
        62,
        296,
        219,
        74,
        36,
        325,
        81,
        273,
        367,
        19,
        214,
        226,
        256,
        21,
        366,
        357,
        202,
        400
      ],
      "score": 3663.0,
      "length": 2540.534586628433
    }
  ],
  "dataset": "dang",
  "instance_name": "rd400_gen3_m3.txt",
  "run_seed": 79007,
  "run_index": 0
}