{
  "instance": {
    "num_nodes": 401,
    "team_size": 3,
    "max_route_distance": 2547.0,
    "start_depot": 0,
    "end_depot": 400
  },
  "objective": {
    "total_score": 10255.0
  },
  "performance": {
    "cpu_time_seconds": 14.054380799999308,
    "iterations": 20,
    "iterations_to_convergence": 20,
    "last_improvement_iteration": 20,
    "stagnation_iterations": 0,
    "accepted_worse_moves": 1,
    "restarts_performed": 1,
    "num_lp_solves": null,
    "num_labels_generated": null
  },
  "routes": [
    {
      "route_index": 1,
      "nodes": [
        0,
        65,
        214,
        226,
        19,
        367,
        273,
        81,
        325,
        36,
        74,
        219,
        296,
        62,
        320,
        11,
        42,
        375,
        130,
        125,
        26,
        217,
        169,
        230,
        290,
        317,
        247,
        354,
        309,
        333,
        302,
        193,
        104,
        32,
        323,
        240,
        80,
        69,
        93,
        234,
        332,
        218,
        73,
        139,
        187,
        216,
        181,
        232,
        304,
        17,
        393,
        49,
        82,
        90,
        148,
        334,
        7,
        127,
        43,
        37,
        248,
        132,
        3,
        400
      ],
      "score": 3464.0,
      "length": 2537.6029944055585
    },
    {
      "route_index": 2,
      "nodes": [
        0,
        168,
        44,
        255,
        33,
        285,
        346,
        177,
        308,
        237,
        50,
        243,
        87,
        251,
        101,
        382,
        260,
        224,
        286,
        314,
        113,
        391,
        155,
        358,
        84,
        158,
        307,
        189,
        397,
        52,
        94,
        368,
        196,
        28,
        162,
        24,
        173,
        199,
        330,
        388,
        355,
        242,
        186,
        311,
        86,
        277,
        347,
        288,
        399,
        53,
        76,
        198,
        394,
        233,
        356,
        204,
        66,
        16,
        185,
        316,
        172,
        12,
        18,
        383,
        297,
        166,
        327,
        25,
        128,
        119,
        246,
        221,
        114,
        303,
        8,
        400
      ],
      "score": 3889.0,
      "length": 2545.0936997974977
    },
    {
      "route_index": 3,
      "nodes": [
        0,
        274,
        338,
        156,
        306,
        157,
        129,
        310,
        250,
        275,
        396,
        319,
        67,
        395,
        100,
        349,
        112,
        141,
        61,
        328,
        361,
        253,
        344,
        59,
        292,
        147,
        384,
        298,
        138,
        1,
        121,
        208,
        271,
        131,
        331,
        115,
        389,
        313,
        194,
        386,
        329,
        92,
        134,
        265,
        352,
        51,
        13,
        140,
        259,
        279,
        254,
        4,
        211,
        72,
        381,
        280,
        225,
        227,
        79,
        376,
        336,
        56,
        178,
        95,
        102,
        107,
        256,
        21,
        366,
        357,
        202,
        400
      ],
      "score": 2902.0,
      "length": 2542.851026859108
    }
  ],
  "dataset": "dang",
  "instance_name": "rd400_gen3_m3.txt",
  "run_seed": 86
}