{
  "instance": {
    "num_nodes": 401,
    "team_size": 3,
    "max_route_distance": 2547.0,
    "start_depot": 0,
    "end_depot": 400
  },
  "objective": {
    "total_score": 195.0
  },
  "performance": {
    "cpu_time_seconds": 16.538421800010838,
    "iterations": 20,
    "iterations_to_convergence": 20,
    "last_improvement_iteration": 20,
    "stagnation_iterations": 0,
    "accepted_worse_moves": 1,
    "restarts_performed": 1,
    "num_lp_solves": null,
    "num_labels_generated": null
  },
  "routes": [
    {
      "route_index": 1,
      "nodes": [
        0,
        200,
        8,
        114,
        221,
        303,
        38,
        294,
        215,
        335,
        128,
        300,
        20,
        75,
        396,
        275,
        250,
        310,
        129,
        306,
        157,
        112,
        141,
        61,
        328,
        361,
        253,
        344,
        59,
        292,
        326,
        343,
        109,
        147,
        384,
        138,
        1,
        121,
        264,
        381,
        72,
        211,
        4,
        280,
        225,
        227,
        79,
        259,
        279,
        140,
        13,
        51,
        376,
        336,
        249,
        268,
        27,
        377,
        36,
        325,
        105,
        81,
        273,
        367,
        165,
        19,
        226,
        214,
        21,
        366,
        357,
        202,
        400
      ],
      "score": 71.0,
      "length": 2526.3355155198433
    },
    {
      "route_index": 2,
      "nodes": [
        0,
        3,
        44,
        160,
        285,
        213,
        284,
        201,
        154,
        235,
        210,
        283,
        76,
        198,
        394,
        233,
        356,
        204,
        66,
        281,
        116,
        185,
        16,
        267,
        316,
        163,
        172,
        12,
        18,
        383,
        297,
        41,
        390,
        166,
        327,
        25,
        119,
        246,
        14,
        29,
        68,
        340,
        315,
        117,
        195,
        106,
        159,
        63,
        6,
        46,
        122,
        34,
        205,
        47,
        123,
        252,
        67,
        319,
        395,
        100,
        349,
        299,
        272,
        55,
        400
      ],
      "score": 63.0,
      "length": 2522.32930604805
    },
    {
      "route_index": 3,
      "nodes": [
        0,
        168,
        255,
        33,
        346,
        177,
        308,
        237,
        50,
        164,
        231,
        89,
        120,
        374,
        78,
        312,
        348,
        228,
        174,
        144,
        180,
        43,
        127,
        37,
        238,
        54,
        167,
        108,
        39,
        245,
        111,
        142,
        333,
        309,
        302,
        193,
        104,
        354,
        247,
        317,
        369,
        290,
        230,
        219,
        74,
        269,
        385,
        98,
        103,
        110,
        370,
        146,
        65,
        256,
        107,
        353,
        298,
        359,
        91,
        156,
        338,
        274,
        400
      ],
      "score": 61.0,
      "length": 2542.488590424861
    }
  ],
  "dataset": "dang",
  "instance_name": "rd400_gen1_m3.txt",
  "run_seed": 73008,
  "run_index": 1
}