{
  "instance": {
    "num_nodes": 401,
    "team_size": 4,
    "max_route_distance": 1910.25,
    "start_depot": 0,
    "end_depot": 400
  },
  "objective": {
    "total_score": 9886.0
  },
  "performance": {
    "cpu_time_seconds": 15.164829100016505,
    "iterations": 20,
    "iterations_to_convergence": 20,
    "last_improvement_iteration": 20,
    "stagnation_iterations": 0,
    "accepted_worse_moves": 0,
    "restarts_performed": 1,
    "num_lp_solves": null,
    "num_labels_generated": null
  },
  "routes": [
    {
      "route_index": 1,
      "nodes": [
        0,
        200,
        294,
        201,
        281,
        267,
        316,
        163,
        172,
        12,
        18,
        383,
        297,
        41,
        390,
        195,
        106,
        159,
        63,
        6,
        340,
        68,
        75,
        396,
        275,
        319,
        67,
        252,
        47,
        123,
        141,
        61,
        328,
        253,
        344,
        59,
        208,
        121,
        1,
        138,
        384,
        91,
        357,
        202,
        400
      ],
      "score": 2419.0,
      "length": 1910.0765888984154
    },
    {
      "route_index": 2,
      "nodes": [
        0,
        3,
        168,
        44,
        160,
        248,
        132,
        238,
        37,
        43,
        127,
        334,
        148,
        192,
        337,
        398,
        364,
        393,
        49,
        82,
        318,
        209,
        258,
        228,
        174,
        144,
        180,
        348,
        89,
        231,
        164,
        50,
        237,
        308,
        177,
        213,
        284,
        38,
        303,
        8,
        400
      ],
      "score": 2063.0,
      "length": 1901.4927984560982
    },
    {
      "route_index": 3,
      "nodes": [
        0,
        274,
        156,
        338,
        299,
        250,
        310,
        129,
        306,
        157,
        343,
        326,
        292,
        109,
        147,
        298,
        359,
        353,
        102,
        95,
        178,
        226,
        214,
        19,
        165,
        367,
        273,
        325,
        81,
        269,
        385,
        98,
        369,
        247,
        354,
        104,
        309,
        333,
        302,
        263,
        108,
        167,
        39,
        245,
        351,
        289,
        400
      ],
      "score": 2518.0,
      "length": 1904.9532780157667
    },
    {
      "route_index": 4,
      "nodes": [
        0,
        55,
        272,
        136,
        114,
        221,
        246,
        119,
        128,
        335,
        215,
        116,
        185,
        16,
        66,
        204,
        233,
        394,
        198,
        76,
        283,
        210,
        235,
        262,
        243,
        87,
        251,
        184,
        126,
        152,
        70,
        40,
        342,
        113,
        391,
        286,
        314,
        224,
        260,
        101,
        382,
        161,
        312,
        78,
        374,
        120,
        236,
        257,
        285,
        33,
        255,
        400
      ],
      "score": 2886.0,
      "length": 1909.994729758361
    }
  ],
  "dataset": "dang",
  "instance_name": "rd400_gen2_m4.txt",
  "run_seed": 77008,
  "run_index": 1
}