{
  "instance": {
    "num_nodes": 401,
    "team_size": 2,
    "max_route_distance": 3820.5,
    "start_depot": 0,
    "end_depot": 400
  },
  "objective": {
    "total_score": 10651.0
  },
  "performance": {
    "cpu_time_seconds": 14.910892300000341,
    "iterations": 20,
    "iterations_to_convergence": 19,
    "last_improvement_iteration": 19,
    "stagnation_iterations": 1,
    "accepted_worse_moves": 0,
    "restarts_performed": 1,
    "num_lp_solves": null,
    "num_labels_generated": null
  },
  "routes": [
    {
      "route_index": 1,
      "nodes": [
        0,
        3,
        168,
        44,
        160,
        236,
        257,
        120,
        374,
        78,
        348,
        180,
        144,
        43,
        127,
        7,
        334,
        90,
        148,
        337,
        398,
        364,
        232,
        181,
        304,
        17,
        393,
        49,
        151,
        295,
        179,
        203,
        209,
        318,
        174,
        228,
        258,
        312,
        161,
        224,
        260,
        314,
        286,
        391,
        365,
        358,
        84,
        158,
        307,
        189,
        397,
        52,
        94,
        368,
        196,
        28,
        162,
        24,
        330,
        199,
        173,
        380,
        83,
        64,
        342,
        40,
        70,
        126,
        184,
        152,
        339,
        242,
        388,
        355,
        186,
        311,
        86,
        277,
        347,
        288,
        399,
        53,
        76,
        198,
        394,
        233,
        356,
        210,
        235,
        262,
        243,
        87,
        251,
        50,
        237,
        308,
        177,
        346,
        285,
        33,
        255,
        200,
        400
      ],
      "score": 5777.0,
      "length": 3820.209659213573
    },
    {
      "route_index": 2,
      "nodes": [
        0,
        202,
        357,
        366,
        21,
        256,
        226,
        214,
        19,
        165,
        367,
        273,
        81,
        325,
        36,
        377,
        27,
        268,
        249,
        222,
        387,
        376,
        140,
        13,
        51,
        352,
        124,
        261,
        30,
        241,
        9,
        188,
        145,
        372,
        392,
        15,
        360,
        206,
        2,
        115,
        389,
        331,
        131,
        271,
        313,
        194,
        386,
        329,
        92,
        134,
        265,
        254,
        4,
        279,
        259,
        79,
        227,
        225,
        280,
        211,
        72,
        381,
        264,
        121,
        1,
        138,
        384,
        147,
        292,
        343,
        326,
        112,
        141,
        61,
        328,
        253,
        361,
        362,
        99,
        10,
        244,
        223,
        58,
        31,
        22,
        123,
        47,
        252,
        205,
        122,
        46,
        67,
        319,
        395,
        100,
        349,
        250,
        310,
        129,
        157,
        306,
        156,
        338,
        272,
        55,
        400
      ],
      "score": 4874.0,
      "length": 3808.0326999053964
    }
  ],
  "dataset": "dang",
  "instance_name": "rd400_gen3_m2.txt",
  "run_seed": 85
}