{
  "instance": {
    "num_nodes": 401,
    "team_size": 2,
    "max_route_distance": 3820.5,
    "start_depot": 0,
    "end_depot": 400
  },
  "objective": {
    "total_score": 11835.0
  },
  "performance": {
    "cpu_time_seconds": 18.508673200034536,
    "iterations": 20,
    "iterations_to_convergence": 17,
    "last_improvement_iteration": 17,
    "stagnation_iterations": 3,
    "accepted_worse_moves": 2,
    "restarts_performed": 1,
    "num_lp_solves": null,
    "num_labels_generated": null
  },
  "routes": [
    {
      "route_index": 1,
      "nodes": [
        0,
        202,
        357,
        91,
        359,
        353,
        102,
        95,
        256,
        21,
        65,
        214,
        226,
        19,
        165,
        367,
        273,
        81,
        325,
        27,
        377,
        36,
        74,
        219,
        230,
        269,
        385,
        98,
        103,
        111,
        263,
        302,
        333,
        309,
        354,
        247,
        104,
        170,
        32,
        323,
        60,
        234,
        93,
        240,
        80,
        69,
        363,
        133,
        171,
        266,
        187,
        216,
        181,
        232,
        304,
        17,
        393,
        49,
        82,
        148,
        337,
        192,
        127,
        43,
        180,
        144,
        174,
        228,
        258,
        348,
        78,
        374,
        120,
        89,
        231,
        382,
        224,
        286,
        314,
        260,
        101,
        251,
        87,
        243,
        237,
        50,
        164,
        257,
        236,
        285,
        294,
        38,
        221,
        114,
        303,
        8,
        200,
        400
      ],
      "score": 5693.0,
      "length": 3814.3308383762273
    },
    {
      "route_index": 2,
      "nodes": [
        0,
        3,
        168,
        255,
        44,
        160,
        33,
        346,
        177,
        213,
        284,
        201,
        281,
        116,
        185,
        66,
        204,
        267,
        16,
        316,
        172,
        163,
        166,
        327,
        25,
        128,
        119,
        300,
        14,
        20,
        117,
        195,
        106,
        159,
        63,
        6,
        340,
        68,
        75,
        396,
        319,
        275,
        250,
        310,
        129,
        112,
        141,
        61,
        328,
        253,
        361,
        31,
        58,
        223,
        362,
        99,
        10,
        131,
        331,
        389,
        313,
        194,
        386,
        329,
        92,
        2,
        206,
        360,
        392,
        372,
        145,
        188,
        9,
        241,
        30,
        124,
        352,
        51,
        13,
        140,
        279,
        259,
        79,
        227,
        225,
        280,
        4,
        211,
        72,
        381,
        264,
        208,
        121,
        1,
        138,
        384,
        147,
        109,
        292,
        326,
        343,
        157,
        306,
        299,
        338,
        272,
        55,
        274,
        400
      ],
      "score": 6142.0,
      "length": 3819.2115595770033
    }
  ],
  "dataset": "dang",
  "instance_name": "rd400_gen2_m2.txt",
  "run_seed": 75007,
  "run_index": 0
}