{
  "instance": {
    "num_nodes": 401,
    "team_size": 3,
    "max_route_distance": 2547.0,
    "start_depot": 0,
    "end_depot": 400
  },
  "objective": {
    "total_score": 10546.0
  },
  "performance": {
    "cpu_time_seconds": 12.54265530000066,
    "iterations": 20,
    "iterations_to_convergence": 20,
    "last_improvement_iteration": 20,
    "stagnation_iterations": 0,
    "accepted_worse_moves": 0,
    "restarts_performed": 1,
    "num_lp_solves": null,
    "num_labels_generated": null
  },
  "routes": [
    {
      "route_index": 1,
      "nodes": [
        0,
        202,
        357,
        91,
        138,
        1,
        121,
        208,
        264,
        381,
        72,
        211,
        280,
        4,
        254,
        265,
        372,
        392,
        145,
        188,
        9,
        241,
        30,
        124,
        352,
        51,
        13,
        140,
        279,
        259,
        79,
        227,
        225,
        336,
        249,
        268,
        27,
        377,
        36,
        325,
        105,
        273,
        367,
        165,
        370,
        110,
        385,
        98,
        103,
        111,
        245,
        132,
        248,
        236,
        257,
        285,
        33,
        160,
        44,
        255,
        200,
        400
      ],
      "score": 3375.0,
      "length": 2538.980558234613
    },
    {
      "route_index": 2,
      "nodes": [
        0,
        8,
        303,
        114,
        221,
        246,
        119,
        128,
        25,
        327,
        166,
        163,
        172,
        316,
        267,
        16,
        185,
        116,
        335,
        215,
        284,
        213,
        177,
        308,
        237,
        50,
        243,
        87,
        251,
        101,
        382,
        231,
        89,
        120,
        374,
        78,
        348,
        228,
        174,
        144,
        180,
        43,
        127,
        334,
        90,
        148,
        192,
        54,
        167,
        39,
        108,
        263,
        302,
        333,
        309,
        369,
        290,
        230,
        219,
        74,
        269,
        81,
        19,
        226,
        214,
        21,
        366,
        400
      ],
      "score": 3738.0,
      "length": 2543.3998862996687
    },
    {
      "route_index": 3,
      "nodes": [
        0,
        3,
        289,
        146,
        65,
        256,
        95,
        102,
        353,
        359,
        298,
        384,
        147,
        59,
        344,
        253,
        362,
        223,
        58,
        31,
        361,
        61,
        328,
        292,
        109,
        343,
        326,
        157,
        306,
        129,
        310,
        250,
        275,
        396,
        75,
        319,
        67,
        252,
        123,
        47,
        205,
        34,
        270,
        183,
        35,
        153,
        278,
        118,
        212,
        341,
        48,
        57,
        5,
        150,
        159,
        63,
        106,
        195,
        117,
        20,
        14,
        136,
        55,
        272,
        274,
        400
      ],
      "score": 3433.0,
      "length": 2543.970963696316
    }
  ],
  "dataset": "dang",
  "instance_name": "rd400_gen2_m3.txt",
  "run_seed": 83
}