{
  "instance": {
    "num_nodes": 401,
    "team_size": 4,
    "max_route_distance": 1910.25,
    "start_depot": 0,
    "end_depot": 400
  },
  "objective": {
    "total_score": 192.0
  },
  "performance": {
    "cpu_time_seconds": 15.17779350001365,
    "iterations": 20,
    "iterations_to_convergence": 20,
    "last_improvement_iteration": 20,
    "stagnation_iterations": 0,
    "accepted_worse_moves": 2,
    "restarts_performed": 1,
    "num_lp_solves": null,
    "num_labels_generated": null
  },
  "routes": [
    {
      "route_index": 1,
      "nodes": [
        0,
        3,
        132,
        248,
        43,
        127,
        192,
        337,
        148,
        90,
        334,
        7,
        144,
        180,
        174,
        228,
        258,
        348,
        312,
        161,
        224,
        260,
        314,
        286,
        391,
        113,
        342,
        40,
        70,
        339,
        152,
        126,
        184,
        251,
        87,
        243,
        50,
        164,
        237,
        308,
        177,
        346,
        285,
        33,
        255,
        200,
        400
      ],
      "score": 45.0,
      "length": 1873.170722268611
    },
    {
      "route_index": 2,
      "nodes": [
        0,
        8,
        303,
        114,
        221,
        246,
        119,
        128,
        335,
        215,
        284,
        213,
        201,
        154,
        210,
        283,
        76,
        198,
        394,
        233,
        356,
        204,
        66,
        16,
        185,
        316,
        12,
        172,
        163,
        166,
        327,
        25,
        300,
        14,
        20,
        117,
        315,
        340,
        68,
        75,
        319,
        67,
        395,
        100,
        349,
        112,
        310,
        306,
        299,
        156,
        338,
        272,
        55,
        274,
        400
      ],
      "score": 53.0,
      "length": 1882.9586673687973
    },
    {
      "route_index": 3,
      "nodes": [
        0,
        289,
        146,
        370,
        367,
        273,
        19,
        56,
        178,
        95,
        102,
        353,
        359,
        298,
        384,
        138,
        1,
        121,
        264,
        381,
        72,
        211,
        329,
        386,
        194,
        313,
        389,
        331,
        131,
        10,
        99,
        362,
        244,
        223,
        58,
        31,
        361,
        253,
        328,
        61,
        326,
        343,
        157,
        129,
        250,
        275,
        396,
        136,
        400
      ],
      "score": 47.0,
      "length": 1904.9112744170995
    },
    {
      "route_index": 4,
      "nodes": [
        0,
        168,
        44,
        160,
        236,
        257,
        120,
        374,
        37,
        238,
        54,
        167,
        39,
        245,
        108,
        263,
        333,
        309,
        354,
        247,
        317,
        169,
        217,
        26,
        125,
        375,
        42,
        11,
        320,
        62,
        296,
        219,
        230,
        290,
        369,
        98,
        385,
        103,
        110,
        165,
        226,
        214,
        65,
        256,
        21,
        366,
        357,
        202,
        400
      ],
      "score": 47.0,
      "length": 1903.5065692505232
    }
  ],
  "dataset": "dang",
  "instance_name": "rd400_gen1_m4.txt",
  "run_seed": 74007,
  "run_index": 0
}