{
  "instance": {
    "num_nodes": 401,
    "team_size": 3,
    "max_route_distance": 2547.0,
    "start_depot": 0,
    "end_depot": 400
  },
  "objective": {
    "total_score": 201.0
  },
  "performance": {
    "cpu_time_seconds": 13.722830300000169,
    "iterations": 20,
    "iterations_to_convergence": 14,
    "last_improvement_iteration": 14,
    "stagnation_iterations": 6,
    "accepted_worse_moves": 1,
    "restarts_performed": 1,
    "num_lp_solves": null,
    "num_labels_generated": null
  },
  "routes": [
    {
      "route_index": 1,
      "nodes": [
        0,
        274,
        338,
        156,
        306,
        157,
        326,
        343,
        109,
        292,
        147,
        298,
        359,
        353,
        102,
        95,
        178,
        56,
        268,
        27,
        377,
        36,
        74,
        219,
        230,
        296,
        62,
        320,
        11,
        42,
        375,
        130,
        125,
        26,
        217,
        169,
        317,
        247,
        354,
        104,
        193,
        302,
        309,
        333,
        142,
        369,
        98,
        385,
        110,
        103,
        111,
        245,
        39,
        108,
        167,
        54,
        238,
        132,
        248,
        160,
        44,
        255,
        168,
        3,
        400
      ],
      "score": 63.0,
      "length": 2524.07302610114
    },
    {
      "route_index": 2,
      "nodes": [
        0,
        200,
        8,
        303,
        114,
        221,
        38,
        294,
        33,
        285,
        346,
        177,
        213,
        284,
        201,
        154,
        210,
        283,
        76,
        198,
        394,
        233,
        356,
        204,
        66,
        16,
        267,
        316,
        172,
        163,
        185,
        116,
        281,
        215,
        335,
        128,
        119,
        246,
        25,
        166,
        327,
        300,
        14,
        20,
        29,
        68,
        340,
        6,
        71,
        153,
        278,
        35,
        183,
        270,
        34,
        205,
        122,
        46,
        252,
        47,
        123,
        67,
        319,
        395,
        100,
        349,
        112,
        250,
        310,
        129,
        299,
        272,
        55,
        400
      ],
      "score": 72.0,
      "length": 2539.0206094764294
    },
    {
      "route_index": 3,
      "nodes": [
        0,
        289,
        146,
        65,
        21,
        366,
        256,
        226,
        214,
        19,
        165,
        367,
        273,
        81,
        325,
        105,
        249,
        336,
        376,
        51,
        352,
        13,
        140,
        279,
        259,
        79,
        227,
        225,
        280,
        381,
        72,
        211,
        4,
        254,
        265,
        134,
        92,
        329,
        386,
        194,
        313,
        389,
        115,
        331,
        131,
        10,
        99,
        362,
        244,
        223,
        58,
        31,
        361,
        253,
        61,
        328,
        344,
        59,
        208,
        264,
        121,
        1,
        138,
        384,
        91,
        357,
        202,
        400
      ],
      "score": 66.0,
      "length": 2510.403416762235
    }
  ],
  "dataset": "dang",
  "instance_name": "rd400_gen1_m3.txt",
  "run_seed": 80
}