{
  "instance": {
    "num_nodes": 401,
    "team_size": 4,
    "max_route_distance": 1910.25,
    "start_depot": 0,
    "end_depot": 400
  },
  "objective": {
    "total_score": 10089.0
  },
  "performance": {
    "cpu_time_seconds": 11.306169400000726,
    "iterations": 20,
    "iterations_to_convergence": 20,
    "last_improvement_iteration": 20,
    "stagnation_iterations": 0,
    "accepted_worse_moves": 0,
    "restarts_performed": 1,
    "num_lp_solves": null,
    "num_labels_generated": null
  },
  "routes": [
    {
      "route_index": 1,
      "nodes": [
        0,
        200,
        38,
        294,
        201,
        281,
        116,
        66,
        204,
        267,
        316,
        16,
        185,
        163,
        172,
        12,
        18,
        383,
        297,
        41,
        390,
        195,
        106,
        159,
        63,
        6,
        340,
        315,
        68,
        75,
        396,
        275,
        250,
        310,
        129,
        112,
        141,
        326,
        343,
        157,
        306,
        91,
        289,
        400
      ],
      "score": 2322.0,
      "length": 1908.703769641476
    },
    {
      "route_index": 2,
      "nodes": [
        0,
        3,
        248,
        132,
        245,
        39,
        108,
        263,
        167,
        54,
        238,
        43,
        180,
        144,
        174,
        228,
        258,
        155,
        358,
        84,
        158,
        365,
        391,
        286,
        314,
        224,
        260,
        101,
        382,
        231,
        89,
        257,
        236,
        285,
        346,
        177,
        213,
        284,
        215,
        335,
        128,
        119,
        246,
        221,
        114,
        303,
        8,
        400
      ],
      "score": 2859.0,
      "length": 1903.0241059953387
    },
    {
      "route_index": 3,
      "nodes": [
        0,
        202,
        357,
        107,
        95,
        102,
        353,
        359,
        298,
        384,
        138,
        1,
        121,
        264,
        225,
        280,
        279,
        259,
        140,
        13,
        352,
        265,
        254,
        4,
        211,
        72,
        381,
        208,
        99,
        362,
        244,
        223,
        58,
        31,
        22,
        123,
        47,
        252,
        67,
        319,
        299,
        136,
        400
      ],
      "score": 2361.0,
      "length": 1910.2006039996086
    },
    {
      "route_index": 4,
      "nodes": [
        0,
        366,
        21,
        65,
        214,
        226,
        19,
        165,
        367,
        273,
        81,
        269,
        385,
        98,
        369,
        290,
        230,
        219,
        74,
        36,
        377,
        27,
        268,
        249,
        336,
        79,
        227,
        134,
        92,
        329,
        386,
        194,
        313,
        389,
        331,
        131,
        10,
        253,
        328,
        61,
        292,
        109,
        156,
        338,
        272,
        55,
        274,
        400
      ],
      "score": 2547.0,
      "length": 1908.6835930982606
    }
  ],
  "dataset": "dang",
  "instance_name": "rd400_gen2_m4.txt",
  "run_seed": 84
}