{
  "instance": {
    "num_nodes": 401,
    "team_size": 4,
    "max_route_distance": 1910.25,
    "start_depot": 0,
    "end_depot": 400
  },
  "objective": {
    "total_score": 8412.0
  },
  "performance": {
    "cpu_time_seconds": 15.394459999981336,
    "iterations": 20,
    "iterations_to_convergence": 18,
    "last_improvement_iteration": 18,
    "stagnation_iterations": 2,
    "accepted_worse_moves": 0,
    "restarts_performed": 1,
    "num_lp_solves": null,
    "num_labels_generated": null
  },
  "routes": [
    {
      "route_index": 1,
      "nodes": [
        0,
        202,
        357,
        107,
        95,
        178,
        56,
        225,
        227,
        79,
        259,
        279,
        140,
        13,
        51,
        387,
        222,
        249,
        268,
        27,
        377,
        175,
        296,
        62,
        320,
        11,
        42,
        375,
        130,
        125,
        26,
        217,
        169,
        317,
        247,
        354,
        302,
        379,
        54,
        167,
        108,
        39,
        245,
        351,
        400
      ],
      "score": 2122.0,
      "length": 1908.4080207588245
    },
    {
      "route_index": 2,
      "nodes": [
        0,
        168,
        255,
        44,
        160,
        236,
        257,
        120,
        374,
        78,
        348,
        228,
        174,
        180,
        144,
        7,
        334,
        192,
        96,
        73,
        218,
        332,
        234,
        93,
        240,
        60,
        32,
        170,
        104,
        369,
        290,
        230,
        219,
        74,
        36,
        325,
        81,
        273,
        367,
        19,
        214,
        226,
        256,
        21,
        366,
        400
      ],
      "score": 1926.0,
      "length": 1901.3154215975062
    },
    {
      "route_index": 3,
      "nodes": [
        0,
        3,
        248,
        238,
        127,
        90,
        148,
        337,
        398,
        139,
        187,
        266,
        171,
        133,
        363,
        69,
        80,
        176,
        143,
        197,
        207,
        77,
        324,
        301,
        45,
        137,
        149,
        323,
        193,
        309,
        333,
        142,
        103,
        110,
        370,
        146,
        400
      ],
      "score": 2153.0,
      "length": 1910.0329123286213
    },
    {
      "route_index": 4,
      "nodes": [
        0,
        274,
        338,
        156,
        109,
        343,
        326,
        292,
        147,
        1,
        121,
        264,
        381,
        72,
        211,
        280,
        4,
        254,
        265,
        134,
        92,
        329,
        386,
        194,
        313,
        389,
        115,
        331,
        131,
        10,
        99,
        362,
        244,
        223,
        58,
        31,
        361,
        253,
        344,
        59,
        328,
        61,
        141,
        112,
        349,
        250,
        310,
        129,
        157,
        306,
        299,
        272,
        55,
        400
      ],
      "score": 2211.0,
      "length": 1909.6175769298272
    }
  ],
  "dataset": "dang",
  "instance_name": "rd400_gen3_m4.txt",
  "run_seed": 80008,
  "run_index": 1
}