{
  "instance": {
    "num_nodes": 401,
    "team_size": 3,
    "max_route_distance": 2547.0,
    "start_depot": 0,
    "end_depot": 400
  },
  "objective": {
    "total_score": 192.0
  },
  "performance": {
    "cpu_time_seconds": 22.267696000053547,
    "iterations": 20,
    "iterations_to_convergence": 18,
    "last_improvement_iteration": 18,
    "stagnation_iterations": 2,
    "accepted_worse_moves": 1,
    "restarts_performed": 1,
    "num_lp_solves": null,
    "num_labels_generated": null
  },
  "routes": [
    {
      "route_index": 1,
      "nodes": [
        0,
        8,
        303,
        114,
        221,
        246,
        119,
        128,
        25,
        327,
        166,
        185,
        316,
        267,
        16,
        66,
        204,
        356,
        233,
        394,
        198,
        76,
        283,
        262,
        308,
        237,
        50,
        164,
        231,
        89,
        78,
        374,
        120,
        257,
        236,
        248,
        132,
        351,
        289,
        146,
        65,
        214,
        226,
        19,
        165,
        367,
        273,
        81,
        325,
        105,
        56,
        178,
        95,
        102,
        298,
        138,
        384,
        359,
        353,
        107,
        91,
        156,
        338,
        274,
        400
      ],
      "score": 63.0,
      "length": 2525.589851766139
    },
    {
      "route_index": 2,
      "nodes": [
        0,
        200,
        38,
        294,
        335,
        215,
        281,
        116,
        163,
        172,
        12,
        18,
        383,
        297,
        41,
        390,
        300,
        14,
        20,
        117,
        195,
        106,
        159,
        63,
        6,
        46,
        122,
        205,
        34,
        123,
        47,
        252,
        67,
        319,
        395,
        100,
        349,
        112,
        141,
        61,
        328,
        59,
        344,
        253,
        361,
        31,
        58,
        223,
        244,
        362,
        10,
        99,
        208,
        121,
        1,
        147,
        109,
        292,
        326,
        343,
        157,
        306,
        129,
        310,
        250,
        275,
        299,
        272,
        55,
        400
      ],
      "score": 68.0,
      "length": 2538.899585178812
    },
    {
      "route_index": 3,
      "nodes": [
        0,
        202,
        357,
        366,
        21,
        256,
        370,
        110,
        385,
        269,
        98,
        290,
        369,
        142,
        103,
        111,
        263,
        108,
        245,
        39,
        167,
        54,
        379,
        192,
        337,
        148,
        90,
        334,
        7,
        127,
        43,
        180,
        144,
        174,
        228,
        348,
        312,
        161,
        286,
        314,
        224,
        260,
        382,
        101,
        251,
        87,
        243,
        235,
        210,
        154,
        201,
        284,
        213,
        177,
        346,
        285,
        33,
        160,
        44,
        255,
        168,
        3,
        400
      ],
      "score": 61.0,
      "length": 2496.8000625613918
    }
  ],
  "dataset": "dang",
  "instance_name": "rd400_gen1_m3.txt",
  "run_seed": 73007,
  "run_index": 0
}