{
  "instance": {
    "num_nodes": 401,
    "team_size": 4,
    "max_route_distance": 1910.25,
    "start_depot": 0,
    "end_depot": 400
  },
  "objective": {
    "total_score": 189.0
  },
  "performance": {
    "cpu_time_seconds": 11.799019000000044,
    "iterations": 20,
    "iterations_to_convergence": 8,
    "last_improvement_iteration": 8,
    "stagnation_iterations": 12,
    "accepted_worse_moves": 1,
    "restarts_performed": 1,
    "num_lp_solves": null,
    "num_labels_generated": null
  },
  "routes": [
    {
      "route_index": 1,
      "nodes": [
        0,
        200,
        38,
        294,
        215,
        116,
        185,
        16,
        316,
        267,
        66,
        204,
        356,
        210,
        233,
        394,
        198,
        283,
        76,
        53,
        399,
        288,
        347,
        277,
        86,
        311,
        186,
        242,
        339,
        40,
        342,
        70,
        152,
        126,
        184,
        251,
        87,
        243,
        50,
        237,
        308,
        177,
        346,
        285,
        257,
        236,
        248,
        132,
        3,
        400
      ],
      "score": 48.0,
      "length": 1902.7619570962204
    },
    {
      "route_index": 2,
      "nodes": [
        0,
        366,
        21,
        256,
        65,
        214,
        226,
        19,
        165,
        367,
        273,
        81,
        325,
        105,
        56,
        178,
        95,
        102,
        107,
        353,
        359,
        298,
        384,
        147,
        343,
        157,
        129,
        310,
        349,
        100,
        395,
        252,
        123,
        47,
        205,
        34,
        122,
        46,
        67,
        319,
        68,
        29,
        20,
        14,
        300,
        246,
        221,
        114,
        303,
        8,
        400
      ],
      "score": 49.0,
      "length": 1900.188254089021
    },
    {
      "route_index": 3,
      "nodes": [
        0,
        274,
        338,
        156,
        109,
        292,
        59,
        344,
        362,
        244,
        223,
        58,
        31,
        361,
        141,
        112,
        250,
        275,
        396,
        75,
        340,
        315,
        117,
        195,
        106,
        390,
        41,
        297,
        383,
        18,
        12,
        172,
        163,
        166,
        327,
        25,
        119,
        128,
        335,
        281,
        201,
        284,
        213,
        33,
        255,
        44,
        168,
        400
      ],
      "score": 46.0,
      "length": 1906.761059276458
    },
    {
      "route_index": 4,
      "nodes": [
        0,
        55,
        272,
        299,
        306,
        326,
        61,
        328,
        253,
        99,
        10,
        131,
        331,
        115,
        389,
        313,
        194,
        386,
        329,
        92,
        134,
        265,
        254,
        140,
        13,
        352,
        51,
        376,
        336,
        225,
        227,
        79,
        259,
        279,
        4,
        280,
        211,
        72,
        381,
        264,
        208,
        121,
        1,
        138,
        91,
        357,
        202,
        400
      ],
      "score": 46.0,
      "length": 1884.250022984624
    }
  ],
  "dataset": "dang",
  "instance_name": "rd400_gen1_m4.txt",
  "run_seed": 81
}