{
  "instance": {
    "num_nodes": 401,
    "team_size": 2,
    "max_route_distance": 3820.5,
    "start_depot": 0,
    "end_depot": 400
  },
  "objective": {
    "total_score": 10878.0
  },
  "performance": {
    "cpu_time_seconds": 13.169353000000228,
    "iterations": 20,
    "iterations_to_convergence": 16,
    "last_improvement_iteration": 16,
    "stagnation_iterations": 4,
    "accepted_worse_moves": 1,
    "restarts_performed": 1,
    "num_lp_solves": null,
    "num_labels_generated": null
  },
  "routes": [
    {
      "route_index": 1,
      "nodes": [
        0,
        3,
        289,
        146,
        65,
        256,
        95,
        102,
        353,
        359,
        298,
        384,
        138,
        1,
        121,
        208,
        99,
        362,
        223,
        58,
        31,
        361,
        253,
        328,
        61,
        343,
        109,
        156,
        338,
        299,
        306,
        157,
        129,
        310,
        250,
        100,
        395,
        319,
        67,
        252,
        123,
        47,
        205,
        34,
        270,
        183,
        35,
        278,
        153,
        71,
        6,
        340,
        315,
        63,
        159,
        106,
        195,
        117,
        20,
        14,
        300,
        390,
        41,
        287,
        97,
        239,
        297,
        383,
        18,
        12,
        172,
        163,
        316,
        267,
        204,
        66,
        16,
        185,
        116,
        281,
        201,
        213,
        284,
        215,
        335,
        128,
        119,
        246,
        221,
        114,
        303,
        38,
        294,
        33,
        285,
        257,
        236,
        160,
        44,
        255,
        168,
        200,
        400
      ],
      "score": 5352.0,
      "length": 3819.294514057734
    },
    {
      "route_index": 2,
      "nodes": [
        0,
        8,
        274,
        272,
        55,
        136,
        75,
        396,
        275,
        349,
        112,
        141,
        326,
        292,
        147,
        59,
        344,
        10,
        131,
        331,
        389,
        313,
        194,
        386,
        381,
        72,
        211,
        4,
        254,
        265,
        134,
        92,
        2,
        206,
        360,
        392,
        372,
        145,
        188,
        9,
        241,
        30,
        124,
        352,
        51,
        13,
        140,
        259,
        279,
        280,
        225,
        227,
        79,
        336,
        249,
        268,
        27,
        377,
        36,
        74,
        219,
        296,
        62,
        320,
        11,
        42,
        375,
        130,
        125,
        26,
        217,
        169,
        230,
        290,
        369,
        142,
        333,
        309,
        302,
        263,
        108,
        167,
        39,
        245,
        111,
        370,
        165,
        367,
        19,
        226,
        214,
        21,
        366,
        357,
        202,
        400
      ],
      "score": 5526.0,
      "length": 3813.876390513674
    }
  ],
  "dataset": "dang",
  "instance_name": "rd400_gen2_m2.txt",
  "run_seed": 82
}