{
  "instance": {
    "num_nodes": 401,
    "team_size": 2,
    "max_route_distance": 3820.5,
    "start_depot": 0,
    "end_depot": 400
  },
  "objective": {
    "total_score": 203.0
  },
  "performance": {
    "cpu_time_seconds": 12.968226500000128,
    "iterations": 20,
    "iterations_to_convergence": 20,
    "last_improvement_iteration": 20,
    "stagnation_iterations": 0,
    "accepted_worse_moves": 0,
    "restarts_performed": 1,
    "num_lp_solves": null,
    "num_labels_generated": null
  },
  "routes": [
    {
      "route_index": 1,
      "nodes": [
        0,
        200,
        8,
        303,
        38,
        294,
        33,
        285,
        346,
        177,
        308,
        262,
        235,
        210,
        154,
        201,
        213,
        284,
        281,
        166,
        327,
        25,
        300,
        14,
        20,
        390,
        41,
        106,
        195,
        117,
        315,
        68,
        75,
        340,
        6,
        46,
        122,
        34,
        205,
        47,
        123,
        252,
        67,
        395,
        100,
        319,
        396,
        275,
        250,
        310,
        129,
        349,
        112,
        141,
        361,
        31,
        58,
        223,
        244,
        362,
        10,
        99,
        59,
        344,
        253,
        328,
        61,
        326,
        343,
        157,
        306,
        299,
        338,
        156,
        109,
        292,
        147,
        1,
        121,
        138,
        384,
        298,
        359,
        353,
        107,
        102,
        95,
        178,
        56,
        19,
        273,
        367,
        165,
        226,
        214,
        65,
        256,
        21,
        366,
        91,
        357,
        202,
        400
      ],
      "score": 101.0,
      "length": 3808.048143098405
    },
    {
      "route_index": 2,
      "nodes": [
        0,
        3,
        168,
        255,
        44,
        160,
        248,
        132,
        351,
        245,
        39,
        108,
        167,
        54,
        192,
        337,
        398,
        364,
        216,
        181,
        232,
        304,
        17,
        393,
        49,
        82,
        90,
        148,
        334,
        7,
        127,
        43,
        180,
        144,
        174,
        228,
        348,
        312,
        161,
        286,
        314,
        224,
        260,
        101,
        382,
        231,
        164,
        50,
        237,
        243,
        87,
        251,
        184,
        126,
        152,
        70,
        342,
        40,
        339,
        242,
        388,
        355,
        186,
        311,
        86,
        277,
        347,
        288,
        399,
        53,
        76,
        283,
        198,
        394,
        233,
        356,
        204,
        66,
        16,
        185,
        316,
        267,
        88,
        305,
        23,
        18,
        383,
        297,
        12,
        172,
        163,
        116,
        215,
        335,
        128,
        119,
        246,
        221,
        114,
        136,
        55,
        272,
        274,
        400
      ],
      "score": 102.0,
      "length": 3791.3691753289186
    }
  ],
  "dataset": "dang",
  "instance_name": "rd400_gen1_m2.txt",
  "run_seed": 79
}