{
  "instance": {
    "num_nodes": 401,
    "team_size": 2,
    "max_route_distance": 3820.5,
    "start_depot": 0,
    "end_depot": 400
  },
  "objective": {
    "total_score": 11044.0
  },
  "performance": {
    "cpu_time_seconds": 18.764667699928395,
    "iterations": 20,
    "iterations_to_convergence": 20,
    "last_improvement_iteration": 20,
    "stagnation_iterations": 0,
    "accepted_worse_moves": 0,
    "restarts_performed": 1,
    "num_lp_solves": null,
    "num_labels_generated": null
  },
  "routes": [
    {
      "route_index": 1,
      "nodes": [
        0,
        202,
        366,
        21,
        65,
        214,
        226,
        19,
        165,
        367,
        273,
        81,
        325,
        105,
        249,
        268,
        27,
        377,
        36,
        74,
        219,
        296,
        62,
        320,
        11,
        42,
        375,
        130,
        125,
        26,
        217,
        169,
        230,
        290,
        369,
        317,
        247,
        354,
        104,
        193,
        32,
        170,
        293,
        149,
        137,
        45,
        182,
        282,
        371,
        85,
        301,
        324,
        291,
        373,
        350,
        321,
        77,
        207,
        197,
        143,
        176,
        69,
        80,
        240,
        93,
        234,
        332,
        218,
        73,
        96,
        192,
        337,
        398,
        364,
        216,
        181,
        232,
        304,
        17,
        393,
        49,
        82,
        90,
        148,
        334,
        7,
        174,
        228,
        144,
        180,
        43,
        127,
        54,
        167,
        108,
        39,
        245,
        351,
        3,
        400
      ],
      "score": 5745.0,
      "length": 3820.1410269252924
    },
    {
      "route_index": 2,
      "nodes": [
        0,
        168,
        255,
        44,
        160,
        236,
        257,
        120,
        374,
        78,
        348,
        312,
        161,
        382,
        231,
        89,
        164,
        50,
        237,
        243,
        87,
        251,
        101,
        260,
        224,
        286,
        314,
        113,
        391,
        365,
        155,
        358,
        84,
        158,
        307,
        189,
        52,
        368,
        196,
        94,
        397,
        83,
        64,
        342,
        40,
        70,
        126,
        184,
        152,
        339,
        380,
        173,
        28,
        162,
        24,
        199,
        330,
        388,
        355,
        242,
        186,
        311,
        86,
        277,
        347,
        288,
        399,
        53,
        394,
        233,
        198,
        76,
        283,
        210,
        356,
        154,
        204,
        66,
        16,
        316,
        267,
        88,
        305,
        23,
        18,
        383,
        297,
        12,
        172,
        163,
        185,
        116,
        281,
        201,
        213,
        284,
        294,
        38,
        303,
        8,
        200,
        400
      ],
      "score": 5299.0,
      "length": 3811.1107753565634
    }
  ],
  "dataset": "dang",
  "instance_name": "rd400_gen3_m2.txt",
  "run_seed": 78007,
  "run_index": 0
}