{
  "instance": {
    "num_nodes": 401,
    "team_size": 3,
    "max_route_distance": 2547.0,
    "start_depot": 0,
    "end_depot": 400
  },
  "objective": {
    "total_score": 10409.0
  },
  "performance": {
    "cpu_time_seconds": 16.07461869996041,
    "iterations": 20,
    "iterations_to_convergence": 20,
    "last_improvement_iteration": 20,
    "stagnation_iterations": 0,
    "accepted_worse_moves": 0,
    "restarts_performed": 1,
    "num_lp_solves": null,
    "num_labels_generated": null
  },
  "routes": [
    {
      "route_index": 1,
      "nodes": [
        0,
        274,
        299,
        306,
        157,
        129,
        310,
        250,
        275,
        396,
        319,
        67,
        252,
        47,
        123,
        22,
        31,
        58,
        223,
        244,
        362,
        99,
        344,
        253,
        328,
        61,
        141,
        326,
        343,
        109,
        292,
        147,
        384,
        138,
        1,
        121,
        264,
        381,
        72,
        211,
        280,
        4,
        254,
        265,
        13,
        140,
        279,
        259,
        227,
        79,
        336,
        249,
        268,
        27,
        377,
        36,
        74,
        219,
        230,
        290,
        369,
        98,
        385,
        110,
        370,
        146,
        289,
        3,
        400
      ],
      "score": 3740.0,
      "length": 2543.241452493461
    },
    {
      "route_index": 2,
      "nodes": [
        0,
        202,
        357,
        91,
        353,
        359,
        156,
        338,
        272,
        55,
        136,
        25,
        166,
        327,
        300,
        14,
        20,
        315,
        68,
        75,
        340,
        6,
        63,
        159,
        106,
        195,
        41,
        297,
        383,
        18,
        12,
        172,
        163,
        316,
        267,
        16,
        185,
        116,
        281,
        66,
        204,
        356,
        233,
        394,
        53,
        399,
        198,
        76,
        283,
        262,
        235,
        308,
        177,
        346,
        33,
        160,
        44,
        255,
        168,
        200,
        400
      ],
      "score": 3100.0,
      "length": 2538.7982683530954
    },
    {
      "route_index": 3,
      "nodes": [
        0,
        8,
        303,
        114,
        221,
        246,
        119,
        128,
        335,
        215,
        38,
        294,
        285,
        236,
        257,
        164,
        50,
        237,
        243,
        87,
        251,
        101,
        382,
        231,
        89,
        120,
        374,
        37,
        238,
        54,
        167,
        39,
        245,
        108,
        263,
        379,
        96,
        218,
        73,
        133,
        171,
        266,
        363,
        69,
        80,
        240,
        93,
        234,
        60,
        193,
        302,
        309,
        333,
        142,
        103,
        165,
        367,
        19,
        226,
        214,
        65,
        21,
        366,
        400
      ],
      "score": 3569.0,
      "length": 2540.567967035949
    }
  ],
  "dataset": "dang",
  "instance_name": "rd400_gen2_m3.txt",
  "run_seed": 76008,
  "run_index": 1
}