{
  "instance": {
    "num_nodes": 226,
    "team_size": 2,
    "max_route_distance": 31661.0,
    "start_depot": 0,
    "end_depot": 225
  },
  "objective": {
    "total_score": 4851.0
  },
  "performance": {
    "cpu_time_seconds": 2.144319500075653,
    "iterations": 20,
    "iterations_to_convergence": 20,
    "last_improvement_iteration": 20,
    "stagnation_iterations": 0,
    "accepted_worse_moves": 2,
    "restarts_performed": 1,
    "num_lp_solves": null,
    "num_labels_generated": null
  },
  "routes": [
    {
      "route_index": 1,
      "nodes": [
        0,
        125,
        126,
        131,
        132,
        133,
        30,
        31,
        32,
        33,
        34,
        159,
        56,
        57,
        58,
        59,
        60,
        61,
        62,
        63,
        64,
        65,
        162,
        161,
        160,
        38,
        37,
        36,
        138,
        137,
        136,
        135,
        14,
        13,
        12,
        11,
        10,
        9,
        8,
        7,
        6,
        5,
        4,
        3,
        2,
        1,
        225
      ],
      "score": 2431.0,
      "length": 31598.005038418523
    },
    {
      "route_index": 2,
      "nodes": [
        0,
        26,
        27,
        28,
        29,
        155,
        156,
        157,
        158,
        163,
        164,
        185,
        186,
        187,
        188,
        189,
        87,
        210,
        86,
        85,
        84,
        83,
        82,
        81,
        80,
        184,
        183,
        182,
        181,
        180,
        55,
        54,
        53,
        52,
        51,
        175,
        50,
        154,
        153,
        152,
        151,
        150,
        25,
        129,
        128,
        127,
        225
      ],
      "score": 2420.0,
      "length": 30987.842378645197
    }
  ],
  "dataset": "dang",
  "instance_name": "ts225_gen2_m2.txt",
  "run_seed": 81008,
  "run_index": 1
}