{
  "instance": {
    "num_nodes": 226,
    "team_size": 2,
    "max_route_distance": 31661.0,
    "start_depot": 0,
    "end_depot": 225
  },
  "objective": {
    "total_score": 5357.0
  },
  "performance": {
    "cpu_time_seconds": 1.678301100000681,
    "iterations": 20,
    "iterations_to_convergence": 18,
    "last_improvement_iteration": 18,
    "stagnation_iterations": 2,
    "accepted_worse_moves": 0,
    "restarts_performed": 1,
    "num_lp_solves": null,
    "num_labels_generated": null
  },
  "routes": [
    {
      "route_index": 1,
      "nodes": [
        0,
        1,
        2,
        3,
        4,
        5,
        6,
        130,
        131,
        7,
        8,
        9,
        10,
        11,
        12,
        13,
        14,
        135,
        136,
        137,
        138,
        139,
        38,
        37,
        36,
        160,
        161,
        162,
        163,
        164,
        63,
        62,
        185,
        186,
        187,
        61,
        60,
        59,
        58,
        57,
        56,
        55,
        54,
        53,
        52,
        27,
        26,
        126,
        125,
        225
      ],
      "score": 2704.0,
      "length": 31500.079963952452
    },
    {
      "route_index": 2,
      "nodes": [
        0,
        127,
        128,
        129,
        25,
        150,
        151,
        152,
        153,
        154,
        50,
        175,
        176,
        177,
        178,
        179,
        75,
        200,
        201,
        202,
        203,
        204,
        101,
        102,
        103,
        104,
        105,
        106,
        209,
        208,
        207,
        206,
        205,
        82,
        81,
        80,
        184,
        183,
        182,
        181,
        180,
        159,
        158,
        157,
        156,
        155,
        31,
        134,
        133,
        30,
        29,
        28,
        225
      ],
      "score": 2653.0,
      "length": 31593.456298559224
    }
  ],
  "dataset": "dang",
  "instance_name": "ts225_gen2_m2.txt",
  "run_seed": 88
}