{
  "instance": {
    "num_nodes": 226,
    "team_size": 2,
    "max_route_distance": 31661.0,
    "start_depot": 0,
    "end_depot": 225
  },
  "objective": {
    "total_score": 5213.0
  },
  "performance": {
    "cpu_time_seconds": 2.629238700028509,
    "iterations": 20,
    "iterations_to_convergence": 8,
    "last_improvement_iteration": 8,
    "stagnation_iterations": 12,
    "accepted_worse_moves": 2,
    "restarts_performed": 1,
    "num_lp_solves": null,
    "num_labels_generated": null
  },
  "routes": [
    {
      "route_index": 1,
      "nodes": [
        0,
        1,
        2,
        3,
        4,
        5,
        6,
        7,
        8,
        9,
        10,
        11,
        138,
        137,
        136,
        135,
        13,
        14,
        15,
        16,
        17,
        18,
        19,
        20,
        21,
        140,
        141,
        142,
        143,
        144,
        43,
        165,
        42,
        41,
        40,
        39,
        38,
        160,
        37,
        36,
        35,
        34,
        33,
        32,
        155,
        31,
        134,
        133,
        132,
        131,
        130,
        225
      ],
      "score": 2786.0,
      "length": 31512.50003278832
    },
    {
      "route_index": 2,
      "nodes": [
        0,
        125,
        126,
        127,
        128,
        129,
        25,
        150,
        151,
        152,
        153,
        154,
        50,
        175,
        176,
        177,
        178,
        179,
        75,
        76,
        77,
        78,
        79,
        80,
        205,
        82,
        81,
        184,
        183,
        182,
        181,
        180,
        56,
        57,
        58,
        59,
        60,
        157,
        158,
        159,
        55,
        54,
        53,
        52,
        28,
        27,
        26,
        225
      ],
      "score": 2427.0,
      "length": 31204.082873857864
    }
  ],
  "dataset": "dang",
  "instance_name": "ts225_gen2_m2.txt",
  "run_seed": 81007,
  "run_index": 0
}