{
  "instance": {
    "num_nodes": 201,
    "team_size": 3,
    "max_route_distance": 191.0,
    "start_depot": 0,
    "end_depot": 200
  },
  "objective": {
    "total_score": 766.0
  },
  "performance": {
    "cpu_time_seconds": 18.29110559995752,
    "iterations": 12,
    "iterations_to_convergence": 12,
    "last_improvement_iteration": 12,
    "stagnation_iterations": 0,
    "accepted_worse_moves": 0,
    "restarts_performed": 0,
    "num_lp_solves": 12,
    "num_labels_generated": 8329068,
    "columns_generated": 1775,
    "columns_in_pool": 1775,
    "fractional_columns_at_root": 7
  },
  "routes": [
    {
      "route_index": 1,
      "nodes": [
        0,
        23,
        39,
        200
      ],
      "score": 60.0,
      "length": 78.62841352460858
    },
    {
      "route_index": 2,
      "nodes": [
        0,
        112,
        13,
        95,
        151,
        98,
        100,
        193,
        85,
        93,
        59,
        99,
        104,
        96,
        94,
        183,
        147,
        89,
        156,
        200
      ],
      "score": 368.0,
      "length": 64.2685160882066
    },
    {
      "route_index": 3,
      "nodes": [
        0,
        28,
        111,
        138,
        154,
        12,
        184,
        196,
        68,
        80,
        150,
        177,
        109,
        26,
        195,
        149,
        180,
        105,
        53,
        200
      ],
      "score": 338.0,
      "length": 77.0112187240482
    }
  ],
  "dataset": "vansteenwegen",
  "instance_name": "cmt200c_m3.txt",
  "run_seed": 17007,
  "run_index": 0
}