{
  "instance": {
    "num_nodes": 66,
    "team_size": 3,
    "max_route_distance": 43.3,
    "start_depot": 0,
    "end_depot": 65
  },
  "objective": {
    "total_score": 1550.0
  },
  "performance": {
    "cpu_time_seconds": 6.154295099899173,
    "iterations": 12,
    "iterations_to_convergence": 12,
    "last_improvement_iteration": 12,
    "stagnation_iterations": 0,
    "accepted_worse_moves": 0,
    "restarts_performed": 0,
    "num_lp_solves": 12,
    "num_labels_generated": 2268486,
    "columns_generated": 1692,
    "columns_in_pool": 1692,
    "fractional_columns_at_root": 0
  },
  "routes": [
    {
      "route_index": 1,
      "nodes": [
        0,
        21,
        13,
        14,
        15,
        16,
        8,
        7,
        6,
        5,
        4,
        3,
        2,
        1,
        9,
        10,
        11,
        12,
        20,
        65
      ],
      "score": 530.0,
      "length": 40.33263734820751
    },
    {
      "route_index": 2,
      "nodes": [
        0,
        45,
        46,
        54,
        55,
        47,
        39,
        31,
        23,
        24,
        32,
        40,
        48,
        56,
        64,
        63,
        62,
        61,
        52,
        65
      ],
      "score": 520.0,
      "length": 43.078254298032896
    },
    {
      "route_index": 3,
      "nodes": [
        0,
        36,
        35,
        43,
        51,
        50,
        42,
        34,
        26,
        18,
        17,
        25,
        33,
        41,
        49,
        57,
        58,
        59,
        60,
        65
      ],
      "score": 500.0,
      "length": 42.379248856714945
    }
  ],
  "dataset": "chao",
  "instance_name": "p5.3.z.txt",
  "run_seed": 111007,
  "run_index": 0
}