{
  "instance": {
    "num_nodes": 66,
    "team_size": 3,
    "max_route_distance": 40.0,
    "start_depot": 0,
    "end_depot": 65
  },
  "objective": {
    "total_score": 1500.0
  },
  "performance": {
    "cpu_time_seconds": 5.561584800016135,
    "iterations": 11,
    "iterations_to_convergence": 11,
    "last_improvement_iteration": 11,
    "stagnation_iterations": 0,
    "accepted_worse_moves": 0,
    "restarts_performed": 0,
    "num_lp_solves": 11,
    "num_labels_generated": 2111736,
    "columns_generated": 1683,
    "columns_in_pool": 1683,
    "fractional_columns_at_root": 0
  },
  "routes": [
    {
      "route_index": 1,
      "nodes": [
        0,
        36,
        44,
        51,
        50,
        42,
        41,
        49,
        57,
        58,
        59,
        60,
        61,
        62,
        63,
        55,
        54,
        53,
        45,
        65
      ],
      "score": 500.0,
      "length": 39.32378516604544
    },
    {
      "route_index": 2,
      "nodes": [
        0,
        30,
        31,
        23,
        15,
        14,
        6,
        7,
        8,
        16,
        24,
        32,
        40,
        48,
        56,
        47,
        39,
        38,
        37,
        65
      ],
      "score": 500.0,
      "length": 38.9878423786452
    },
    {
      "route_index": 3,
      "nodes": [
        0,
        21,
        13,
        5,
        4,
        3,
        2,
        1,
        9,
        17,
        25,
        33,
        26,
        18,
        10,
        11,
        12,
        20,
        28,
        65
      ],
      "score": 500.0,
      "length": 39.32378516604544
    }
  ],
  "dataset": "chao",
  "instance_name": "p5.3.x.txt",
  "run_seed": 109007,
  "run_index": 0
}