{
  "instance": {
    "num_nodes": 66,
    "team_size": 4,
    "max_route_distance": 26.2,
    "start_depot": 0,
    "end_depot": 65
  },
  "objective": {
    "total_score": 1110.0
  },
  "performance": {
    "cpu_time_seconds": 5.10866570007056,
    "iterations": 11,
    "iterations_to_convergence": 11,
    "last_improvement_iteration": 11,
    "stagnation_iterations": 0,
    "accepted_worse_moves": 0,
    "restarts_performed": 0,
    "num_lp_solves": 11,
    "num_labels_generated": 1023340,
    "columns_generated": 1551,
    "columns_in_pool": 1551,
    "fractional_columns_at_root": 0
  },
  "routes": [
    {
      "route_index": 1,
      "nodes": [
        0,
        21,
        13,
        6,
        5,
        4,
        3,
        2,
        10,
        11,
        20,
        65
      ],
      "score": 280.0,
      "length": 25.989491597699892
    },
    {
      "route_index": 2,
      "nodes": [
        0,
        29,
        30,
        31,
        32,
        40,
        48,
        56,
        55,
        47,
        39,
        38,
        37,
        65
      ],
      "score": 280.0,
      "length": 24.23606797749979
    },
    {
      "route_index": 3,
      "nodes": [
        0,
        28,
        27,
        26,
        25,
        33,
        41,
        49,
        50,
        42,
        34,
        35,
        36,
        65
      ],
      "score": 280.0,
      "length": 24.23606797749979
    },
    {
      "route_index": 4,
      "nodes": [
        0,
        45,
        53,
        54,
        62,
        61,
        60,
        59,
        51,
        52,
        44,
        65
      ],
      "score": 270.0,
      "length": 24.332637348207513
    }
  ],
  "dataset": "chao",
  "instance_name": "p5.4.u.txt",
  "run_seed": 132007,
  "run_index": 0
}