{
  "instance": {
    "num_nodes": 66,
    "team_size": 4,
    "max_route_distance": 27.5,
    "start_depot": 0,
    "end_depot": 65
  },
  "objective": {
    "total_score": 1260.0
  },
  "performance": {
    "cpu_time_seconds": 5.037360099959187,
    "iterations": 11,
    "iterations_to_convergence": 11,
    "last_improvement_iteration": 11,
    "stagnation_iterations": 0,
    "accepted_worse_moves": 0,
    "restarts_performed": 0,
    "num_lp_solves": 11,
    "num_labels_generated": 1106781,
    "columns_generated": 1582,
    "columns_in_pool": 1582,
    "fractional_columns_at_root": 0
  },
  "routes": [
    {
      "route_index": 1,
      "nodes": [
        0,
        21,
        13,
        5,
        4,
        3,
        2,
        1,
        9,
        10,
        11,
        20,
        28,
        65
      ],
      "score": 320.0,
      "length": 27.323785166045436
    },
    {
      "route_index": 2,
      "nodes": [
        0,
        37,
        45,
        54,
        55,
        56,
        64,
        63,
        62,
        61,
        60,
        52,
        44,
        65
      ],
      "score": 320.0,
      "length": 27.323785166045436
    },
    {
      "route_index": 3,
      "nodes": [
        0,
        27,
        26,
        17,
        25,
        33,
        41,
        49,
        50,
        42,
        34,
        35,
        36,
        65
      ],
      "score": 310.0,
      "length": 26.987842378645194
    },
    {
      "route_index": 4,
      "nodes": [
        0,
        29,
        30,
        31,
        23,
        16,
        24,
        32,
        40,
        48,
        47,
        39,
        38,
        65
      ],
      "score": 310.0,
      "length": 26.987842378645194
    }
  ],
  "dataset": "chao",
  "instance_name": "p5.4.v.txt",
  "run_seed": 133007,
  "run_index": 0
}