{
  "instance": {
    "num_nodes": 66,
    "team_size": 4,
    "max_route_distance": 25.0,
    "start_depot": 0,
    "end_depot": 65
  },
  "objective": {
    "total_score": 1100.0
  },
  "performance": {
    "cpu_time_seconds": 5.61948910006322,
    "iterations": 12,
    "iterations_to_convergence": 12,
    "last_improvement_iteration": 12,
    "stagnation_iterations": 0,
    "accepted_worse_moves": 0,
    "restarts_performed": 0,
    "num_lp_solves": 12,
    "num_labels_generated": 969674,
    "columns_generated": 1508,
    "columns_in_pool": 1508,
    "fractional_columns_at_root": 0
  },
  "routes": [
    {
      "route_index": 1,
      "nodes": [
        0,
        45,
        53,
        54,
        55,
        63,
        62,
        61,
        60,
        52,
        44,
        65
      ],
      "score": 270.0,
      "length": 24.332637348207513
    },
    {
      "route_index": 2,
      "nodes": [
        0,
        29,
        30,
        31,
        23,
        24,
        32,
        40,
        48,
        47,
        39,
        38,
        37,
        65
      ],
      "score": 280.0,
      "length": 24.23606797749979
    },
    {
      "route_index": 3,
      "nodes": [
        0,
        28,
        27,
        26,
        18,
        17,
        25,
        33,
        41,
        42,
        34,
        35,
        36,
        65
      ],
      "score": 280.0,
      "length": 24.23606797749979
    },
    {
      "route_index": 4,
      "nodes": [
        0,
        21,
        13,
        14,
        15,
        7,
        6,
        5,
        4,
        12,
        20,
        65
      ],
      "score": 270.0,
      "length": 24.332637348207513
    }
  ],
  "dataset": "chao",
  "instance_name": "p5.4.t.txt",
  "run_seed": 131007,
  "run_index": 0
}