{
  "instance": {
    "num_nodes": 66,
    "team_size": 4,
    "max_route_distance": 30.0,
    "start_depot": 0,
    "end_depot": 65
  },
  "objective": {
    "total_score": 1380.0
  },
  "performance": {
    "cpu_time_seconds": 5.313870400073938,
    "iterations": 11,
    "iterations_to_convergence": 11,
    "last_improvement_iteration": 11,
    "stagnation_iterations": 0,
    "accepted_worse_moves": 0,
    "restarts_performed": 0,
    "num_lp_solves": 11,
    "num_labels_generated": 1249674,
    "columns_generated": 1650,
    "columns_in_pool": 1650,
    "fractional_columns_at_root": 0
  },
  "routes": [
    {
      "route_index": 1,
      "nodes": [
        0,
        29,
        30,
        31,
        23,
        15,
        7,
        8,
        16,
        24,
        32,
        40,
        39,
        38,
        37,
        65
      ],
      "score": 350.0,
      "length": 28.23606797749979
    },
    {
      "route_index": 2,
      "nodes": [
        0,
        28,
        27,
        26,
        25,
        33,
        41,
        49,
        57,
        58,
        50,
        42,
        34,
        35,
        36,
        65
      ],
      "score": 350.0,
      "length": 28.23606797749979
    },
    {
      "route_index": 3,
      "nodes": [
        0,
        45,
        53,
        54,
        55,
        56,
        64,
        63,
        62,
        61,
        60,
        52,
        44,
        65
      ],
      "score": 340.0,
      "length": 28.332637348207513
    },
    {
      "route_index": 4,
      "nodes": [
        0,
        21,
        14,
        6,
        5,
        4,
        3,
        2,
        9,
        10,
        11,
        12,
        20,
        65
      ],
      "score": 340.0,
      "length": 29.989491597699892
    }
  ],
  "dataset": "chao",
  "instance_name": "p5.4.x.txt",
  "run_seed": 135007,
  "run_index": 0
}