{
  "instance": {
    "num_nodes": 66,
    "team_size": 4,
    "max_route_distance": 32.5,
    "start_depot": 0,
    "end_depot": 65
  },
  "objective": {
    "total_score": 1620.0
  },
  "performance": {
    "cpu_time_seconds": 5.323927199933678,
    "iterations": 10,
    "iterations_to_convergence": 10,
    "last_improvement_iteration": 10,
    "stagnation_iterations": 0,
    "accepted_worse_moves": 0,
    "restarts_performed": 0,
    "num_lp_solves": 10,
    "num_labels_generated": 1430378,
    "columns_generated": 1668,
    "columns_in_pool": 1668,
    "fractional_columns_at_root": 0
  },
  "routes": [
    {
      "route_index": 1,
      "nodes": [
        0,
        29,
        30,
        31,
        23,
        24,
        32,
        40,
        48,
        56,
        64,
        63,
        55,
        47,
        39,
        38,
        37,
        65
      ],
      "score": 410.0,
      "length": 32.236067977499786
    },
    {
      "route_index": 2,
      "nodes": [
        0,
        28,
        27,
        26,
        18,
        10,
        2,
        1,
        9,
        17,
        25,
        33,
        41,
        42,
        34,
        35,
        36,
        65
      ],
      "score": 410.0,
      "length": 32.236067977499786
    },
    {
      "route_index": 3,
      "nodes": [
        0,
        44,
        52,
        51,
        50,
        49,
        57,
        58,
        59,
        60,
        61,
        62,
        54,
        53,
        45,
        65
      ],
      "score": 400.0,
      "length": 32.33263734820751
    },
    {
      "route_index": 4,
      "nodes": [
        0,
        20,
        12,
        11,
        3,
        4,
        5,
        6,
        7,
        8,
        16,
        15,
        14,
        13,
        21,
        65
      ],
      "score": 400.0,
      "length": 32.33263734820751
    }
  ],
  "dataset": "chao",
  "instance_name": "p5.4.z.txt",
  "run_seed": 137007,
  "run_index": 0
}