{
  "instance": {
    "num_nodes": 100,
    "team_size": 2,
    "max_route_distance": 85.0,
    "start_depot": 0,
    "end_depot": 99
  },
  "objective": {
    "total_score": 1073.0
  },
  "performance": {
    "cpu_time_seconds": 0.4123933999799192,
    "iterations": 20,
    "iterations_to_convergence": 18,
    "last_improvement_iteration": 18,
    "stagnation_iterations": 2,
    "accepted_worse_moves": 0,
    "restarts_performed": 1,
    "num_lp_solves": null,
    "num_labels_generated": null
  },
  "routes": [
    {
      "route_index": 1,
      "nodes": [
        0,
        30,
        57,
        73,
        16,
        54,
        58,
        40,
        64,
        66,
        96,
        41,
        50,
        3,
        86,
        92,
        18,
        94,
        87,
        84,
        63,
        70,
        60,
        21,
        35,
        44,
        49,
        89,
        76,
        82,
        99
      ],
      "score": 426.0,
      "length": 84.95693854912834
    },
    {
      "route_index": 2,
      "nodes": [
        0,
        23,
        7,
        14,
        67,
        9,
        79,
        81,
        29,
        42,
        53,
        72,
        77,
        27,
        83,
        95,
        51,
        59,
        28,
        38,
        20,
        26,
        32,
        10,
        69,
        80,
        22,
        88,
        71,
        12,
        75,
        90,
        15,
        17,
        48,
        19,
        31,
        8,
        45,
        74,
        78,
        24,
        99
      ],
      "score": 647.0,
      "length": 84.74376804059152
    }
  ],
  "dataset": "chao",
  "instance_name": "p4.2.m.txt",
  "run_seed": 12007,
  "run_index": 0
}