{
  "instance": {
    "num_nodes": 100,
    "team_size": 2,
    "max_route_distance": 85.0,
    "start_depot": 0,
    "end_depot": 99
  },
  "objective": {
    "total_score": 1035.0
  },
  "performance": {
    "cpu_time_seconds": 0.3386196999999811,
    "iterations": 20,
    "iterations_to_convergence": 12,
    "last_improvement_iteration": 12,
    "stagnation_iterations": 8,
    "accepted_worse_moves": 0,
    "restarts_performed": 1,
    "num_lp_solves": null,
    "num_labels_generated": null
  },
  "routes": [
    {
      "route_index": 1,
      "nodes": [
        0,
        23,
        30,
        73,
        57,
        9,
        79,
        81,
        29,
        42,
        53,
        72,
        77,
        27,
        83,
        95,
        51,
        59,
        28,
        38,
        20,
        26,
        32,
        10,
        69,
        80,
        22,
        88,
        71,
        12,
        75,
        90,
        15,
        17,
        48,
        39,
        62,
        55,
        82,
        99
      ],
      "score": 533.0,
      "length": 84.88025651258133
    },
    {
      "route_index": 2,
      "nodes": [
        0,
        96,
        41,
        50,
        3,
        86,
        92,
        94,
        18,
        11,
        63,
        84,
        87,
        43,
        34,
        7,
        14,
        67,
        52,
        97,
        76,
        49,
        89,
        24,
        78,
        36,
        8,
        31,
        19,
        45,
        74,
        99
      ],
      "score": 502.0,
      "length": 84.83609052817555
    }
  ],
  "dataset": "chao",
  "instance_name": "p4.2.m.txt",
  "run_seed": 19
}