{
  "instance": {
    "num_nodes": 100,
    "team_size": 2,
    "max_route_distance": 90.0,
    "start_depot": 0,
    "end_depot": 99
  },
  "objective": {
    "total_score": 1103.0
  },
  "performance": {
    "cpu_time_seconds": 0.40539650002028793,
    "iterations": 20,
    "iterations_to_convergence": 18,
    "last_improvement_iteration": 18,
    "stagnation_iterations": 2,
    "accepted_worse_moves": 0,
    "restarts_performed": 1,
    "num_lp_solves": null,
    "num_labels_generated": null
  },
  "routes": [
    {
      "route_index": 1,
      "nodes": [
        0,
        14,
        67,
        9,
        79,
        81,
        29,
        42,
        53,
        72,
        77,
        27,
        83,
        95,
        51,
        59,
        28,
        38,
        20,
        26,
        32,
        10,
        69,
        80,
        22,
        88,
        71,
        12,
        75,
        90,
        15,
        17,
        39,
        62,
        55,
        45,
        19,
        31,
        8,
        68,
        36,
        74,
        78,
        24,
        99
      ],
      "score": 638.0,
      "length": 89.17418828526523
    },
    {
      "route_index": 2,
      "nodes": [
        0,
        96,
        41,
        66,
        64,
        40,
        58,
        54,
        16,
        73,
        30,
        57,
        34,
        43,
        7,
        23,
        47,
        50,
        3,
        86,
        92,
        94,
        18,
        11,
        63,
        84,
        60,
        98,
        6,
        76,
        49,
        89,
        82,
        99
      ],
      "score": 465.0,
      "length": 89.87036941922536
    }
  ],
  "dataset": "chao",
  "instance_name": "p4.2.n.txt",
  "run_seed": 13008,
  "run_index": 1
}