{
  "instance": {
    "num_nodes": 100,
    "team_size": 2,
    "max_route_distance": 115.0,
    "start_depot": 0,
    "end_depot": 99
  },
  "objective": {
    "total_score": 1278.0
  },
  "performance": {
    "cpu_time_seconds": 0.40519880000010744,
    "iterations": 20,
    "iterations_to_convergence": 9,
    "last_improvement_iteration": 9,
    "stagnation_iterations": 11,
    "accepted_worse_moves": 2,
    "restarts_performed": 1,
    "num_lp_solves": null,
    "num_labels_generated": null
  },
  "routes": [
    {
      "route_index": 1,
      "nodes": [
        0,
        23,
        7,
        14,
        67,
        9,
        79,
        81,
        29,
        42,
        53,
        72,
        77,
        27,
        83,
        95,
        51,
        59,
        10,
        69,
        80,
        22,
        88,
        32,
        26,
        20,
        38,
        28,
        61,
        37,
        91,
        25,
        46,
        5,
        13,
        1,
        90,
        15,
        75,
        12,
        17,
        48,
        39,
        62,
        55,
        45,
        19,
        31,
        8,
        36,
        74,
        78,
        99
      ],
      "score": 768.0,
      "length": 114.49409309929685
    },
    {
      "route_index": 2,
      "nodes": [
        0,
        96,
        30,
        57,
        73,
        16,
        54,
        58,
        40,
        64,
        41,
        50,
        3,
        86,
        92,
        94,
        18,
        11,
        63,
        33,
        70,
        35,
        44,
        6,
        98,
        21,
        60,
        84,
        87,
        43,
        34,
        52,
        97,
        76,
        49,
        89,
        24,
        99
      ],
      "score": 510.0,
      "length": 114.5314479211411
    }
  ],
  "dataset": "chao",
  "instance_name": "p4.2.s.txt",
  "run_seed": 25
}