{
  "instance": {
    "num_nodes": 100,
    "team_size": 2,
    "max_route_distance": 100.0,
    "start_depot": 0,
    "end_depot": 99
  },
  "objective": {
    "total_score": 1178.0
  },
  "performance": {
    "cpu_time_seconds": 0.44637879997026175,
    "iterations": 20,
    "iterations_to_convergence": 19,
    "last_improvement_iteration": 19,
    "stagnation_iterations": 1,
    "accepted_worse_moves": 1,
    "restarts_performed": 1,
    "num_lp_solves": null,
    "num_labels_generated": null
  },
  "routes": [
    {
      "route_index": 1,
      "nodes": [
        0,
        30,
        73,
        9,
        67,
        79,
        81,
        29,
        42,
        59,
        51,
        27,
        95,
        83,
        93,
        37,
        61,
        91,
        25,
        46,
        28,
        38,
        20,
        26,
        32,
        10,
        52,
        85,
        69,
        80,
        22,
        88,
        17,
        12,
        75,
        90,
        15,
        2,
        48,
        19,
        31,
        8,
        45,
        39,
        62,
        55,
        74,
        78,
        24,
        99
      ],
      "score": 651.0,
      "length": 99.90720823459378
    },
    {
      "route_index": 2,
      "nodes": [
        0,
        23,
        7,
        43,
        34,
        14,
        57,
        77,
        72,
        16,
        54,
        58,
        40,
        64,
        41,
        96,
        50,
        3,
        86,
        92,
        18,
        94,
        87,
        84,
        63,
        60,
        21,
        98,
        6,
        35,
        44,
        49,
        89,
        76,
        82,
        99
      ],
      "score": 527.0,
      "length": 99.46703148719844
    }
  ],
  "dataset": "chao",
  "instance_name": "p4.2.p.txt",
  "run_seed": 15008,
  "run_index": 1
}