{
  "instance": {
    "num_nodes": 100,
    "team_size": 2,
    "max_route_distance": 115.0,
    "start_depot": 0,
    "end_depot": 99
  },
  "objective": {
    "total_score": 1276.0
  },
  "performance": {
    "cpu_time_seconds": 0.6030084000667557,
    "iterations": 20,
    "iterations_to_convergence": 11,
    "last_improvement_iteration": 11,
    "stagnation_iterations": 9,
    "accepted_worse_moves": 1,
    "restarts_performed": 1,
    "num_lp_solves": null,
    "num_labels_generated": null
  },
  "routes": [
    {
      "route_index": 1,
      "nodes": [
        0,
        9,
        67,
        79,
        81,
        29,
        42,
        53,
        72,
        77,
        27,
        83,
        95,
        51,
        59,
        38,
        28,
        61,
        37,
        91,
        25,
        46,
        5,
        13,
        1,
        90,
        15,
        75,
        12,
        71,
        32,
        26,
        20,
        10,
        69,
        80,
        22,
        88,
        17,
        2,
        48,
        39,
        62,
        45,
        19,
        31,
        8,
        68,
        36,
        74,
        78,
        24,
        99
      ],
      "score": 709.0,
      "length": 114.11346990817918
    },
    {
      "route_index": 2,
      "nodes": [
        0,
        23,
        7,
        43,
        34,
        14,
        57,
        30,
        73,
        16,
        54,
        58,
        40,
        64,
        41,
        96,
        50,
        3,
        86,
        92,
        18,
        94,
        87,
        84,
        63,
        70,
        21,
        60,
        98,
        6,
        35,
        44,
        49,
        89,
        76,
        97,
        52,
        4,
        55,
        82,
        99
      ],
      "score": 567.0,
      "length": 114.69938403585003
    }
  ],
  "dataset": "chao",
  "instance_name": "p4.2.s.txt",
  "run_seed": 18007,
  "run_index": 0
}