{
  "instance": {
    "num_nodes": 100,
    "team_size": 2,
    "max_route_distance": 120.0,
    "start_depot": 0,
    "end_depot": 99
  },
  "objective": {
    "total_score": 1293.0
  },
  "performance": {
    "cpu_time_seconds": 0.4078669999998965,
    "iterations": 20,
    "iterations_to_convergence": 18,
    "last_improvement_iteration": 18,
    "stagnation_iterations": 2,
    "accepted_worse_moves": 1,
    "restarts_performed": 1,
    "num_lp_solves": null,
    "num_labels_generated": null
  },
  "routes": [
    {
      "route_index": 1,
      "nodes": [
        0,
        30,
        57,
        73,
        16,
        54,
        58,
        40,
        64,
        66,
        96,
        41,
        86,
        92,
        3,
        50,
        47,
        23,
        7,
        34,
        43,
        87,
        84,
        94,
        18,
        11,
        63,
        70,
        21,
        60,
        98,
        6,
        35,
        44,
        49,
        89,
        76,
        97,
        74,
        68,
        36,
        78,
        24,
        99
      ],
      "score": 581.0,
      "length": 119.62077318418943
    },
    {
      "route_index": 2,
      "nodes": [
        0,
        14,
        67,
        9,
        79,
        81,
        29,
        53,
        42,
        59,
        51,
        77,
        72,
        27,
        95,
        83,
        56,
        93,
        37,
        61,
        91,
        25,
        46,
        5,
        13,
        1,
        28,
        38,
        20,
        26,
        32,
        10,
        52,
        85,
        69,
        80,
        22,
        88,
        17,
        12,
        75,
        90,
        15,
        2,
        65,
        48,
        19,
        31,
        8,
        45,
        39,
        62,
        55,
        82,
        99
      ],
      "score": 712.0,
      "length": 119.49468032263954
    }
  ],
  "dataset": "chao",
  "instance_name": "p4.2.t.txt",
  "run_seed": 26
}