{
  "instance": {
    "num_nodes": 100,
    "team_size": 2,
    "max_route_distance": 75.0,
    "start_depot": 0,
    "end_depot": 99
  },
  "objective": {
    "total_score": 960.0
  },
  "performance": {
    "cpu_time_seconds": 0.33632159999979194,
    "iterations": 20,
    "iterations_to_convergence": 12,
    "last_improvement_iteration": 12,
    "stagnation_iterations": 8,
    "accepted_worse_moves": 1,
    "restarts_performed": 1,
    "num_lp_solves": null,
    "num_labels_generated": null
  },
  "routes": [
    {
      "route_index": 1,
      "nodes": [
        0,
        30,
        57,
        73,
        16,
        54,
        58,
        40,
        64,
        66,
        96,
        41,
        50,
        3,
        86,
        92,
        94,
        18,
        63,
        84,
        60,
        98,
        6,
        76,
        49,
        89,
        99
      ],
      "score": 396.0,
      "length": 74.32981076731656
    },
    {
      "route_index": 2,
      "nodes": [
        0,
        23,
        7,
        14,
        67,
        9,
        79,
        81,
        29,
        53,
        42,
        51,
        59,
        28,
        38,
        20,
        26,
        32,
        10,
        69,
        80,
        22,
        88,
        71,
        12,
        75,
        90,
        15,
        17,
        39,
        62,
        55,
        45,
        19,
        31,
        8,
        68,
        36,
        74,
        78,
        24,
        99
      ],
      "score": 564.0,
      "length": 74.79130580278108
    }
  ],
  "dataset": "chao",
  "instance_name": "p4.2.k.txt",
  "run_seed": 17
}