{
  "instance": {
    "num_nodes": 100,
    "team_size": 2,
    "max_route_distance": 100.0,
    "start_depot": 0,
    "end_depot": 99
  },
  "objective": {
    "total_score": 1170.0
  },
  "performance": {
    "cpu_time_seconds": 0.4424441000446677,
    "iterations": 20,
    "iterations_to_convergence": 14,
    "last_improvement_iteration": 14,
    "stagnation_iterations": 6,
    "accepted_worse_moves": 2,
    "restarts_performed": 1,
    "num_lp_solves": null,
    "num_labels_generated": null
  },
  "routes": [
    {
      "route_index": 1,
      "nodes": [
        0,
        96,
        66,
        16,
        54,
        58,
        40,
        64,
        41,
        86,
        92,
        3,
        50,
        47,
        23,
        7,
        14,
        34,
        43,
        87,
        94,
        18,
        11,
        63,
        84,
        60,
        98,
        6,
        35,
        44,
        49,
        89,
        76,
        97,
        55,
        82,
        99
      ],
      "score": 505.0,
      "length": 99.24630074652481
    },
    {
      "route_index": 2,
      "nodes": [
        0,
        30,
        73,
        57,
        9,
        67,
        79,
        81,
        29,
        42,
        53,
        72,
        77,
        27,
        83,
        95,
        51,
        59,
        28,
        38,
        20,
        26,
        32,
        10,
        52,
        85,
        69,
        80,
        22,
        88,
        17,
        12,
        75,
        90,
        15,
        2,
        48,
        39,
        62,
        45,
        19,
        31,
        8,
        36,
        74,
        78,
        24,
        99
      ],
      "score": 665.0,
      "length": 99.80797945896795
    }
  ],
  "dataset": "chao",
  "instance_name": "p4.2.p.txt",
  "run_seed": 15007,
  "run_index": 0
}