{
  "instance": {
    "num_nodes": 100,
    "team_size": 2,
    "max_route_distance": 75.0,
    "start_depot": 0,
    "end_depot": 99
  },
  "objective": {
    "total_score": 925.0
  },
  "performance": {
    "cpu_time_seconds": 0.4134719999274239,
    "iterations": 20,
    "iterations_to_convergence": 4,
    "last_improvement_iteration": 4,
    "stagnation_iterations": 16,
    "accepted_worse_moves": 3,
    "restarts_performed": 1,
    "num_lp_solves": null,
    "num_labels_generated": null
  },
  "routes": [
    {
      "route_index": 1,
      "nodes": [
        0,
        57,
        73,
        30,
        96,
        41,
        86,
        92,
        3,
        50,
        47,
        23,
        7,
        34,
        87,
        94,
        18,
        11,
        63,
        84,
        60,
        98,
        6,
        35,
        44,
        49,
        89,
        76,
        82,
        99
      ],
      "score": 387.0,
      "length": 74.73801346983475
    },
    {
      "route_index": 2,
      "nodes": [
        0,
        14,
        67,
        9,
        79,
        81,
        29,
        53,
        42,
        51,
        27,
        83,
        95,
        59,
        28,
        38,
        20,
        26,
        32,
        10,
        69,
        80,
        22,
        88,
        71,
        12,
        75,
        90,
        15,
        17,
        39,
        62,
        55,
        45,
        74,
        78,
        24,
        99
      ],
      "score": 538.0,
      "length": 74.46540055044653
    }
  ],
  "dataset": "chao",
  "instance_name": "p4.2.k.txt",
  "run_seed": 10008,
  "run_index": 1
}