{
  "instance": {
    "num_nodes": 100,
    "team_size": 2,
    "max_route_distance": 110.0,
    "start_depot": 0,
    "end_depot": 99
  },
  "objective": {
    "total_score": 1207.0
  },
  "performance": {
    "cpu_time_seconds": 0.360453399999642,
    "iterations": 20,
    "iterations_to_convergence": 20,
    "last_improvement_iteration": 20,
    "stagnation_iterations": 0,
    "accepted_worse_moves": 0,
    "restarts_performed": 1,
    "num_lp_solves": null,
    "num_labels_generated": null
  },
  "routes": [
    {
      "route_index": 1,
      "nodes": [
        0,
        14,
        67,
        9,
        79,
        81,
        29,
        42,
        53,
        57,
        30,
        73,
        72,
        77,
        27,
        83,
        95,
        51,
        59,
        37,
        91,
        61,
        28,
        38,
        20,
        26,
        32,
        10,
        52,
        85,
        69,
        80,
        22,
        88,
        17,
        12,
        75,
        90,
        15,
        2,
        65,
        48,
        19,
        31,
        8,
        68,
        36,
        45,
        74,
        78,
        24,
        99
      ],
      "score": 694.0,
      "length": 109.9570854773771
    },
    {
      "route_index": 2,
      "nodes": [
        0,
        96,
        66,
        64,
        54,
        58,
        40,
        41,
        50,
        3,
        86,
        92,
        47,
        23,
        7,
        34,
        43,
        87,
        84,
        94,
        18,
        11,
        63,
        33,
        70,
        21,
        60,
        98,
        35,
        44,
        49,
        89,
        76,
        97,
        55,
        62,
        39,
        82,
        99
      ],
      "score": 513.0,
      "length": 109.79803960627495
    }
  ],
  "dataset": "chao",
  "instance_name": "p4.2.r.txt",
  "run_seed": 24
}