{
  "instance": {
    "num_nodes": 100,
    "team_size": 2,
    "max_route_distance": 80.0,
    "start_depot": 0,
    "end_depot": 99
  },
  "objective": {
    "total_score": 996.0
  },
  "performance": {
    "cpu_time_seconds": 0.47977189999073744,
    "iterations": 20,
    "iterations_to_convergence": 20,
    "last_improvement_iteration": 20,
    "stagnation_iterations": 0,
    "accepted_worse_moves": 3,
    "restarts_performed": 1,
    "num_lp_solves": null,
    "num_labels_generated": null
  },
  "routes": [
    {
      "route_index": 1,
      "nodes": [
        0,
        96,
        41,
        50,
        3,
        86,
        92,
        18,
        94,
        87,
        84,
        63,
        60,
        98,
        6,
        35,
        44,
        49,
        89,
        76,
        97,
        55,
        45,
        48,
        19,
        31,
        8,
        68,
        36,
        78,
        24,
        99
      ],
      "score": 444.0,
      "length": 79.31222604040784
    },
    {
      "route_index": 2,
      "nodes": [
        0,
        23,
        7,
        34,
        14,
        67,
        9,
        79,
        81,
        29,
        42,
        72,
        77,
        27,
        83,
        95,
        51,
        59,
        28,
        38,
        20,
        26,
        10,
        69,
        80,
        22,
        88,
        71,
        12,
        75,
        90,
        15,
        17,
        39,
        62,
        74,
        99
      ],
      "score": 552.0,
      "length": 79.99409669059476
    }
  ],
  "dataset": "chao",
  "instance_name": "p4.2.l.txt",
  "run_seed": 11008,
  "run_index": 1
}