{
  "instance": {
    "num_nodes": 100,
    "team_size": 2,
    "max_route_distance": 80.0,
    "start_depot": 0,
    "end_depot": 99
  },
  "objective": {
    "total_score": 995.0
  },
  "performance": {
    "cpu_time_seconds": 0.29114279999976134,
    "iterations": 20,
    "iterations_to_convergence": 20,
    "last_improvement_iteration": 20,
    "stagnation_iterations": 0,
    "accepted_worse_moves": 0,
    "restarts_performed": 1,
    "num_lp_solves": null,
    "num_labels_generated": null
  },
  "routes": [
    {
      "route_index": 1,
      "nodes": [
        0,
        57,
        72,
        77,
        27,
        83,
        95,
        51,
        59,
        42,
        53,
        29,
        81,
        79,
        9,
        67,
        10,
        69,
        80,
        22,
        88,
        71,
        12,
        17,
        39,
        62,
        55,
        45,
        19,
        31,
        8,
        74,
        78,
        24,
        99
      ],
      "score": 547.0,
      "length": 79.87607050440255
    },
    {
      "route_index": 2,
      "nodes": [
        0,
        23,
        96,
        50,
        3,
        86,
        41,
        64,
        40,
        58,
        54,
        16,
        73,
        30,
        14,
        7,
        34,
        43,
        87,
        94,
        18,
        63,
        84,
        60,
        98,
        6,
        76,
        49,
        89,
        99
      ],
      "score": 448.0,
      "length": 79.82988420648508
    }
  ],
  "dataset": "chao",
  "instance_name": "p4.2.l.txt",
  "run_seed": 18
}