{
  "instance": {
    "num_nodes": 100,
    "team_size": 2,
    "max_route_distance": 115.0,
    "start_depot": 0,
    "end_depot": 99
  },
  "objective": {
    "total_score": 1248.0
  },
  "performance": {
    "cpu_time_seconds": 0.47897340008057654,
    "iterations": 20,
    "iterations_to_convergence": 7,
    "last_improvement_iteration": 7,
    "stagnation_iterations": 13,
    "accepted_worse_moves": 1,
    "restarts_performed": 1,
    "num_lp_solves": null,
    "num_labels_generated": null
  },
  "routes": [
    {
      "route_index": 1,
      "nodes": [
        0,
        47,
        50,
        3,
        86,
        92,
        94,
        18,
        11,
        63,
        84,
        87,
        14,
        67,
        9,
        79,
        81,
        29,
        42,
        53,
        72,
        77,
        27,
        83,
        95,
        51,
        59,
        38,
        20,
        26,
        32,
        80,
        69,
        22,
        88,
        71,
        12,
        75,
        15,
        17,
        4,
        97,
        76,
        49,
        89,
        82,
        99
      ],
      "score": 653.0,
      "length": 114.93218283311522
    },
    {
      "route_index": 2,
      "nodes": [
        0,
        30,
        57,
        73,
        16,
        54,
        58,
        40,
        64,
        66,
        41,
        96,
        23,
        7,
        43,
        34,
        52,
        85,
        10,
        28,
        61,
        37,
        91,
        25,
        46,
        5,
        13,
        1,
        90,
        2,
        65,
        48,
        39,
        62,
        55,
        45,
        19,
        31,
        8,
        68,
        36,
        74,
        78,
        24,
        99
      ],
      "score": 595.0,
      "length": 112.42394654116632
    }
  ],
  "dataset": "chao",
  "instance_name": "p4.2.s.txt",
  "run_seed": 18008,
  "run_index": 1
}