{
  "instance": {
    "num_nodes": 100,
    "team_size": 2,
    "max_route_distance": 105.0,
    "start_depot": 0,
    "end_depot": 99
  },
  "objective": {
    "total_score": 1206.0
  },
  "performance": {
    "cpu_time_seconds": 0.4397547000553459,
    "iterations": 20,
    "iterations_to_convergence": 17,
    "last_improvement_iteration": 17,
    "stagnation_iterations": 3,
    "accepted_worse_moves": 0,
    "restarts_performed": 1,
    "num_lp_solves": null,
    "num_labels_generated": null
  },
  "routes": [
    {
      "route_index": 1,
      "nodes": [
        0,
        30,
        73,
        16,
        64,
        40,
        58,
        54,
        72,
        77,
        57,
        81,
        29,
        53,
        42,
        59,
        51,
        27,
        83,
        95,
        37,
        61,
        91,
        25,
        28,
        38,
        20,
        26,
        32,
        80,
        69,
        22,
        88,
        17,
        12,
        75,
        90,
        15,
        2,
        48,
        19,
        31,
        8,
        45,
        74,
        78,
        24,
        99
      ],
      "score": 682.0,
      "length": 104.89646220438145
    },
    {
      "route_index": 2,
      "nodes": [
        0,
        23,
        47,
        96,
        41,
        50,
        3,
        86,
        92,
        94,
        18,
        11,
        63,
        70,
        35,
        44,
        6,
        98,
        60,
        84,
        87,
        34,
        7,
        14,
        67,
        9,
        79,
        10,
        52,
        4,
        39,
        62,
        55,
        97,
        76,
        49,
        89,
        99
      ],
      "score": 524.0,
      "length": 104.9823340623133
    }
  ],
  "dataset": "chao",
  "instance_name": "p4.2.q.txt",
  "run_seed": 16007,
  "run_index": 0
}