{
  "instance": {
    "num_nodes": 100,
    "team_size": 2,
    "max_route_distance": 80.0,
    "start_depot": 0,
    "end_depot": 99
  },
  "objective": {
    "total_score": 1009.0
  },
  "performance": {
    "cpu_time_seconds": 0.3946033000247553,
    "iterations": 20,
    "iterations_to_convergence": 4,
    "last_improvement_iteration": 4,
    "stagnation_iterations": 16,
    "accepted_worse_moves": 1,
    "restarts_performed": 1,
    "num_lp_solves": null,
    "num_labels_generated": null
  },
  "routes": [
    {
      "route_index": 1,
      "nodes": [
        0,
        30,
        73,
        57,
        77,
        72,
        54,
        58,
        40,
        64,
        66,
        96,
        41,
        50,
        3,
        86,
        92,
        94,
        18,
        63,
        84,
        60,
        98,
        6,
        76,
        49,
        89,
        99
      ],
      "score": 430.0,
      "length": 79.35490086246757
    },
    {
      "route_index": 2,
      "nodes": [
        0,
        23,
        7,
        34,
        14,
        67,
        9,
        79,
        81,
        29,
        53,
        42,
        51,
        59,
        28,
        38,
        20,
        26,
        32,
        10,
        52,
        85,
        69,
        80,
        22,
        88,
        12,
        75,
        90,
        15,
        17,
        39,
        62,
        55,
        45,
        19,
        31,
        8,
        74,
        78,
        24,
        99
      ],
      "score": 579.0,
      "length": 79.91846725665869
    }
  ],
  "dataset": "chao",
  "instance_name": "p4.2.l.txt",
  "run_seed": 11007,
  "run_index": 0
}