{
  "instance": {
    "num_nodes": 100,
    "team_size": 2,
    "max_route_distance": 105.0,
    "start_depot": 0,
    "end_depot": 99
  },
  "objective": {
    "total_score": 1217.0
  },
  "performance": {
    "cpu_time_seconds": 0.37318260000029113,
    "iterations": 20,
    "iterations_to_convergence": 19,
    "last_improvement_iteration": 19,
    "stagnation_iterations": 1,
    "accepted_worse_moves": 1,
    "restarts_performed": 1,
    "num_lp_solves": null,
    "num_labels_generated": null
  },
  "routes": [
    {
      "route_index": 1,
      "nodes": [
        0,
        14,
        67,
        9,
        57,
        81,
        79,
        29,
        42,
        53,
        72,
        77,
        27,
        83,
        95,
        51,
        59,
        28,
        38,
        20,
        26,
        32,
        10,
        69,
        80,
        22,
        88,
        25,
        46,
        5,
        13,
        1,
        90,
        15,
        75,
        12,
        17,
        39,
        62,
        45,
        19,
        31,
        8,
        74,
        78,
        24,
        99
      ],
      "score": 706.0,
      "length": 104.09844930108984
    },
    {
      "route_index": 2,
      "nodes": [
        0,
        30,
        73,
        16,
        54,
        58,
        40,
        64,
        41,
        96,
        50,
        3,
        86,
        92,
        47,
        23,
        7,
        34,
        87,
        94,
        18,
        11,
        63,
        84,
        60,
        98,
        35,
        44,
        49,
        89,
        76,
        97,
        52,
        85,
        4,
        55,
        82,
        99
      ],
      "score": 511.0,
      "length": 104.70135040595918
    }
  ],
  "dataset": "chao",
  "instance_name": "p4.2.q.txt",
  "run_seed": 23
}