{
  "instance": {
    "num_nodes": 100,
    "team_size": 2,
    "max_route_distance": 70.0,
    "start_depot": 0,
    "end_depot": 99
  },
  "objective": {
    "total_score": 882.0
  },
  "performance": {
    "cpu_time_seconds": 0.3237375999997312,
    "iterations": 20,
    "iterations_to_convergence": 10,
    "last_improvement_iteration": 10,
    "stagnation_iterations": 10,
    "accepted_worse_moves": 1,
    "restarts_performed": 1,
    "num_lp_solves": null,
    "num_labels_generated": null
  },
  "routes": [
    {
      "route_index": 1,
      "nodes": [
        0,
        30,
        57,
        73,
        96,
        41,
        50,
        3,
        86,
        92,
        18,
        94,
        87,
        84,
        63,
        60,
        98,
        6,
        44,
        49,
        89,
        76,
        97,
        55,
        82,
        99
      ],
      "score": 342.0,
      "length": 69.65058491433227
    },
    {
      "route_index": 2,
      "nodes": [
        0,
        23,
        7,
        14,
        67,
        9,
        79,
        81,
        29,
        42,
        51,
        59,
        28,
        38,
        20,
        26,
        32,
        10,
        69,
        80,
        22,
        88,
        12,
        75,
        90,
        17,
        39,
        62,
        45,
        19,
        31,
        8,
        36,
        74,
        78,
        24,
        99
      ],
      "score": 540.0,
      "length": 69.97528389176999
    }
  ],
  "dataset": "chao",
  "instance_name": "p4.2.j.txt",
  "run_seed": 16
}