{
  "instance": {
    "num_nodes": 100,
    "team_size": 2,
    "max_route_distance": 120.0,
    "start_depot": 0,
    "end_depot": 99
  },
  "objective": {
    "total_score": 1295.0
  },
  "performance": {
    "cpu_time_seconds": 0.5132883000187576,
    "iterations": 20,
    "iterations_to_convergence": 13,
    "last_improvement_iteration": 13,
    "stagnation_iterations": 7,
    "accepted_worse_moves": 1,
    "restarts_performed": 1,
    "num_lp_solves": null,
    "num_labels_generated": null
  },
  "routes": [
    {
      "route_index": 1,
      "nodes": [
        0,
        30,
        64,
        40,
        58,
        54,
        16,
        57,
        79,
        67,
        52,
        85,
        10,
        69,
        80,
        22,
        88,
        32,
        26,
        20,
        38,
        28,
        61,
        37,
        91,
        25,
        46,
        5,
        13,
        1,
        90,
        15,
        75,
        12,
        71,
        17,
        4,
        55,
        62,
        39,
        45,
        48,
        2,
        65,
        19,
        31,
        8,
        68,
        36,
        74,
        78,
        24,
        99
      ],
      "score": 658.0,
      "length": 119.87780531418412
    },
    {
      "route_index": 2,
      "nodes": [
        0,
        23,
        7,
        43,
        34,
        14,
        9,
        81,
        29,
        53,
        42,
        59,
        51,
        95,
        83,
        27,
        77,
        72,
        73,
        66,
        96,
        41,
        86,
        50,
        3,
        92,
        18,
        94,
        87,
        84,
        63,
        11,
        33,
        70,
        21,
        60,
        98,
        6,
        35,
        44,
        49,
        89,
        76,
        97,
        82,
        99
      ],
      "score": 637.0,
      "length": 119.8591870564813
    }
  ],
  "dataset": "chao",
  "instance_name": "p4.2.t.txt",
  "run_seed": 19008,
  "run_index": 1
}