{
  "instance": {
    "num_nodes": 100,
    "team_size": 2,
    "max_route_distance": 90.0,
    "start_depot": 0,
    "end_depot": 99
  },
  "objective": {
    "total_score": 1066.0
  },
  "performance": {
    "cpu_time_seconds": 0.4088056000182405,
    "iterations": 20,
    "iterations_to_convergence": 18,
    "last_improvement_iteration": 18,
    "stagnation_iterations": 2,
    "accepted_worse_moves": 1,
    "restarts_performed": 1,
    "num_lp_solves": null,
    "num_labels_generated": null
  },
  "routes": [
    {
      "route_index": 1,
      "nodes": [
        0,
        23,
        96,
        41,
        50,
        3,
        86,
        92,
        94,
        18,
        11,
        63,
        70,
        60,
        98,
        84,
        87,
        43,
        34,
        7,
        14,
        9,
        67,
        52,
        97,
        76,
        49,
        89,
        24,
        78,
        74,
        99
      ],
      "score": 487.0,
      "length": 89.85524190566571
    },
    {
      "route_index": 2,
      "nodes": [
        0,
        30,
        73,
        57,
        81,
        79,
        29,
        42,
        53,
        72,
        77,
        27,
        83,
        95,
        51,
        59,
        37,
        61,
        28,
        38,
        20,
        26,
        32,
        10,
        69,
        80,
        22,
        88,
        17,
        12,
        75,
        90,
        15,
        48,
        19,
        31,
        8,
        45,
        39,
        62,
        55,
        82,
        99
      ],
      "score": 579.0,
      "length": 89.5778755407364
    }
  ],
  "dataset": "chao",
  "instance_name": "p4.2.n.txt",
  "run_seed": 13007,
  "run_index": 0
}