{
  "instance": {
    "num_nodes": 100,
    "team_size": 3,
    "max_route_distance": 66.7,
    "start_depot": 0,
    "end_depot": 99
  },
  "objective": {
    "total_score": 1155.0
  },
  "performance": {
    "cpu_time_seconds": 0.4041989999823272,
    "iterations": 20,
    "iterations_to_convergence": 20,
    "last_improvement_iteration": 20,
    "stagnation_iterations": 0,
    "accepted_worse_moves": 0,
    "restarts_performed": 1,
    "num_lp_solves": null,
    "num_labels_generated": null
  },
  "routes": [
    {
      "route_index": 1,
      "nodes": [
        0,
        96,
        73,
        16,
        54,
        58,
        40,
        64,
        41,
        50,
        3,
        86,
        92,
        18,
        94,
        87,
        84,
        60,
        98,
        6,
        76,
        49,
        89,
        99
      ],
      "score": 351.0,
      "length": 66.36745136940321
    },
    {
      "route_index": 2,
      "nodes": [
        0,
        30,
        57,
        72,
        77,
        27,
        83,
        95,
        51,
        59,
        42,
        29,
        81,
        79,
        10,
        69,
        4,
        62,
        39,
        45,
        19,
        31,
        8,
        74,
        78,
        24,
        99
      ],
      "score": 412.0,
      "length": 66.43952410557353
    },
    {
      "route_index": 3,
      "nodes": [
        0,
        23,
        7,
        43,
        34,
        14,
        9,
        67,
        52,
        85,
        80,
        22,
        88,
        32,
        26,
        20,
        38,
        28,
        25,
        5,
        13,
        1,
        90,
        15,
        75,
        12,
        17,
        55,
        99
      ],
      "score": 392.0,
      "length": 66.46065730342218
    }
  ],
  "dataset": "chao",
  "instance_name": "p4.3.p.txt",
  "run_seed": 35007,
  "run_index": 0
}