{
  "instance": {
    "num_nodes": 100,
    "team_size": 3,
    "max_route_distance": 63.3,
    "start_depot": 0,
    "end_depot": 99
  },
  "objective": {
    "total_score": 1060.0
  },
  "performance": {
    "cpu_time_seconds": 0.3347499000001335,
    "iterations": 20,
    "iterations_to_convergence": 20,
    "last_improvement_iteration": 20,
    "stagnation_iterations": 0,
    "accepted_worse_moves": 0,
    "restarts_performed": 1,
    "num_lp_solves": null,
    "num_labels_generated": null
  },
  "routes": [
    {
      "route_index": 1,
      "nodes": [
        0,
        57,
        79,
        28,
        38,
        20,
        26,
        32,
        10,
        69,
        80,
        22,
        88,
        71,
        12,
        75,
        90,
        15,
        17,
        39,
        62,
        55,
        45,
        19,
        31,
        8,
        36,
        74,
        78,
        24,
        99
      ],
      "score": 395.0,
      "length": 62.946125560247054
    },
    {
      "route_index": 2,
      "nodes": [
        0,
        23,
        96,
        41,
        50,
        3,
        86,
        92,
        18,
        94,
        87,
        84,
        63,
        11,
        33,
        70,
        60,
        98,
        6,
        49,
        89,
        76,
        99
      ],
      "score": 317.0,
      "length": 63.11690711177655
    },
    {
      "route_index": 3,
      "nodes": [
        0,
        30,
        73,
        72,
        77,
        27,
        83,
        95,
        51,
        59,
        42,
        53,
        29,
        81,
        9,
        67,
        14,
        7,
        43,
        34,
        52,
        85,
        97,
        82,
        99
      ],
      "score": 348.0,
      "length": 63.246744111956275
    }
  ],
  "dataset": "chao",
  "instance_name": "p4.3.o.txt",
  "run_seed": 41
}