{
  "instance": {
    "num_nodes": 100,
    "team_size": 3,
    "max_route_distance": 53.3,
    "start_depot": 0,
    "end_depot": 99
  },
  "objective": {
    "total_score": 906.0
  },
  "performance": {
    "cpu_time_seconds": 0.2970664000004035,
    "iterations": 20,
    "iterations_to_convergence": 16,
    "last_improvement_iteration": 16,
    "stagnation_iterations": 4,
    "accepted_worse_moves": 1,
    "restarts_performed": 1,
    "num_lp_solves": null,
    "num_labels_generated": null
  },
  "routes": [
    {
      "route_index": 1,
      "nodes": [
        0,
        30,
        73,
        57,
        72,
        77,
        53,
        42,
        29,
        81,
        79,
        10,
        69,
        80,
        22,
        88,
        71,
        12,
        75,
        90,
        15,
        17,
        39,
        62,
        99
      ],
      "score": 313.0,
      "length": 53.16756655932311
    },
    {
      "route_index": 2,
      "nodes": [
        0,
        23,
        7,
        34,
        14,
        9,
        67,
        52,
        97,
        55,
        45,
        48,
        19,
        31,
        8,
        68,
        36,
        74,
        78,
        24,
        99
      ],
      "score": 312.0,
      "length": 52.974298442621944
    },
    {
      "route_index": 3,
      "nodes": [
        0,
        96,
        66,
        41,
        50,
        3,
        86,
        92,
        18,
        94,
        87,
        84,
        63,
        70,
        35,
        44,
        49,
        89,
        76,
        82,
        99
      ],
      "score": 281.0,
      "length": 52.835307417858786
    }
  ],
  "dataset": "chao",
  "instance_name": "p4.3.l.txt",
  "run_seed": 38
}