{
  "instance": {
    "num_nodes": 100,
    "team_size": 3,
    "max_route_distance": 80.0,
    "start_depot": 0,
    "end_depot": 99
  },
  "objective": {
    "total_score": 1271.0
  },
  "performance": {
    "cpu_time_seconds": 0.6679737999802455,
    "iterations": 20,
    "iterations_to_convergence": 17,
    "last_improvement_iteration": 17,
    "stagnation_iterations": 3,
    "accepted_worse_moves": 0,
    "restarts_performed": 1,
    "num_lp_solves": null,
    "num_labels_generated": null
  },
  "routes": [
    {
      "route_index": 1,
      "nodes": [
        0,
        30,
        73,
        57,
        72,
        77,
        27,
        83,
        95,
        59,
        20,
        32,
        80,
        69,
        22,
        88,
        17,
        12,
        71,
        1,
        75,
        90,
        15,
        2,
        65,
        48,
        19,
        31,
        8,
        68,
        36,
        78,
        24,
        99
      ],
      "score": 436.0,
      "length": 78.50969504836546
    },
    {
      "route_index": 2,
      "nodes": [
        0,
        96,
        66,
        16,
        54,
        58,
        40,
        64,
        41,
        50,
        3,
        86,
        92,
        11,
        63,
        18,
        94,
        87,
        84,
        60,
        21,
        98,
        6,
        35,
        44,
        49,
        89,
        76,
        82,
        99
      ],
      "score": 388.0,
      "length": 79.82292746512152
    },
    {
      "route_index": 3,
      "nodes": [
        0,
        47,
        23,
        7,
        34,
        14,
        67,
        9,
        79,
        81,
        29,
        53,
        42,
        51,
        37,
        61,
        91,
        25,
        46,
        5,
        13,
        28,
        38,
        26,
        10,
        52,
        97,
        55,
        62,
        39,
        45,
        74,
        99
      ],
      "score": 447.0,
      "length": 79.93553642619734
    }
  ],
  "dataset": "chao",
  "instance_name": "p4.3.t.txt",
  "run_seed": 39008,
  "run_index": 1
}