{
  "instance": {
    "num_nodes": 100,
    "team_size": 3,
    "max_route_distance": 80.0,
    "start_depot": 0,
    "end_depot": 99
  },
  "objective": {
    "total_score": 1251.0
  },
  "performance": {
    "cpu_time_seconds": 0.598632000037469,
    "iterations": 20,
    "iterations_to_convergence": 16,
    "last_improvement_iteration": 16,
    "stagnation_iterations": 4,
    "accepted_worse_moves": 2,
    "restarts_performed": 1,
    "num_lp_solves": null,
    "num_labels_generated": null
  },
  "routes": [
    {
      "route_index": 1,
      "nodes": [
        0,
        30,
        73,
        57,
        81,
        29,
        42,
        53,
        72,
        77,
        27,
        83,
        95,
        51,
        59,
        10,
        80,
        22,
        88,
        71,
        12,
        75,
        90,
        39,
        62,
        45,
        19,
        31,
        8,
        36,
        74,
        78,
        24,
        99
      ],
      "score": 500.0,
      "length": 79.63223836530871
    },
    {
      "route_index": 2,
      "nodes": [
        0,
        96,
        16,
        54,
        58,
        40,
        64,
        41,
        50,
        3,
        86,
        92,
        47,
        23,
        7,
        34,
        87,
        94,
        18,
        63,
        84,
        60,
        98,
        6,
        76,
        49,
        89,
        99
      ],
      "score": 427.0,
      "length": 79.89470897755915
    },
    {
      "route_index": 3,
      "nodes": [
        0,
        14,
        67,
        9,
        79,
        20,
        38,
        28,
        61,
        37,
        91,
        25,
        46,
        5,
        13,
        1,
        15,
        2,
        65,
        48,
        17,
        26,
        32,
        69,
        85,
        52,
        97,
        4,
        55,
        82,
        99
      ],
      "score": 324.0,
      "length": 79.12069319115558
    }
  ],
  "dataset": "chao",
  "instance_name": "p4.3.t.txt",
  "run_seed": 39007,
  "run_index": 0
}