{
  "instance": {
    "num_nodes": 100,
    "team_size": 3,
    "max_route_distance": 63.3,
    "start_depot": 0,
    "end_depot": 99
  },
  "objective": {
    "total_score": 1063.0
  },
  "performance": {
    "cpu_time_seconds": 0.3739399000769481,
    "iterations": 20,
    "iterations_to_convergence": 18,
    "last_improvement_iteration": 18,
    "stagnation_iterations": 2,
    "accepted_worse_moves": 2,
    "restarts_performed": 1,
    "num_lp_solves": null,
    "num_labels_generated": null
  },
  "routes": [
    {
      "route_index": 1,
      "nodes": [
        0,
        57,
        72,
        77,
        27,
        83,
        95,
        51,
        59,
        42,
        29,
        81,
        79,
        20,
        10,
        69,
        80,
        22,
        88,
        45,
        74,
        99
      ],
      "score": 353.0,
      "length": 63.21354994023823
    },
    {
      "route_index": 2,
      "nodes": [
        0,
        30,
        73,
        16,
        54,
        58,
        40,
        64,
        41,
        96,
        50,
        3,
        92,
        18,
        63,
        84,
        60,
        21,
        98,
        6,
        76,
        82,
        99
      ],
      "score": 338.0,
      "length": 63.2653018702047
    },
    {
      "route_index": 3,
      "nodes": [
        0,
        23,
        7,
        34,
        14,
        9,
        67,
        52,
        97,
        55,
        62,
        39,
        4,
        17,
        12,
        75,
        90,
        15,
        2,
        48,
        19,
        31,
        8,
        68,
        36,
        78,
        24,
        99
      ],
      "score": 372.0,
      "length": 63.16962799582272
    }
  ],
  "dataset": "chao",
  "instance_name": "p4.3.o.txt",
  "run_seed": 34007,
  "run_index": 0
}