{
  "instance": {
    "num_nodes": 100,
    "team_size": 3,
    "max_route_distance": 70.0,
    "start_depot": 0,
    "end_depot": 99
  },
  "objective": {
    "total_score": 1159.0
  },
  "performance": {
    "cpu_time_seconds": 0.4124739000108093,
    "iterations": 20,
    "iterations_to_convergence": 19,
    "last_improvement_iteration": 19,
    "stagnation_iterations": 1,
    "accepted_worse_moves": 0,
    "restarts_performed": 1,
    "num_lp_solves": null,
    "num_labels_generated": null
  },
  "routes": [
    {
      "route_index": 1,
      "nodes": [
        0,
        14,
        9,
        81,
        29,
        51,
        59,
        28,
        38,
        20,
        26,
        80,
        69,
        22,
        88,
        71,
        12,
        75,
        90,
        15,
        17,
        48,
        39,
        62,
        55,
        45,
        19,
        31,
        8,
        68,
        36,
        74,
        78,
        24,
        99
      ],
      "score": 447.0,
      "length": 69.27970442142077
    },
    {
      "route_index": 2,
      "nodes": [
        0,
        30,
        57,
        73,
        16,
        54,
        58,
        40,
        64,
        41,
        96,
        50,
        3,
        86,
        92,
        94,
        18,
        63,
        84,
        60,
        21,
        98,
        6,
        76,
        99
      ],
      "score": 376.0,
      "length": 69.84825066870141
    },
    {
      "route_index": 3,
      "nodes": [
        0,
        23,
        7,
        43,
        34,
        67,
        79,
        42,
        53,
        72,
        77,
        27,
        95,
        83,
        93,
        37,
        61,
        91,
        25,
        46,
        32,
        10,
        85,
        52,
        97,
        82,
        99
      ],
      "score": 336.0,
      "length": 69.91661909351014
    }
  ],
  "dataset": "chao",
  "instance_name": "p4.3.q.txt",
  "run_seed": 36007,
  "run_index": 0
}