{
  "instance": {
    "num_nodes": 100,
    "team_size": 3,
    "max_route_distance": 73.3,
    "start_depot": 0,
    "end_depot": 99
  },
  "objective": {
    "total_score": 1155.0
  },
  "performance": {
    "cpu_time_seconds": 0.43481300002895296,
    "iterations": 20,
    "iterations_to_convergence": 14,
    "last_improvement_iteration": 14,
    "stagnation_iterations": 6,
    "accepted_worse_moves": 0,
    "restarts_performed": 1,
    "num_lp_solves": null,
    "num_labels_generated": null
  },
  "routes": [
    {
      "route_index": 1,
      "nodes": [
        0,
        9,
        67,
        79,
        81,
        29,
        42,
        53,
        72,
        77,
        27,
        83,
        95,
        51,
        59,
        28,
        38,
        20,
        26,
        32,
        10,
        69,
        80,
        22,
        88,
        71,
        12,
        75,
        90,
        15,
        17,
        39,
        55,
        82,
        99
      ],
      "score": 464.0,
      "length": 73.01629929989907
    },
    {
      "route_index": 2,
      "nodes": [
        0,
        96,
        66,
        16,
        54,
        58,
        40,
        64,
        41,
        86,
        3,
        50,
        47,
        23,
        87,
        94,
        18,
        63,
        84,
        60,
        21,
        98,
        6,
        76,
        49,
        89,
        99
      ],
      "score": 371.0,
      "length": 72.3317306899749
    },
    {
      "route_index": 3,
      "nodes": [
        0,
        30,
        73,
        57,
        14,
        7,
        92,
        43,
        34,
        52,
        85,
        97,
        4,
        62,
        45,
        48,
        19,
        31,
        8,
        68,
        36,
        74,
        78,
        24,
        99
      ],
      "score": 320.0,
      "length": 72.28390961165506
    }
  ],
  "dataset": "chao",
  "instance_name": "p4.3.r.txt",
  "run_seed": 37007,
  "run_index": 0
}