{
  "instance": {
    "num_nodes": 100,
    "team_size": 3,
    "max_route_distance": 53.3,
    "start_depot": 0,
    "end_depot": 99
  },
  "objective": {
    "total_score": 868.0
  },
  "performance": {
    "cpu_time_seconds": 0.37197109998669475,
    "iterations": 20,
    "iterations_to_convergence": 16,
    "last_improvement_iteration": 16,
    "stagnation_iterations": 4,
    "accepted_worse_moves": 3,
    "restarts_performed": 1,
    "num_lp_solves": null,
    "num_labels_generated": null
  },
  "routes": [
    {
      "route_index": 1,
      "nodes": [
        0,
        23,
        7,
        43,
        34,
        52,
        85,
        69,
        32,
        20,
        38,
        28,
        26,
        17,
        48,
        19,
        31,
        8,
        45,
        74,
        78,
        24,
        99
      ],
      "score": 295.0,
      "length": 52.326410314973025
    },
    {
      "route_index": 2,
      "nodes": [
        0,
        96,
        66,
        41,
        50,
        3,
        86,
        92,
        94,
        87,
        18,
        11,
        63,
        84,
        60,
        21,
        98,
        6,
        76,
        49,
        89,
        99
      ],
      "score": 277.0,
      "length": 52.84664320289842
    },
    {
      "route_index": 3,
      "nodes": [
        0,
        30,
        73,
        57,
        14,
        67,
        9,
        81,
        29,
        79,
        10,
        80,
        22,
        88,
        71,
        12,
        75,
        90,
        15,
        2,
        39,
        62,
        55,
        82,
        99
      ],
      "score": 296.0,
      "length": 53.24412267438411
    }
  ],
  "dataset": "chao",
  "instance_name": "p4.3.l.txt",
  "run_seed": 31008,
  "run_index": 1
}