{
  "instance": {
    "num_nodes": 100,
    "team_size": 3,
    "max_route_distance": 60.0,
    "start_depot": 0,
    "end_depot": 99
  },
  "objective": {
    "total_score": 1023.0
  },
  "performance": {
    "cpu_time_seconds": 0.4437208999879658,
    "iterations": 20,
    "iterations_to_convergence": 18,
    "last_improvement_iteration": 18,
    "stagnation_iterations": 2,
    "accepted_worse_moves": 1,
    "restarts_performed": 1,
    "num_lp_solves": null,
    "num_labels_generated": null
  },
  "routes": [
    {
      "route_index": 1,
      "nodes": [
        0,
        96,
        66,
        41,
        50,
        3,
        86,
        92,
        47,
        23,
        7,
        34,
        43,
        87,
        94,
        18,
        63,
        84,
        60,
        21,
        98,
        6,
        49,
        89,
        76,
        82,
        99
      ],
      "score": 334.0,
      "length": 59.904573021775526
    },
    {
      "route_index": 2,
      "nodes": [
        0,
        30,
        73,
        57,
        67,
        79,
        28,
        38,
        20,
        26,
        32,
        10,
        69,
        80,
        22,
        88,
        71,
        12,
        75,
        17,
        4,
        55,
        62,
        39,
        45,
        74,
        78,
        24,
        99
      ],
      "score": 359.0,
      "length": 58.71093933779737
    },
    {
      "route_index": 3,
      "nodes": [
        0,
        14,
        9,
        81,
        29,
        53,
        42,
        59,
        51,
        95,
        37,
        61,
        91,
        25,
        46,
        5,
        13,
        1,
        90,
        15,
        2,
        48,
        19,
        31,
        8,
        99
      ],
      "score": 330.0,
      "length": 59.86366763540536
    }
  ],
  "dataset": "chao",
  "instance_name": "p4.3.n.txt",
  "run_seed": 33007,
  "run_index": 0
}