{
  "instance": {
    "num_nodes": 100,
    "team_size": 3,
    "max_route_distance": 56.7,
    "start_depot": 0,
    "end_depot": 99
  },
  "objective": {
    "total_score": 921.0
  },
  "performance": {
    "cpu_time_seconds": 0.39270520000718534,
    "iterations": 20,
    "iterations_to_convergence": 17,
    "last_improvement_iteration": 17,
    "stagnation_iterations": 3,
    "accepted_worse_moves": 1,
    "restarts_performed": 1,
    "num_lp_solves": null,
    "num_labels_generated": null
  },
  "routes": [
    {
      "route_index": 1,
      "nodes": [
        0,
        47,
        23,
        7,
        43,
        34,
        14,
        9,
        67,
        52,
        97,
        55,
        62,
        39,
        48,
        19,
        31,
        8,
        68,
        36,
        45,
        74,
        99
      ],
      "score": 295.0,
      "length": 56.04995420770562
    },
    {
      "route_index": 2,
      "nodes": [
        0,
        96,
        66,
        41,
        50,
        3,
        86,
        92,
        11,
        63,
        18,
        94,
        87,
        84,
        60,
        98,
        6,
        35,
        44,
        49,
        89,
        76,
        82,
        99
      ],
      "score": 289.0,
      "length": 56.30622153513203
    },
    {
      "route_index": 3,
      "nodes": [
        0,
        30,
        73,
        57,
        72,
        77,
        53,
        42,
        29,
        81,
        79,
        10,
        69,
        80,
        22,
        88,
        71,
        12,
        75,
        90,
        15,
        17,
        4,
        78,
        24,
        99
      ],
      "score": 337.0,
      "length": 56.48555349724749
    }
  ],
  "dataset": "chao",
  "instance_name": "p4.3.m.txt",
  "run_seed": 32008,
  "run_index": 1
}