{
  "instance": {
    "num_nodes": 100,
    "team_size": 3,
    "max_route_distance": 73.3,
    "start_depot": 0,
    "end_depot": 99
  },
  "objective": {
    "total_score": 1223.0
  },
  "performance": {
    "cpu_time_seconds": 0.35125650000009045,
    "iterations": 20,
    "iterations_to_convergence": 19,
    "last_improvement_iteration": 19,
    "stagnation_iterations": 1,
    "accepted_worse_moves": 0,
    "restarts_performed": 1,
    "num_lp_solves": null,
    "num_labels_generated": null
  },
  "routes": [
    {
      "route_index": 1,
      "nodes": [
        0,
        30,
        57,
        73,
        16,
        54,
        58,
        40,
        64,
        66,
        96,
        41,
        50,
        3,
        86,
        92,
        18,
        63,
        84,
        60,
        98,
        6,
        76,
        49,
        89,
        99
      ],
      "score": 388.0,
      "length": 72.83974378086117
    },
    {
      "route_index": 2,
      "nodes": [
        0,
        14,
        67,
        9,
        79,
        81,
        29,
        42,
        53,
        72,
        77,
        27,
        83,
        95,
        51,
        59,
        10,
        69,
        80,
        88,
        71,
        12,
        75,
        17,
        39,
        62,
        55,
        82,
        78,
        24,
        99
      ],
      "score": 464.0,
      "length": 72.92615980648135
    },
    {
      "route_index": 3,
      "nodes": [
        0,
        47,
        23,
        7,
        43,
        34,
        52,
        85,
        22,
        32,
        26,
        20,
        38,
        28,
        61,
        37,
        91,
        25,
        46,
        5,
        13,
        1,
        90,
        15,
        2,
        65,
        48,
        19,
        31,
        8,
        68,
        36,
        45,
        74,
        99
      ],
      "score": 371.0,
      "length": 72.62924744536937
    }
  ],
  "dataset": "chao",
  "instance_name": "p4.3.r.txt",
  "run_seed": 44
}