{
  "instance": {
    "num_nodes": 100,
    "team_size": 3,
    "max_route_distance": 46.7,
    "start_depot": 0,
    "end_depot": 99
  },
  "objective": {
    "total_score": 806.0
  },
  "performance": {
    "cpu_time_seconds": 0.33573679998517036,
    "iterations": 20,
    "iterations_to_convergence": 7,
    "last_improvement_iteration": 7,
    "stagnation_iterations": 13,
    "accepted_worse_moves": 2,
    "restarts_performed": 1,
    "num_lp_solves": null,
    "num_labels_generated": null
  },
  "routes": [
    {
      "route_index": 1,
      "nodes": [
        0,
        23,
        7,
        14,
        9,
        67,
        10,
        69,
        80,
        22,
        88,
        71,
        12,
        17,
        39,
        62,
        55,
        45,
        74,
        78,
        24,
        99
      ],
      "score": 339.0,
      "length": 45.719578231517005
    },
    {
      "route_index": 2,
      "nodes": [
        0,
        96,
        66,
        41,
        50,
        3,
        86,
        92,
        94,
        18,
        63,
        84,
        60,
        21,
        98,
        6,
        76,
        49,
        89,
        99
      ],
      "score": 260.0,
      "length": 46.56536759963734
    },
    {
      "route_index": 3,
      "nodes": [
        0,
        30,
        73,
        57,
        72,
        77,
        27,
        42,
        53,
        29,
        81,
        79,
        52,
        97,
        82,
        99
      ],
      "score": 207.0,
      "length": 46.135792375707844
    }
  ],
  "dataset": "chao",
  "instance_name": "p4.3.j.txt",
  "run_seed": 29008,
  "run_index": 1
}