{
  "instance": {
    "num_nodes": 100,
    "team_size": 3,
    "max_route_distance": 66.7,
    "start_depot": 0,
    "end_depot": 99
  },
  "objective": {
    "total_score": 1038.0
  },
  "performance": {
    "cpu_time_seconds": 0.35360040000068693,
    "iterations": 20,
    "iterations_to_convergence": 11,
    "last_improvement_iteration": 11,
    "stagnation_iterations": 9,
    "accepted_worse_moves": 0,
    "restarts_performed": 1,
    "num_lp_solves": null,
    "num_labels_generated": null
  },
  "routes": [
    {
      "route_index": 1,
      "nodes": [
        0,
        14,
        9,
        79,
        81,
        29,
        53,
        42,
        51,
        59,
        28,
        38,
        20,
        26,
        32,
        10,
        69,
        80,
        22,
        88,
        71,
        12,
        75,
        90,
        15,
        17,
        39,
        62,
        45,
        19,
        31,
        8,
        68,
        36,
        74,
        78,
        24,
        99
      ],
      "score": 483.0,
      "length": 66.63765995366116
    },
    {
      "route_index": 2,
      "nodes": [
        0,
        96,
        66,
        3,
        86,
        92,
        11,
        63,
        18,
        94,
        43,
        34,
        57,
        67,
        52,
        97,
        4,
        55,
        82,
        99
      ],
      "score": 244.0,
      "length": 66.59118035902767
    },
    {
      "route_index": 3,
      "nodes": [
        0,
        30,
        73,
        16,
        54,
        58,
        40,
        64,
        41,
        50,
        47,
        23,
        7,
        87,
        84,
        60,
        21,
        98,
        6,
        35,
        44,
        49,
        89,
        76,
        99
      ],
      "score": 311.0,
      "length": 66.51051708990694
    }
  ],
  "dataset": "chao",
  "instance_name": "p4.3.p.txt",
  "run_seed": 42
}