{
  "instance": {
    "num_nodes": 100,
    "team_size": 3,
    "max_route_distance": 70.0,
    "start_depot": 0,
    "end_depot": 99
  },
  "objective": {
    "total_score": 1169.0
  },
  "performance": {
    "cpu_time_seconds": 0.4713726999470964,
    "iterations": 20,
    "iterations_to_convergence": 18,
    "last_improvement_iteration": 18,
    "stagnation_iterations": 2,
    "accepted_worse_moves": 1,
    "restarts_performed": 1,
    "num_lp_solves": null,
    "num_labels_generated": null
  },
  "routes": [
    {
      "route_index": 1,
      "nodes": [
        0,
        57,
        72,
        77,
        29,
        79,
        69,
        80,
        22,
        88,
        17,
        12,
        75,
        90,
        15,
        2,
        48,
        19,
        31,
        8,
        68,
        36,
        45,
        39,
        62,
        55,
        74,
        78,
        24,
        99
      ],
      "score": 406.0,
      "length": 69.69594899923854
    },
    {
      "route_index": 2,
      "nodes": [
        0,
        30,
        73,
        16,
        54,
        58,
        40,
        64,
        66,
        96,
        41,
        50,
        3,
        86,
        92,
        18,
        94,
        87,
        84,
        60,
        21,
        98,
        6,
        76,
        49,
        89,
        99
      ],
      "score": 362.0,
      "length": 67.73188280989403
    },
    {
      "route_index": 3,
      "nodes": [
        0,
        23,
        7,
        34,
        14,
        67,
        9,
        81,
        53,
        42,
        59,
        51,
        27,
        95,
        83,
        93,
        37,
        61,
        91,
        25,
        46,
        28,
        38,
        20,
        26,
        32,
        10,
        85,
        52,
        97,
        82,
        99
      ],
      "score": 401.0,
      "length": 69.88393447279309
    }
  ],
  "dataset": "chao",
  "instance_name": "p4.3.q.txt",
  "run_seed": 36008,
  "run_index": 1
}