{
  "instance": {
    "num_nodes": 100,
    "team_size": 3,
    "max_route_distance": 60.0,
    "start_depot": 0,
    "end_depot": 99
  },
  "objective": {
    "total_score": 1056.0
  },
  "performance": {
    "cpu_time_seconds": 0.3930055000819266,
    "iterations": 20,
    "iterations_to_convergence": 14,
    "last_improvement_iteration": 14,
    "stagnation_iterations": 6,
    "accepted_worse_moves": 1,
    "restarts_performed": 1,
    "num_lp_solves": null,
    "num_labels_generated": null
  },
  "routes": [
    {
      "route_index": 1,
      "nodes": [
        0,
        23,
        7,
        14,
        67,
        9,
        81,
        29,
        79,
        10,
        69,
        80,
        22,
        88,
        71,
        12,
        75,
        90,
        15,
        17,
        39,
        62,
        45,
        19,
        31,
        8,
        68,
        36,
        74,
        78,
        24,
        99
      ],
      "score": 447.0,
      "length": 59.75633451319603
    },
    {
      "route_index": 2,
      "nodes": [
        0,
        30,
        73,
        16,
        54,
        58,
        40,
        64,
        66,
        96,
        50,
        3,
        86,
        92,
        18,
        94,
        87,
        84,
        98,
        6,
        76,
        82,
        99
      ],
      "score": 322.0,
      "length": 59.95314379655134
    },
    {
      "route_index": 3,
      "nodes": [
        0,
        57,
        53,
        42,
        72,
        77,
        27,
        83,
        95,
        37,
        61,
        28,
        38,
        20,
        26,
        32,
        85,
        52,
        97,
        55,
        99
      ],
      "score": 287.0,
      "length": 59.6100180629856
    }
  ],
  "dataset": "chao",
  "instance_name": "p4.3.n.txt",
  "run_seed": 33008,
  "run_index": 1
}