{
  "instance": {
    "num_nodes": 100,
    "team_size": 3,
    "max_route_distance": 56.7,
    "start_depot": 0,
    "end_depot": 99
  },
  "objective": {
    "total_score": 962.0
  },
  "performance": {
    "cpu_time_seconds": 0.3854028000496328,
    "iterations": 20,
    "iterations_to_convergence": 11,
    "last_improvement_iteration": 11,
    "stagnation_iterations": 9,
    "accepted_worse_moves": 1,
    "restarts_performed": 1,
    "num_lp_solves": null,
    "num_labels_generated": null
  },
  "routes": [
    {
      "route_index": 1,
      "nodes": [
        0,
        67,
        9,
        81,
        29,
        79,
        10,
        22,
        88,
        17,
        12,
        75,
        90,
        15,
        2,
        48,
        19,
        31,
        8,
        45,
        39,
        62,
        55,
        74,
        78,
        24,
        99
      ],
      "score": 371.0,
      "length": 56.534144184229824
    },
    {
      "route_index": 2,
      "nodes": [
        0,
        23,
        7,
        43,
        34,
        14,
        57,
        72,
        77,
        53,
        42,
        51,
        59,
        28,
        38,
        20,
        26,
        32,
        80,
        69,
        85,
        52,
        97,
        82,
        99
      ],
      "score": 301.0,
      "length": 55.546620480977914
    },
    {
      "route_index": 3,
      "nodes": [
        0,
        96,
        41,
        50,
        3,
        86,
        92,
        18,
        94,
        87,
        84,
        63,
        33,
        70,
        60,
        98,
        6,
        76,
        49,
        89,
        99
      ],
      "score": 290.0,
      "length": 56.34842805641574
    }
  ],
  "dataset": "chao",
  "instance_name": "p4.3.m.txt",
  "run_seed": 32007,
  "run_index": 0
}