{
  "instance": {
    "num_nodes": 100,
    "team_size": 3,
    "max_route_distance": 60.0,
    "start_depot": 0,
    "end_depot": 99
  },
  "objective": {
    "total_score": 985.0
  },
  "performance": {
    "cpu_time_seconds": 0.32146319999992556,
    "iterations": 20,
    "iterations_to_convergence": 20,
    "last_improvement_iteration": 20,
    "stagnation_iterations": 0,
    "accepted_worse_moves": 2,
    "restarts_performed": 1,
    "num_lp_solves": null,
    "num_labels_generated": null
  },
  "routes": [
    {
      "route_index": 1,
      "nodes": [
        0,
        30,
        73,
        57,
        72,
        77,
        27,
        51,
        42,
        29,
        79,
        10,
        80,
        22,
        88,
        17,
        39,
        62,
        55,
        45,
        74,
        78,
        24,
        99
      ],
      "score": 382.0,
      "length": 59.928329745275114
    },
    {
      "route_index": 2,
      "nodes": [
        0,
        96,
        66,
        41,
        50,
        3,
        86,
        92,
        47,
        23,
        7,
        34,
        43,
        87,
        94,
        18,
        63,
        84,
        60,
        21,
        98,
        6,
        49,
        89,
        76,
        99
      ],
      "score": 333.0,
      "length": 59.49248329494713
    },
    {
      "route_index": 3,
      "nodes": [
        0,
        14,
        67,
        9,
        81,
        53,
        59,
        95,
        83,
        93,
        37,
        61,
        91,
        25,
        46,
        28,
        38,
        20,
        26,
        32,
        69,
        85,
        52,
        97,
        82,
        99
      ],
      "score": 270.0,
      "length": 59.888642689967
    }
  ],
  "dataset": "chao",
  "instance_name": "p4.3.n.txt",
  "run_seed": 40
}