{
  "instance": {
    "num_nodes": 100,
    "team_size": 3,
    "max_route_distance": 43.3,
    "start_depot": 0,
    "end_depot": 99
  },
  "objective": {
    "total_score": 765.0
  },
  "performance": {
    "cpu_time_seconds": 0.3100795999635011,
    "iterations": 20,
    "iterations_to_convergence": 6,
    "last_improvement_iteration": 6,
    "stagnation_iterations": 14,
    "accepted_worse_moves": 1,
    "restarts_performed": 1,
    "num_lp_solves": null,
    "num_labels_generated": null
  },
  "routes": [
    {
      "route_index": 1,
      "nodes": [
        0,
        96,
        50,
        3,
        47,
        23,
        7,
        34,
        87,
        94,
        18,
        63,
        84,
        60,
        98,
        6,
        76,
        99
      ],
      "score": 264.0,
      "length": 43.02073746489486
    },
    {
      "route_index": 2,
      "nodes": [
        0,
        30,
        73,
        57,
        9,
        79,
        10,
        69,
        80,
        22,
        88,
        12,
        17,
        39,
        62,
        45,
        74,
        78,
        24,
        99
      ],
      "score": 282.0,
      "length": 43.15486141761387
    },
    {
      "route_index": 3,
      "nodes": [
        0,
        14,
        67,
        81,
        29,
        53,
        42,
        59,
        28,
        38,
        20,
        26,
        32,
        85,
        52,
        97,
        55,
        82,
        99
      ],
      "score": 219.0,
      "length": 43.23497464735631
    }
  ],
  "dataset": "chao",
  "instance_name": "p4.3.i.txt",
  "run_seed": 28008,
  "run_index": 1
}