{
  "instance": {
    "num_nodes": 100,
    "team_size": 3,
    "max_route_distance": 63.3,
    "start_depot": 0,
    "end_depot": 99
  },
  "objective": {
    "total_score": 1076.0
  },
  "performance": {
    "cpu_time_seconds": 0.43823089997749776,
    "iterations": 20,
    "iterations_to_convergence": 17,
    "last_improvement_iteration": 17,
    "stagnation_iterations": 3,
    "accepted_worse_moves": 1,
    "restarts_performed": 1,
    "num_lp_solves": null,
    "num_labels_generated": null
  },
  "routes": [
    {
      "route_index": 1,
      "nodes": [
        0,
        23,
        7,
        14,
        67,
        9,
        79,
        81,
        29,
        53,
        42,
        59,
        26,
        32,
        22,
        88,
        71,
        12,
        75,
        90,
        15,
        17,
        39,
        62,
        45,
        19,
        31,
        8,
        36,
        78,
        99
      ],
      "score": 418.0,
      "length": 63.28445606104264
    },
    {
      "route_index": 2,
      "nodes": [
        0,
        30,
        73,
        57,
        72,
        77,
        27,
        83,
        95,
        37,
        61,
        91,
        25,
        46,
        28,
        38,
        20,
        10,
        80,
        69,
        85,
        52,
        97,
        55,
        99
      ],
      "score": 332.0,
      "length": 62.86581539300297
    },
    {
      "route_index": 3,
      "nodes": [
        0,
        96,
        66,
        41,
        50,
        3,
        86,
        92,
        18,
        94,
        87,
        84,
        63,
        70,
        21,
        60,
        98,
        6,
        44,
        49,
        89,
        76,
        82,
        74,
        24,
        99
      ],
      "score": 326.0,
      "length": 63.01946297335816
    }
  ],
  "dataset": "chao",
  "instance_name": "p4.3.o.txt",
  "run_seed": 34008,
  "run_index": 1
}