{
  "instance": {
    "num_nodes": 100,
    "team_size": 3,
    "max_route_distance": 50.0,
    "start_depot": 0,
    "end_depot": 99
  },
  "objective": {
    "total_score": 833.0
  },
  "performance": {
    "cpu_time_seconds": 0.40692880004644394,
    "iterations": 20,
    "iterations_to_convergence": 2,
    "last_improvement_iteration": 2,
    "stagnation_iterations": 18,
    "accepted_worse_moves": 1,
    "restarts_performed": 1,
    "num_lp_solves": null,
    "num_labels_generated": null
  },
  "routes": [
    {
      "route_index": 1,
      "nodes": [
        0,
        7,
        34,
        43,
        87,
        94,
        18,
        11,
        63,
        84,
        60,
        21,
        98,
        6,
        76,
        49,
        89,
        24,
        78,
        74,
        99
      ],
      "score": 246.0,
      "length": 49.646706859964205
    },
    {
      "route_index": 2,
      "nodes": [
        0,
        23,
        47,
        50,
        3,
        86,
        41,
        96,
        30,
        73,
        57,
        53,
        42,
        29,
        81,
        9,
        67,
        52,
        97,
        82,
        99
      ],
      "score": 287.0,
      "length": 49.004613701864834
    },
    {
      "route_index": 3,
      "nodes": [
        0,
        14,
        79,
        10,
        69,
        80,
        22,
        88,
        17,
        12,
        75,
        90,
        2,
        48,
        19,
        31,
        8,
        45,
        39,
        62,
        55,
        99
      ],
      "score": 300.0,
      "length": 49.99409151880046
    }
  ],
  "dataset": "chao",
  "instance_name": "p4.3.k.txt",
  "run_seed": 30008,
  "run_index": 1
}