{
  "instance": {
    "num_nodes": 100,
    "team_size": 3,
    "max_route_distance": 43.3,
    "start_depot": 0,
    "end_depot": 99
  },
  "objective": {
    "total_score": 768.0
  },
  "performance": {
    "cpu_time_seconds": 0.30437159999928554,
    "iterations": 20,
    "iterations_to_convergence": 8,
    "last_improvement_iteration": 8,
    "stagnation_iterations": 12,
    "accepted_worse_moves": 1,
    "restarts_performed": 1,
    "num_lp_solves": null,
    "num_labels_generated": null
  },
  "routes": [
    {
      "route_index": 1,
      "nodes": [
        0,
        96,
        66,
        41,
        86,
        50,
        3,
        92,
        18,
        94,
        87,
        84,
        60,
        98,
        6,
        76,
        49,
        89,
        99
      ],
      "score": 245.0,
      "length": 42.985555692087445
    },
    {
      "route_index": 2,
      "nodes": [
        0,
        23,
        7,
        34,
        52,
        85,
        97,
        62,
        39,
        45,
        19,
        31,
        8,
        68,
        36,
        74,
        78,
        24,
        99
      ],
      "score": 244.0,
      "length": 43.117181732542534
    },
    {
      "route_index": 3,
      "nodes": [
        0,
        14,
        67,
        9,
        81,
        29,
        42,
        59,
        28,
        38,
        20,
        26,
        32,
        10,
        69,
        80,
        22,
        88,
        4,
        55,
        99
      ],
      "score": 279.0,
      "length": 43.1321437290041
    }
  ],
  "dataset": "chao",
  "instance_name": "p4.3.i.txt",
  "run_seed": 35
}