{
  "instance": {
    "num_nodes": 100,
    "team_size": 3,
    "max_route_distance": 50.0,
    "start_depot": 0,
    "end_depot": 99
  },
  "objective": {
    "total_score": 877.0
  },
  "performance": {
    "cpu_time_seconds": 0.33980289999999513,
    "iterations": 20,
    "iterations_to_convergence": 3,
    "last_improvement_iteration": 3,
    "stagnation_iterations": 17,
    "accepted_worse_moves": 1,
    "restarts_performed": 1,
    "num_lp_solves": null,
    "num_labels_generated": null
  },
  "routes": [
    {
      "route_index": 1,
      "nodes": [
        0,
        30,
        57,
        81,
        29,
        53,
        42,
        51,
        59,
        28,
        38,
        20,
        26,
        32,
        22,
        88,
        71,
        12,
        75,
        90,
        15,
        17,
        39,
        62,
        78,
        24,
        99
      ],
      "score": 319.0,
      "length": 49.797759627174905
    },
    {
      "route_index": 2,
      "nodes": [
        0,
        14,
        67,
        9,
        79,
        10,
        80,
        69,
        85,
        52,
        97,
        55,
        45,
        19,
        31,
        8,
        68,
        36,
        74,
        82,
        99
      ],
      "score": 258.0,
      "length": 49.89064090196486
    },
    {
      "route_index": 3,
      "nodes": [
        0,
        96,
        41,
        86,
        92,
        3,
        50,
        47,
        23,
        7,
        43,
        87,
        94,
        18,
        63,
        84,
        60,
        98,
        6,
        76,
        99
      ],
      "score": 300.0,
      "length": 49.97257577015342
    }
  ],
  "dataset": "chao",
  "instance_name": "p4.3.k.txt",
  "run_seed": 37
}