{
  "instance": {
    "num_nodes": 100,
    "team_size": 3,
    "max_route_distance": 66.7,
    "start_depot": 0,
    "end_depot": 99
  },
  "objective": {
    "total_score": 1124.0
  },
  "performance": {
    "cpu_time_seconds": 0.4479229999706149,
    "iterations": 20,
    "iterations_to_convergence": 20,
    "last_improvement_iteration": 20,
    "stagnation_iterations": 0,
    "accepted_worse_moves": 1,
    "restarts_performed": 1,
    "num_lp_solves": null,
    "num_labels_generated": null
  },
  "routes": [
    {
      "route_index": 1,
      "nodes": [
        0,
        96,
        50,
        86,
        3,
        47,
        23,
        7,
        34,
        14,
        67,
        52,
        85,
        10,
        69,
        80,
        22,
        88,
        17,
        12,
        75,
        90,
        15,
        2,
        48,
        19,
        31,
        8,
        36,
        45,
        74,
        99
      ],
      "score": 455.0,
      "length": 66.4394311057234
    },
    {
      "route_index": 2,
      "nodes": [
        0,
        30,
        73,
        16,
        54,
        58,
        40,
        64,
        41,
        92,
        18,
        94,
        87,
        84,
        60,
        98,
        35,
        44,
        49,
        89,
        76,
        82,
        99
      ],
      "score": 283.0,
      "length": 66.09846527375407
    },
    {
      "route_index": 3,
      "nodes": [
        0,
        57,
        9,
        79,
        81,
        29,
        42,
        53,
        72,
        77,
        27,
        83,
        95,
        51,
        59,
        28,
        38,
        20,
        26,
        32,
        4,
        39,
        62,
        55,
        78,
        24,
        99
      ],
      "score": 386.0,
      "length": 64.98672277998612
    }
  ],
  "dataset": "chao",
  "instance_name": "p4.3.p.txt",
  "run_seed": 35008,
  "run_index": 1
}