{
  "instance": {
    "num_nodes": 100,
    "team_size": 3,
    "max_route_distance": 76.7,
    "start_depot": 0,
    "end_depot": 99
  },
  "objective": {
    "total_score": 1268.0
  },
  "performance": {
    "cpu_time_seconds": 0.3809750000000349,
    "iterations": 20,
    "iterations_to_convergence": 19,
    "last_improvement_iteration": 19,
    "stagnation_iterations": 1,
    "accepted_worse_moves": 1,
    "restarts_performed": 1,
    "num_lp_solves": null,
    "num_labels_generated": null
  },
  "routes": [
    {
      "route_index": 1,
      "nodes": [
        0,
        14,
        67,
        9,
        79,
        81,
        29,
        53,
        42,
        51,
        59,
        28,
        38,
        20,
        26,
        32,
        80,
        69,
        22,
        88,
        12,
        5,
        13,
        1,
        90,
        15,
        75,
        17,
        39,
        62,
        45,
        19,
        31,
        8,
        36,
        74,
        78,
        24,
        99
      ],
      "score": 532.0,
      "length": 76.64752034355097
    },
    {
      "route_index": 2,
      "nodes": [
        0,
        96,
        41,
        50,
        3,
        86,
        92,
        47,
        23,
        7,
        34,
        43,
        87,
        94,
        18,
        11,
        33,
        70,
        63,
        84,
        60,
        98,
        6,
        35,
        44,
        49,
        89,
        76,
        82,
        99
      ],
      "score": 371.0,
      "length": 76.56607929354881
    },
    {
      "route_index": 3,
      "nodes": [
        0,
        30,
        57,
        73,
        16,
        64,
        40,
        58,
        54,
        72,
        77,
        27,
        83,
        95,
        37,
        61,
        91,
        25,
        46,
        10,
        52,
        97,
        55,
        99
      ],
      "score": 365.0,
      "length": 76.62324720033432
    }
  ],
  "dataset": "chao",
  "instance_name": "p4.3.s.txt",
  "run_seed": 45
}