{
  "instance": {
    "num_nodes": 100,
    "team_size": 3,
    "max_route_distance": 73.3,
    "start_depot": 0,
    "end_depot": 99
  },
  "objective": {
    "total_score": 1175.0
  },
  "performance": {
    "cpu_time_seconds": 0.43271319998893887,
    "iterations": 20,
    "iterations_to_convergence": 10,
    "last_improvement_iteration": 10,
    "stagnation_iterations": 10,
    "accepted_worse_moves": 3,
    "restarts_performed": 1,
    "num_lp_solves": null,
    "num_labels_generated": null
  },
  "routes": [
    {
      "route_index": 1,
      "nodes": [
        0,
        30,
        73,
        16,
        54,
        58,
        40,
        64,
        66,
        41,
        96,
        47,
        50,
        3,
        86,
        92,
        94,
        18,
        11,
        63,
        70,
        21,
        98,
        6,
        76,
        99
      ],
      "score": 348.0,
      "length": 72.317193353557
    },
    {
      "route_index": 2,
      "nodes": [
        0,
        23,
        14,
        52,
        85,
        10,
        69,
        80,
        22,
        32,
        26,
        20,
        38,
        28,
        88,
        17,
        12,
        75,
        90,
        15,
        2,
        48,
        39,
        62,
        55,
        45,
        19,
        31,
        8,
        68,
        36,
        74,
        78,
        24,
        99
      ],
      "score": 447.0,
      "length": 73.28048775363845
    },
    {
      "route_index": 3,
      "nodes": [
        0,
        57,
        72,
        77,
        27,
        83,
        95,
        51,
        59,
        42,
        53,
        29,
        81,
        79,
        9,
        67,
        34,
        7,
        43,
        87,
        84,
        60,
        35,
        44,
        49,
        89,
        82,
        99
      ],
      "score": 380.0,
      "length": 73.09105444889967
    }
  ],
  "dataset": "chao",
  "instance_name": "p4.3.r.txt",
  "run_seed": 37008,
  "run_index": 1
}