{
  "instance": {
    "num_nodes": 100,
    "team_size": 3,
    "max_route_distance": 43.3,
    "start_depot": 0,
    "end_depot": 99
  },
  "objective": {
    "total_score": 774.0
  },
  "performance": {
    "cpu_time_seconds": 0.2978557999012992,
    "iterations": 20,
    "iterations_to_convergence": 8,
    "last_improvement_iteration": 8,
    "stagnation_iterations": 12,
    "accepted_worse_moves": 1,
    "restarts_performed": 1,
    "num_lp_solves": null,
    "num_labels_generated": null
  },
  "routes": [
    {
      "route_index": 1,
      "nodes": [
        0,
        96,
        41,
        50,
        3,
        86,
        92,
        94,
        18,
        11,
        63,
        84,
        60,
        98,
        6,
        76,
        82,
        99
      ],
      "score": 245.0,
      "length": 42.99922960637595
    },
    {
      "route_index": 2,
      "nodes": [
        0,
        30,
        73,
        57,
        81,
        29,
        79,
        10,
        69,
        80,
        22,
        88,
        71,
        12,
        75,
        90,
        15,
        17,
        39,
        62,
        74,
        99
      ],
      "score": 257.0,
      "length": 42.97087330144079
    },
    {
      "route_index": 3,
      "nodes": [
        0,
        23,
        7,
        14,
        9,
        67,
        52,
        97,
        55,
        45,
        19,
        31,
        8,
        36,
        78,
        24,
        99
      ],
      "score": 272.0,
      "length": 43.08424164524455
    }
  ],
  "dataset": "chao",
  "instance_name": "p4.3.i.txt",
  "run_seed": 28007,
  "run_index": 0
}