{
  "instance": {
    "num_nodes": 100,
    "team_size": 3,
    "max_route_distance": 50.0,
    "start_depot": 0,
    "end_depot": 99
  },
  "objective": {
    "total_score": 878.0
  },
  "performance": {
    "cpu_time_seconds": 0.377822200069204,
    "iterations": 20,
    "iterations_to_convergence": 13,
    "last_improvement_iteration": 13,
    "stagnation_iterations": 7,
    "accepted_worse_moves": 1,
    "restarts_performed": 1,
    "num_lp_solves": null,
    "num_labels_generated": null
  },
  "routes": [
    {
      "route_index": 1,
      "nodes": [
        0,
        14,
        67,
        9,
        79,
        81,
        29,
        53,
        42,
        51,
        59,
        28,
        38,
        20,
        26,
        32,
        71,
        12,
        75,
        90,
        15,
        17,
        39,
        62,
        55,
        82,
        99
      ],
      "score": 309.0,
      "length": 49.69769473927776
    },
    {
      "route_index": 2,
      "nodes": [
        0,
        23,
        7,
        43,
        34,
        52,
        85,
        10,
        69,
        80,
        22,
        88,
        48,
        45,
        19,
        31,
        8,
        68,
        36,
        74,
        78,
        24,
        99
      ],
      "score": 299.0,
      "length": 49.71757978301343
    },
    {
      "route_index": 3,
      "nodes": [
        0,
        96,
        66,
        41,
        50,
        3,
        86,
        92,
        18,
        94,
        87,
        84,
        63,
        60,
        98,
        6,
        76,
        49,
        89,
        99
      ],
      "score": 270.0,
      "length": 49.276771703486205
    }
  ],
  "dataset": "chao",
  "instance_name": "p4.3.k.txt",
  "run_seed": 30007,
  "run_index": 0
}