{
  "instance": {
    "num_nodes": 100,
    "team_size": 3,
    "max_route_distance": 46.7,
    "start_depot": 0,
    "end_depot": 99
  },
  "objective": {
    "total_score": 843.0
  },
  "performance": {
    "cpu_time_seconds": 0.32917559999987134,
    "iterations": 20,
    "iterations_to_convergence": 16,
    "last_improvement_iteration": 16,
    "stagnation_iterations": 4,
    "accepted_worse_moves": 1,
    "restarts_performed": 1,
    "num_lp_solves": null,
    "num_labels_generated": null
  },
  "routes": [
    {
      "route_index": 1,
      "nodes": [
        0,
        96,
        66,
        41,
        50,
        3,
        86,
        92,
        94,
        18,
        63,
        84,
        60,
        21,
        98,
        6,
        76,
        49,
        89,
        99
      ],
      "score": 260.0,
      "length": 46.56536759963734
    },
    {
      "route_index": 2,
      "nodes": [
        0,
        23,
        7,
        14,
        9,
        67,
        10,
        85,
        52,
        97,
        55,
        45,
        19,
        31,
        8,
        74,
        78,
        24,
        99
      ],
      "score": 297.0,
      "length": 46.29062663748945
    },
    {
      "route_index": 3,
      "nodes": [
        0,
        30,
        73,
        57,
        81,
        29,
        53,
        42,
        51,
        59,
        28,
        38,
        20,
        26,
        32,
        80,
        22,
        88,
        71,
        12,
        17,
        39,
        62,
        99
      ],
      "score": 286.0,
      "length": 46.59505059575727
    }
  ],
  "dataset": "chao",
  "instance_name": "p4.3.j.txt",
  "run_seed": 36
}