{
  "instance": {
    "num_nodes": 100,
    "team_size": 3,
    "max_route_distance": 76.7,
    "start_depot": 0,
    "end_depot": 99
  },
  "objective": {
    "total_score": 1218.0
  },
  "performance": {
    "cpu_time_seconds": 0.5047218000981957,
    "iterations": 20,
    "iterations_to_convergence": 14,
    "last_improvement_iteration": 14,
    "stagnation_iterations": 6,
    "accepted_worse_moves": 0,
    "restarts_performed": 1,
    "num_lp_solves": null,
    "num_labels_generated": null
  },
  "routes": [
    {
      "route_index": 1,
      "nodes": [
        0,
        30,
        73,
        57,
        81,
        29,
        53,
        42,
        59,
        37,
        61,
        91,
        25,
        46,
        28,
        38,
        20,
        26,
        32,
        10,
        69,
        80,
        22,
        88,
        71,
        12,
        75,
        90,
        15,
        17,
        39,
        62,
        45,
        19,
        31,
        8,
        68,
        36,
        74,
        78,
        24,
        99
      ],
      "score": 501.0,
      "length": 75.95319751094709
    },
    {
      "route_index": 2,
      "nodes": [
        0,
        96,
        41,
        50,
        3,
        86,
        92,
        47,
        23,
        7,
        43,
        87,
        84,
        94,
        18,
        11,
        63,
        33,
        70,
        35,
        44,
        21,
        60,
        98,
        6,
        76,
        49,
        89,
        99
      ],
      "score": 360.0,
      "length": 76.35569075691802
    },
    {
      "route_index": 3,
      "nodes": [
        0,
        66,
        16,
        64,
        40,
        58,
        54,
        72,
        77,
        27,
        83,
        95,
        51,
        79,
        9,
        67,
        14,
        34,
        52,
        97,
        55,
        82,
        99
      ],
      "score": 357.0,
      "length": 76.52370162944007
    }
  ],
  "dataset": "chao",
  "instance_name": "p4.3.s.txt",
  "run_seed": 38007,
  "run_index": 0
}