{
  "instance": {
    "num_nodes": 100,
    "team_size": 3,
    "max_route_distance": 70.0,
    "start_depot": 0,
    "end_depot": 99
  },
  "objective": {
    "total_score": 1138.0
  },
  "performance": {
    "cpu_time_seconds": 0.38581909999993513,
    "iterations": 20,
    "iterations_to_convergence": 16,
    "last_improvement_iteration": 16,
    "stagnation_iterations": 4,
    "accepted_worse_moves": 1,
    "restarts_performed": 1,
    "num_lp_solves": null,
    "num_labels_generated": null
  },
  "routes": [
    {
      "route_index": 1,
      "nodes": [
        0,
        67,
        9,
        81,
        29,
        59,
        28,
        38,
        20,
        26,
        32,
        80,
        69,
        22,
        88,
        71,
        12,
        75,
        90,
        15,
        17,
        48,
        39,
        62,
        55,
        45,
        19,
        31,
        8,
        68,
        36,
        74,
        78,
        24,
        99
      ],
      "score": 435.0,
      "length": 69.30001137729538
    },
    {
      "route_index": 2,
      "nodes": [
        0,
        30,
        73,
        16,
        54,
        58,
        40,
        64,
        41,
        96,
        50,
        3,
        92,
        18,
        63,
        84,
        60,
        21,
        98,
        6,
        44,
        49,
        89,
        76,
        99
      ],
      "score": 361.0,
      "length": 69.81547163352835
    },
    {
      "route_index": 3,
      "nodes": [
        0,
        23,
        7,
        34,
        14,
        57,
        72,
        77,
        27,
        83,
        95,
        37,
        61,
        51,
        42,
        53,
        79,
        10,
        52,
        97,
        82,
        99
      ],
      "score": 342.0,
      "length": 69.83043365338564
    }
  ],
  "dataset": "chao",
  "instance_name": "p4.3.q.txt",
  "run_seed": 43
}