{
  "instance": {
    "num_nodes": 100,
    "team_size": 3,
    "max_route_distance": 80.0,
    "start_depot": 0,
    "end_depot": 99
  },
  "objective": {
    "total_score": 1272.0
  },
  "performance": {
    "cpu_time_seconds": 0.36122530000011466,
    "iterations": 20,
    "iterations_to_convergence": 19,
    "last_improvement_iteration": 19,
    "stagnation_iterations": 1,
    "accepted_worse_moves": 0,
    "restarts_performed": 1,
    "num_lp_solves": null,
    "num_labels_generated": null
  },
  "routes": [
    {
      "route_index": 1,
      "nodes": [
        0,
        96,
        66,
        30,
        73,
        16,
        54,
        58,
        40,
        64,
        41,
        86,
        50,
        3,
        92,
        18,
        94,
        87,
        84,
        63,
        70,
        21,
        60,
        98,
        6,
        76,
        49,
        89,
        99
      ],
      "score": 400.0,
      "length": 79.91958489637484
    },
    {
      "route_index": 2,
      "nodes": [
        0,
        47,
        23,
        7,
        43,
        34,
        14,
        9,
        53,
        42,
        51,
        59,
        28,
        38,
        20,
        88,
        17,
        12,
        75,
        90,
        15,
        2,
        48,
        19,
        31,
        8,
        68,
        36,
        45,
        39,
        62,
        4,
        55,
        74,
        78,
        24,
        99
      ],
      "score": 469.0,
      "length": 78.92712898420241
    },
    {
      "route_index": 3,
      "nodes": [
        0,
        67,
        79,
        29,
        81,
        57,
        72,
        77,
        27,
        95,
        83,
        93,
        37,
        61,
        91,
        25,
        46,
        5,
        13,
        1,
        71,
        26,
        32,
        22,
        80,
        69,
        10,
        85,
        52,
        97,
        82,
        99
      ],
      "score": 403.0,
      "length": 78.48734911533231
    }
  ],
  "dataset": "chao",
  "instance_name": "p4.3.t.txt",
  "run_seed": 46
}