{
  "instance": {
    "num_nodes": 100,
    "team_size": 3,
    "max_route_distance": 56.7,
    "start_depot": 0,
    "end_depot": 99
  },
  "objective": {
    "total_score": 978.0
  },
  "performance": {
    "cpu_time_seconds": 0.31538670000009006,
    "iterations": 20,
    "iterations_to_convergence": 20,
    "last_improvement_iteration": 20,
    "stagnation_iterations": 0,
    "accepted_worse_moves": 0,
    "restarts_performed": 1,
    "num_lp_solves": null,
    "num_labels_generated": null
  },
  "routes": [
    {
      "route_index": 1,
      "nodes": [
        0,
        30,
        73,
        57,
        14,
        67,
        10,
        69,
        80,
        88,
        17,
        12,
        75,
        90,
        15,
        2,
        48,
        19,
        31,
        8,
        36,
        45,
        74,
        78,
        24,
        99
      ],
      "score": 358.0,
      "length": 56.52071941310561
    },
    {
      "route_index": 2,
      "nodes": [
        0,
        23,
        7,
        9,
        81,
        29,
        42,
        27,
        83,
        95,
        51,
        59,
        28,
        38,
        20,
        26,
        32,
        22,
        4,
        39,
        62,
        55,
        82,
        99
      ],
      "score": 329.0,
      "length": 56.44153711401169
    },
    {
      "route_index": 3,
      "nodes": [
        0,
        96,
        41,
        50,
        3,
        86,
        92,
        18,
        94,
        87,
        84,
        63,
        70,
        21,
        60,
        98,
        35,
        44,
        49,
        89,
        76,
        99
      ],
      "score": 291.0,
      "length": 56.46586259425175
    }
  ],
  "dataset": "chao",
  "instance_name": "p4.3.m.txt",
  "run_seed": 39
}