{
  "instance": {
    "num_nodes": 100,
    "team_size": 4,
    "max_route_distance": 55.0,
    "start_depot": 0,
    "end_depot": 99
  },
  "objective": {
    "total_score": 1123.0
  },
  "performance": {
    "cpu_time_seconds": 0.4576111000496894,
    "iterations": 20,
    "iterations_to_convergence": 19,
    "last_improvement_iteration": 19,
    "stagnation_iterations": 1,
    "accepted_worse_moves": 1,
    "restarts_performed": 1,
    "num_lp_solves": null,
    "num_labels_generated": null
  },
  "routes": [
    {
      "route_index": 1,
      "nodes": [
        0,
        96,
        50,
        3,
        86,
        92,
        18,
        94,
        87,
        84,
        63,
        33,
        70,
        21,
        60,
        98,
        35,
        44,
        49,
        89,
        99
      ],
      "score": 265.0,
      "length": 54.996293501105555
    },
    {
      "route_index": 2,
      "nodes": [
        0,
        14,
        9,
        67,
        10,
        69,
        80,
        22,
        88,
        17,
        12,
        75,
        90,
        15,
        2,
        65,
        48,
        19,
        31,
        8,
        45,
        39,
        62,
        55,
        74,
        78,
        24,
        99
      ],
      "score": 377.0,
      "length": 54.224617718672015
    },
    {
      "route_index": 3,
      "nodes": [
        0,
        30,
        57,
        72,
        77,
        27,
        83,
        95,
        51,
        59,
        42,
        53,
        29,
        81,
        79,
        85,
        52,
        97,
        82,
        99
      ],
      "score": 274.0,
      "length": 54.32458027230252
    },
    {
      "route_index": 4,
      "nodes": [
        0,
        73,
        16,
        54,
        58,
        40,
        64,
        66,
        41,
        47,
        23,
        7,
        43,
        34,
        76,
        99
      ],
      "score": 207.0,
      "length": 53.516238073533344
    }
  ],
  "dataset": "chao",
  "instance_name": "p4.4.r.txt",
  "run_seed": 57008,
  "run_index": 1
}