{
  "instance": {
    "num_nodes": 100,
    "team_size": 4,
    "max_route_distance": 55.0,
    "start_depot": 0,
    "end_depot": 99
  },
  "objective": {
    "total_score": 1059.0
  },
  "performance": {
    "cpu_time_seconds": 0.35715129999971396,
    "iterations": 20,
    "iterations_to_convergence": 20,
    "last_improvement_iteration": 20,
    "stagnation_iterations": 0,
    "accepted_worse_moves": 1,
    "restarts_performed": 1,
    "num_lp_solves": null,
    "num_labels_generated": null
  },
  "routes": [
    {
      "route_index": 1,
      "nodes": [
        0,
        14,
        67,
        9,
        29,
        53,
        42,
        27,
        83,
        95,
        51,
        59,
        28,
        38,
        20,
        26,
        32,
        85,
        52,
        97,
        82,
        99
      ],
      "score": 296.0,
      "length": 54.12150914697468
    },
    {
      "route_index": 2,
      "nodes": [
        0,
        41,
        50,
        3,
        86,
        92,
        84,
        60,
        35,
        44,
        49,
        89,
        24,
        36,
        68,
        74,
        78,
        99
      ],
      "score": 228.0,
      "length": 53.424412776673684
    },
    {
      "route_index": 3,
      "nodes": [
        0,
        30,
        73,
        57,
        81,
        79,
        10,
        69,
        80,
        22,
        88,
        17,
        12,
        75,
        90,
        15,
        2,
        65,
        48,
        19,
        31,
        8,
        45,
        39,
        62,
        55,
        99
      ],
      "score": 322.0,
      "length": 54.40675617055777
    },
    {
      "route_index": 4,
      "nodes": [
        0,
        66,
        96,
        47,
        23,
        7,
        34,
        43,
        87,
        94,
        18,
        11,
        63,
        33,
        70,
        21,
        98,
        6,
        76,
        99
      ],
      "score": 213.0,
      "length": 52.808178617056114
    }
  ],
  "dataset": "chao",
  "instance_name": "p4.4.r.txt",
  "run_seed": 64
}