{
  "instance": {
    "num_nodes": 100,
    "team_size": 4,
    "max_route_distance": 35.0,
    "start_depot": 0,
    "end_depot": 99
  },
  "objective": {
    "total_score": 702.0
  },
  "performance": {
    "cpu_time_seconds": 0.2960785999894142,
    "iterations": 20,
    "iterations_to_convergence": 12,
    "last_improvement_iteration": 12,
    "stagnation_iterations": 8,
    "accepted_worse_moves": 2,
    "restarts_performed": 1,
    "num_lp_solves": null,
    "num_labels_generated": null
  },
  "routes": [
    {
      "route_index": 1,
      "nodes": [
        0,
        30,
        73,
        57,
        81,
        29,
        79,
        10,
        80,
        69,
        4,
        55,
        78,
        24,
        99
      ],
      "score": 190.0,
      "length": 34.021612664940854
    },
    {
      "route_index": 2,
      "nodes": [
        0,
        96,
        50,
        3,
        92,
        18,
        63,
        84,
        60,
        98,
        6,
        76,
        99
      ],
      "score": 206.0,
      "length": 34.97731341001359
    },
    {
      "route_index": 3,
      "nodes": [
        0,
        14,
        9,
        67,
        20,
        26,
        32,
        22,
        88,
        17,
        39,
        62,
        99
      ],
      "score": 162.0,
      "length": 34.77475960724139
    },
    {
      "route_index": 4,
      "nodes": [
        0,
        23,
        7,
        34,
        52,
        97,
        45,
        8,
        74,
        99
      ],
      "score": 144.0,
      "length": 34.836231819735126
    }
  ],
  "dataset": "chao",
  "instance_name": "p4.4.j.txt",
  "run_seed": 49007,
  "run_index": 0
}