{
  "instance": {
    "num_nodes": 100,
    "team_size": 4,
    "max_route_distance": 57.5,
    "start_depot": 0,
    "end_depot": 99
  },
  "objective": {
    "total_score": 1180.0
  },
  "performance": {
    "cpu_time_seconds": 0.46430790005251765,
    "iterations": 20,
    "iterations_to_convergence": 13,
    "last_improvement_iteration": 13,
    "stagnation_iterations": 7,
    "accepted_worse_moves": 1,
    "restarts_performed": 1,
    "num_lp_solves": null,
    "num_labels_generated": null
  },
  "routes": [
    {
      "route_index": 1,
      "nodes": [
        0,
        96,
        41,
        86,
        92,
        3,
        50,
        47,
        23,
        7,
        34,
        43,
        87,
        94,
        18,
        63,
        84,
        60,
        21,
        98,
        6,
        76,
        49,
        89,
        99
      ],
      "score": 331.0,
      "length": 57.2136858070941
    },
    {
      "route_index": 2,
      "nodes": [
        0,
        66,
        16,
        64,
        40,
        58,
        54,
        72,
        77,
        53,
        42,
        69,
        4,
        39,
        62,
        55,
        99
      ],
      "score": 214.0,
      "length": 56.59153076920256
    },
    {
      "route_index": 3,
      "nodes": [
        0,
        30,
        73,
        57,
        79,
        80,
        22,
        88,
        71,
        12,
        17,
        75,
        90,
        15,
        2,
        65,
        48,
        19,
        31,
        8,
        68,
        36,
        45,
        74,
        78,
        24,
        99
      ],
      "score": 320.0,
      "length": 56.6029102971362
    },
    {
      "route_index": 4,
      "nodes": [
        0,
        14,
        67,
        9,
        81,
        29,
        59,
        51,
        27,
        95,
        83,
        93,
        37,
        61,
        28,
        38,
        20,
        26,
        32,
        10,
        85,
        52,
        97,
        82,
        99
      ],
      "score": 315.0,
      "length": 57.27153632230677
    }
  ],
  "dataset": "chao",
  "instance_name": "p4.4.s.txt",
  "run_seed": 58008,
  "run_index": 1
}