{
  "instance": {
    "num_nodes": 100,
    "team_size": 4,
    "max_route_distance": 57.5,
    "start_depot": 0,
    "end_depot": 99
  },
  "objective": {
    "total_score": 1171.0
  },
  "performance": {
    "cpu_time_seconds": 0.35660639999969135,
    "iterations": 20,
    "iterations_to_convergence": 10,
    "last_improvement_iteration": 10,
    "stagnation_iterations": 10,
    "accepted_worse_moves": 0,
    "restarts_performed": 1,
    "num_lp_solves": null,
    "num_labels_generated": null
  },
  "routes": [
    {
      "route_index": 1,
      "nodes": [
        0,
        96,
        41,
        86,
        50,
        3,
        92,
        18,
        94,
        87,
        84,
        63,
        33,
        70,
        21,
        60,
        98,
        6,
        76,
        49,
        89,
        99
      ],
      "score": 291.0,
      "length": 57.15904668061919
    },
    {
      "route_index": 2,
      "nodes": [
        0,
        57,
        9,
        81,
        29,
        53,
        42,
        69,
        80,
        22,
        88,
        2,
        48,
        19,
        31,
        8,
        68,
        36,
        45,
        74,
        78,
        24,
        99
      ],
      "score": 304.0,
      "length": 57.27310131300354
    },
    {
      "route_index": 3,
      "nodes": [
        0,
        30,
        73,
        72,
        77,
        27,
        83,
        95,
        51,
        59,
        79,
        67,
        14,
        52,
        85,
        97,
        82,
        99
      ],
      "score": 246.0,
      "length": 56.846458414366154
    },
    {
      "route_index": 4,
      "nodes": [
        0,
        23,
        7,
        34,
        10,
        32,
        26,
        20,
        38,
        28,
        61,
        37,
        91,
        25,
        46,
        5,
        13,
        1,
        90,
        15,
        75,
        12,
        17,
        39,
        62,
        55,
        99
      ],
      "score": 330.0,
      "length": 57.23066090084474
    }
  ],
  "dataset": "chao",
  "instance_name": "p4.4.s.txt",
  "run_seed": 65
}