{
  "instance": {
    "num_nodes": 100,
    "team_size": 4,
    "max_route_distance": 37.5,
    "start_depot": 0,
    "end_depot": 99
  },
  "objective": {
    "total_score": 741.0
  },
  "performance": {
    "cpu_time_seconds": 0.3525091999908909,
    "iterations": 20,
    "iterations_to_convergence": 19,
    "last_improvement_iteration": 19,
    "stagnation_iterations": 1,
    "accepted_worse_moves": 1,
    "restarts_performed": 1,
    "num_lp_solves": null,
    "num_labels_generated": null
  },
  "routes": [
    {
      "route_index": 1,
      "nodes": [
        0,
        96,
        41,
        50,
        3,
        86,
        92,
        18,
        63,
        98,
        6,
        76,
        82,
        99
      ],
      "score": 200.0,
      "length": 37.38590234805423
    },
    {
      "route_index": 2,
      "nodes": [
        0,
        30,
        73,
        57,
        9,
        67,
        52,
        97,
        55,
        62,
        39,
        45,
        74,
        78,
        24,
        99
      ],
      "score": 214.0,
      "length": 37.233229046013335
    },
    {
      "route_index": 3,
      "nodes": [
        0,
        14,
        81,
        29,
        79,
        10,
        69,
        80,
        22,
        88,
        71,
        12,
        17,
        99
      ],
      "score": 191.0,
      "length": 37.320752324768584
    },
    {
      "route_index": 4,
      "nodes": [
        0,
        47,
        23,
        7,
        34,
        43,
        87,
        84,
        60,
        21,
        35,
        44,
        49,
        89,
        99
      ],
      "score": 136.0,
      "length": 35.17717257156568
    }
  ],
  "dataset": "chao",
  "instance_name": "p4.4.k.txt",
  "run_seed": 50008,
  "run_index": 1
}