{
  "instance": {
    "num_nodes": 100,
    "team_size": 4,
    "max_route_distance": 52.5,
    "start_depot": 0,
    "end_depot": 99
  },
  "objective": {
    "total_score": 1011.0
  },
  "performance": {
    "cpu_time_seconds": 0.4343451999593526,
    "iterations": 20,
    "iterations_to_convergence": 18,
    "last_improvement_iteration": 18,
    "stagnation_iterations": 2,
    "accepted_worse_moves": 1,
    "restarts_performed": 1,
    "num_lp_solves": null,
    "num_labels_generated": null
  },
  "routes": [
    {
      "route_index": 1,
      "nodes": [
        0,
        96,
        41,
        86,
        3,
        50,
        47,
        92,
        94,
        18,
        11,
        63,
        33,
        70,
        35,
        44,
        49,
        89,
        99
      ],
      "score": 240.0,
      "length": 51.844888241579234
    },
    {
      "route_index": 2,
      "nodes": [
        0,
        57,
        81,
        79,
        10,
        80,
        69,
        85,
        52,
        97,
        55,
        45,
        48,
        19,
        31,
        8,
        68,
        36,
        78,
        24,
        99
      ],
      "score": 268.0,
      "length": 52.30436413254317
    },
    {
      "route_index": 3,
      "nodes": [
        0,
        30,
        73,
        72,
        77,
        53,
        42,
        29,
        9,
        14,
        34,
        43,
        87,
        84,
        60,
        21,
        98,
        6,
        76,
        82,
        99
      ],
      "score": 239.0,
      "length": 51.854414786179774
    },
    {
      "route_index": 4,
      "nodes": [
        0,
        23,
        7,
        67,
        51,
        59,
        28,
        38,
        20,
        26,
        32,
        22,
        88,
        71,
        12,
        75,
        90,
        15,
        17,
        39,
        62,
        74,
        99
      ],
      "score": 264.0,
      "length": 52.2623852640779
    }
  ],
  "dataset": "chao",
  "instance_name": "p4.4.q.txt",
  "run_seed": 56007,
  "run_index": 0
}