{
  "instance": {
    "num_nodes": 100,
    "team_size": 4,
    "max_route_distance": 60.0,
    "start_depot": 0,
    "end_depot": 99
  },
  "objective": {
    "total_score": 1208.0
  },
  "performance": {
    "cpu_time_seconds": 0.4445172999985516,
    "iterations": 20,
    "iterations_to_convergence": 16,
    "last_improvement_iteration": 16,
    "stagnation_iterations": 4,
    "accepted_worse_moves": 0,
    "restarts_performed": 1,
    "num_lp_solves": null,
    "num_labels_generated": null
  },
  "routes": [
    {
      "route_index": 1,
      "nodes": [
        0,
        96,
        41,
        86,
        50,
        3,
        92,
        18,
        94,
        87,
        84,
        63,
        33,
        70,
        21,
        60,
        98,
        6,
        44,
        49,
        89,
        76,
        99
      ],
      "score": 296.0,
      "length": 59.85668876991561
    },
    {
      "route_index": 2,
      "nodes": [
        0,
        14,
        67,
        79,
        81,
        29,
        42,
        53,
        72,
        77,
        27,
        83,
        95,
        51,
        59,
        26,
        32,
        69,
        85,
        52,
        97,
        82,
        99
      ],
      "score": 304.0,
      "length": 59.43895916345246
    },
    {
      "route_index": 3,
      "nodes": [
        0,
        30,
        73,
        64,
        16,
        57,
        9,
        10,
        80,
        22,
        88,
        4,
        55,
        62,
        39,
        19,
        31,
        8,
        68,
        36,
        78,
        24,
        99
      ],
      "score": 301.0,
      "length": 59.62067914999651
    },
    {
      "route_index": 4,
      "nodes": [
        0,
        23,
        7,
        43,
        34,
        20,
        38,
        28,
        61,
        37,
        91,
        25,
        46,
        5,
        13,
        1,
        90,
        15,
        75,
        12,
        17,
        48,
        45,
        74,
        99
      ],
      "score": 307.0,
      "length": 58.465131089426
    }
  ],
  "dataset": "chao",
  "instance_name": "p4.4.t.txt",
  "run_seed": 59008,
  "run_index": 1
}