{
  "instance": {
    "num_nodes": 100,
    "team_size": 4,
    "max_route_distance": 50.0,
    "start_depot": 0,
    "end_depot": 99
  },
  "objective": {
    "total_score": 936.0
  },
  "performance": {
    "cpu_time_seconds": 0.3979619999881834,
    "iterations": 20,
    "iterations_to_convergence": 17,
    "last_improvement_iteration": 17,
    "stagnation_iterations": 3,
    "accepted_worse_moves": 0,
    "restarts_performed": 1,
    "num_lp_solves": null,
    "num_labels_generated": null
  },
  "routes": [
    {
      "route_index": 1,
      "nodes": [
        0,
        67,
        79,
        10,
        69,
        80,
        22,
        88,
        12,
        17,
        39,
        62,
        55,
        45,
        19,
        31,
        8,
        68,
        36,
        78,
        24,
        99
      ],
      "score": 308.0,
      "length": 49.85455392601438
    },
    {
      "route_index": 2,
      "nodes": [
        0,
        96,
        47,
        50,
        3,
        86,
        92,
        94,
        18,
        11,
        63,
        70,
        60,
        98,
        76,
        74,
        99
      ],
      "score": 232.0,
      "length": 49.78587851644802
    },
    {
      "route_index": 3,
      "nodes": [
        0,
        57,
        53,
        42,
        51,
        59,
        29,
        81,
        9,
        14,
        43,
        87,
        84,
        6,
        49,
        89,
        99
      ],
      "score": 202.0,
      "length": 49.90369171527145
    },
    {
      "route_index": 4,
      "nodes": [
        0,
        30,
        73,
        16,
        54,
        58,
        64,
        41,
        23,
        7,
        34,
        52,
        97,
        82,
        99
      ],
      "score": 194.0,
      "length": 49.75991605758378
    }
  ],
  "dataset": "chao",
  "instance_name": "p4.4.p.txt",
  "run_seed": 55007,
  "run_index": 0
}