{
  "instance": {
    "num_nodes": 100,
    "team_size": 4,
    "max_route_distance": 50.0,
    "start_depot": 0,
    "end_depot": 99
  },
  "objective": {
    "total_score": 998.0
  },
  "performance": {
    "cpu_time_seconds": 0.39211840000007214,
    "iterations": 20,
    "iterations_to_convergence": 11,
    "last_improvement_iteration": 11,
    "stagnation_iterations": 9,
    "accepted_worse_moves": 1,
    "restarts_performed": 1,
    "num_lp_solves": null,
    "num_labels_generated": null
  },
  "routes": [
    {
      "route_index": 1,
      "nodes": [
        0,
        96,
        41,
        86,
        3,
        50,
        47,
        23,
        7,
        34,
        43,
        87,
        94,
        18,
        63,
        84,
        60,
        21,
        98,
        6,
        49,
        89,
        99
      ],
      "score": 288.0,
      "length": 49.97554488502071
    },
    {
      "route_index": 2,
      "nodes": [
        0,
        14,
        9,
        81,
        29,
        59,
        28,
        38,
        20,
        26,
        71,
        12,
        75,
        90,
        15,
        17,
        39,
        62,
        55,
        76,
        99
      ],
      "score": 262.0,
      "length": 49.84379966883736
    },
    {
      "route_index": 3,
      "nodes": [
        0,
        57,
        53,
        42,
        79,
        10,
        69,
        80,
        22,
        88,
        48,
        19,
        31,
        8,
        36,
        45,
        74,
        78,
        24,
        99
      ],
      "score": 282.0,
      "length": 49.94800887291538
    },
    {
      "route_index": 4,
      "nodes": [
        0,
        66,
        64,
        40,
        58,
        54,
        16,
        73,
        30,
        67,
        52,
        85,
        97,
        82,
        99
      ],
      "score": 166.0,
      "length": 49.202632472140394
    }
  ],
  "dataset": "chao",
  "instance_name": "p4.4.p.txt",
  "run_seed": 62
}