{
  "instance": {
    "num_nodes": 100,
    "team_size": 4,
    "max_route_distance": 40.0,
    "start_depot": 0,
    "end_depot": 99
  },
  "objective": {
    "total_score": 836.0
  },
  "performance": {
    "cpu_time_seconds": 0.34733689995482564,
    "iterations": 20,
    "iterations_to_convergence": 5,
    "last_improvement_iteration": 5,
    "stagnation_iterations": 15,
    "accepted_worse_moves": 0,
    "restarts_performed": 1,
    "num_lp_solves": null,
    "num_labels_generated": null
  },
  "routes": [
    {
      "route_index": 1,
      "nodes": [
        0,
        30,
        73,
        57,
        81,
        29,
        53,
        42,
        10,
        69,
        80,
        22,
        88,
        39,
        62,
        74,
        99
      ],
      "score": 208.0,
      "length": 39.838066123903666
    },
    {
      "route_index": 2,
      "nodes": [
        0,
        14,
        67,
        9,
        79,
        28,
        38,
        20,
        26,
        32,
        71,
        12,
        17,
        4,
        99
      ],
      "score": 173.0,
      "length": 39.88641059710731
    },
    {
      "route_index": 3,
      "nodes": [
        0,
        96,
        66,
        41,
        50,
        3,
        86,
        92,
        18,
        94,
        87,
        84,
        60,
        21,
        98,
        6,
        76,
        82,
        99
      ],
      "score": 228.0,
      "length": 39.48833105755038
    },
    {
      "route_index": 4,
      "nodes": [
        0,
        23,
        7,
        43,
        34,
        52,
        97,
        55,
        45,
        19,
        31,
        8,
        68,
        36,
        78,
        24,
        99
      ],
      "score": 227.0,
      "length": 39.966815632138015
    }
  ],
  "dataset": "chao",
  "instance_name": "p4.4.l.txt",
  "run_seed": 51007,
  "run_index": 0
}