{
  "instance": {
    "num_nodes": 100,
    "team_size": 4,
    "max_route_distance": 57.5,
    "start_depot": 0,
    "end_depot": 99
  },
  "objective": {
    "total_score": 1091.0
  },
  "performance": {
    "cpu_time_seconds": 0.4413672999944538,
    "iterations": 20,
    "iterations_to_convergence": 5,
    "last_improvement_iteration": 5,
    "stagnation_iterations": 15,
    "accepted_worse_moves": 0,
    "restarts_performed": 1,
    "num_lp_solves": null,
    "num_labels_generated": null
  },
  "routes": [
    {
      "route_index": 1,
      "nodes": [
        0,
        66,
        30,
        57,
        81,
        79,
        10,
        85,
        69,
        80,
        22,
        88,
        4,
        55,
        62,
        39,
        45,
        19,
        31,
        8,
        68,
        36,
        78,
        24,
        99
      ],
      "score": 290.0,
      "length": 55.39402417944353
    },
    {
      "route_index": 2,
      "nodes": [
        0,
        47,
        23,
        7,
        43,
        34,
        14,
        38,
        28,
        20,
        26,
        32,
        71,
        12,
        17,
        75,
        90,
        15,
        2,
        65,
        48,
        74,
        99
      ],
      "score": 238.0,
      "length": 56.4910495860752
    },
    {
      "route_index": 3,
      "nodes": [
        0,
        73,
        16,
        72,
        77,
        27,
        83,
        95,
        51,
        59,
        42,
        53,
        29,
        9,
        67,
        52,
        97,
        82,
        99
      ],
      "score": 272.0,
      "length": 56.58845894909291
    },
    {
      "route_index": 4,
      "nodes": [
        0,
        96,
        41,
        50,
        3,
        86,
        92,
        18,
        94,
        87,
        84,
        63,
        33,
        70,
        21,
        60,
        98,
        6,
        76,
        49,
        89,
        99
      ],
      "score": 291.0,
      "length": 56.724012686749575
    }
  ],
  "dataset": "chao",
  "instance_name": "p4.4.s.txt",
  "run_seed": 58007,
  "run_index": 0
}