{
  "instance": {
    "num_nodes": 100,
    "team_size": 4,
    "max_route_distance": 40.0,
    "start_depot": 0,
    "end_depot": 99
  },
  "objective": {
    "total_score": 809.0
  },
  "performance": {
    "cpu_time_seconds": 0.31103110000003653,
    "iterations": 20,
    "iterations_to_convergence": 12,
    "last_improvement_iteration": 12,
    "stagnation_iterations": 8,
    "accepted_worse_moves": 0,
    "restarts_performed": 1,
    "num_lp_solves": null,
    "num_labels_generated": null
  },
  "routes": [
    {
      "route_index": 1,
      "nodes": [
        0,
        96,
        50,
        3,
        86,
        92,
        94,
        18,
        63,
        70,
        21,
        98,
        6,
        76,
        99
      ],
      "score": 207.0,
      "length": 39.947174686843766
    },
    {
      "route_index": 2,
      "nodes": [
        0,
        30,
        73,
        57,
        53,
        42,
        29,
        81,
        79,
        9,
        67,
        52,
        97,
        55,
        82,
        99
      ],
      "score": 193.0,
      "length": 39.339997523158154
    },
    {
      "route_index": 3,
      "nodes": [
        0,
        41,
        47,
        23,
        7,
        34,
        87,
        84,
        60,
        35,
        44,
        49,
        89,
        99
      ],
      "score": 148.0,
      "length": 39.56713646549648
    },
    {
      "route_index": 4,
      "nodes": [
        0,
        14,
        10,
        69,
        80,
        22,
        88,
        12,
        75,
        90,
        15,
        17,
        39,
        62,
        45,
        74,
        78,
        24,
        99
      ],
      "score": 261.0,
      "length": 39.89394572645097
    }
  ],
  "dataset": "chao",
  "instance_name": "p4.4.l.txt",
  "run_seed": 58
}