{
  "instance": {
    "num_nodes": 100,
    "team_size": 4,
    "max_route_distance": 42.5,
    "start_depot": 0,
    "end_depot": 99
  },
  "objective": {
    "total_score": 852.0
  },
  "performance": {
    "cpu_time_seconds": 0.34717880000061996,
    "iterations": 20,
    "iterations_to_convergence": 7,
    "last_improvement_iteration": 7,
    "stagnation_iterations": 13,
    "accepted_worse_moves": 0,
    "restarts_performed": 1,
    "num_lp_solves": null,
    "num_labels_generated": null
  },
  "routes": [
    {
      "route_index": 1,
      "nodes": [
        0,
        23,
        7,
        34,
        87,
        63,
        33,
        70,
        35,
        44,
        76,
        99
      ],
      "score": 149.0,
      "length": 42.37556178483002
    },
    {
      "route_index": 2,
      "nodes": [
        0,
        30,
        73,
        57,
        81,
        29,
        53,
        42,
        51,
        59,
        28,
        38,
        20,
        26,
        32,
        80,
        69,
        22,
        88,
        4,
        55,
        82,
        99
      ],
      "score": 245.0,
      "length": 42.28471498813508
    },
    {
      "route_index": 3,
      "nodes": [
        0,
        14,
        9,
        67,
        10,
        85,
        52,
        62,
        39,
        45,
        19,
        31,
        8,
        74,
        78,
        24,
        99
      ],
      "score": 242.0,
      "length": 41.38596610301479
    },
    {
      "route_index": 4,
      "nodes": [
        0,
        96,
        66,
        41,
        86,
        3,
        50,
        47,
        92,
        18,
        94,
        84,
        60,
        98,
        6,
        49,
        89,
        99
      ],
      "score": 216.0,
      "length": 41.9701681003348
    }
  ],
  "dataset": "chao",
  "instance_name": "p4.4.m.txt",
  "run_seed": 59
}