{
  "instance": {
    "num_nodes": 100,
    "team_size": 4,
    "max_route_distance": 47.5,
    "start_depot": 0,
    "end_depot": 99
  },
  "objective": {
    "total_score": 955.0
  },
  "performance": {
    "cpu_time_seconds": 0.3563139999996565,
    "iterations": 20,
    "iterations_to_convergence": 19,
    "last_improvement_iteration": 19,
    "stagnation_iterations": 1,
    "accepted_worse_moves": 1,
    "restarts_performed": 1,
    "num_lp_solves": null,
    "num_labels_generated": null
  },
  "routes": [
    {
      "route_index": 1,
      "nodes": [
        0,
        81,
        29,
        42,
        27,
        95,
        59,
        28,
        38,
        20,
        26,
        32,
        85,
        52,
        97,
        82,
        99
      ],
      "score": 208.0,
      "length": 47.281127779093985
    },
    {
      "route_index": 2,
      "nodes": [
        0,
        23,
        47,
        96,
        41,
        86,
        50,
        3,
        92,
        94,
        18,
        63,
        70,
        21,
        98,
        6,
        76,
        99
      ],
      "score": 245.0,
      "length": 47.480198029184685
    },
    {
      "route_index": 3,
      "nodes": [
        0,
        67,
        10,
        69,
        80,
        22,
        88,
        71,
        12,
        17,
        39,
        62,
        55,
        45,
        19,
        31,
        8,
        74,
        78,
        24,
        99
      ],
      "score": 296.0,
      "length": 46.346327804014614
    },
    {
      "route_index": 4,
      "nodes": [
        0,
        30,
        73,
        57,
        79,
        9,
        14,
        7,
        34,
        43,
        87,
        84,
        60,
        35,
        44,
        49,
        89,
        99
      ],
      "score": 206.0,
      "length": 47.466948477600305
    }
  ],
  "dataset": "chao",
  "instance_name": "p4.4.o.txt",
  "run_seed": 61
}