{
  "instance": {
    "num_nodes": 100,
    "team_size": 4,
    "max_route_distance": 47.5,
    "start_depot": 0,
    "end_depot": 99
  },
  "objective": {
    "total_score": 972.0
  },
  "performance": {
    "cpu_time_seconds": 0.42204079998191446,
    "iterations": 20,
    "iterations_to_convergence": 2,
    "last_improvement_iteration": 2,
    "stagnation_iterations": 18,
    "accepted_worse_moves": 1,
    "restarts_performed": 1,
    "num_lp_solves": null,
    "num_labels_generated": null
  },
  "routes": [
    {
      "route_index": 1,
      "nodes": [
        0,
        14,
        9,
        81,
        29,
        42,
        27,
        95,
        59,
        28,
        38,
        20,
        26,
        32,
        97,
        82,
        99
      ],
      "score": 233.0,
      "length": 47.118860906781514
    },
    {
      "route_index": 2,
      "nodes": [
        0,
        96,
        66,
        41,
        50,
        3,
        86,
        92,
        94,
        18,
        63,
        84,
        60,
        21,
        98,
        6,
        76,
        49,
        89,
        99
      ],
      "score": 260.0,
      "length": 46.56536759963734
    },
    {
      "route_index": 3,
      "nodes": [
        0,
        23,
        7,
        43,
        34,
        52,
        85,
        69,
        80,
        71,
        12,
        75,
        90,
        15,
        2,
        48,
        19,
        31,
        8,
        68,
        36,
        24,
        99
      ],
      "score": 239.0,
      "length": 47.348124121607825
    },
    {
      "route_index": 4,
      "nodes": [
        0,
        30,
        73,
        57,
        67,
        79,
        10,
        22,
        88,
        17,
        4,
        55,
        62,
        39,
        45,
        74,
        78,
        99
      ],
      "score": 240.0,
      "length": 45.810801284024365
    }
  ],
  "dataset": "chao",
  "instance_name": "p4.4.o.txt",
  "run_seed": 54008,
  "run_index": 1
}