{
  "instance": {
    "num_nodes": 100,
    "team_size": 4,
    "max_route_distance": 37.5,
    "start_depot": 0,
    "end_depot": 99
  },
  "objective": {
    "total_score": 748.0
  },
  "performance": {
    "cpu_time_seconds": 0.36501379997935146,
    "iterations": 20,
    "iterations_to_convergence": 18,
    "last_improvement_iteration": 18,
    "stagnation_iterations": 2,
    "accepted_worse_moves": 0,
    "restarts_performed": 1,
    "num_lp_solves": null,
    "num_labels_generated": null
  },
  "routes": [
    {
      "route_index": 1,
      "nodes": [
        0,
        50,
        3,
        47,
        23,
        7,
        34,
        43,
        87,
        84,
        60,
        21,
        44,
        49,
        89,
        99
      ],
      "score": 181.0,
      "length": 37.22898722147045
    },
    {
      "route_index": 2,
      "nodes": [
        0,
        14,
        81,
        29,
        42,
        59,
        28,
        38,
        20,
        26,
        32,
        80,
        4,
        55,
        82,
        99
      ],
      "score": 192.0,
      "length": 37.456335836738184
    },
    {
      "route_index": 3,
      "nodes": [
        0,
        30,
        57,
        9,
        67,
        10,
        69,
        22,
        88,
        17,
        39,
        62,
        74,
        78,
        24,
        99
      ],
      "score": 220.0,
      "length": 37.21525519226002
    },
    {
      "route_index": 4,
      "nodes": [
        0,
        96,
        41,
        86,
        92,
        94,
        18,
        63,
        98,
        6,
        76,
        99
      ],
      "score": 155.0,
      "length": 36.67472002490263
    }
  ],
  "dataset": "chao",
  "instance_name": "p4.4.k.txt",
  "run_seed": 50007,
  "run_index": 0
}