{
  "instance": {
    "num_nodes": 100,
    "team_size": 4,
    "max_route_distance": 45.0,
    "start_depot": 0,
    "end_depot": 99
  },
  "objective": {
    "total_score": 900.0
  },
  "performance": {
    "cpu_time_seconds": 0.4250908000394702,
    "iterations": 20,
    "iterations_to_convergence": 15,
    "last_improvement_iteration": 15,
    "stagnation_iterations": 5,
    "accepted_worse_moves": 2,
    "restarts_performed": 1,
    "num_lp_solves": null,
    "num_labels_generated": null
  },
  "routes": [
    {
      "route_index": 1,
      "nodes": [
        0,
        96,
        66,
        41,
        50,
        47,
        3,
        86,
        92,
        94,
        87,
        84,
        60,
        35,
        44,
        49,
        89,
        99
      ],
      "score": 208.0,
      "length": 43.511502405090035
    },
    {
      "route_index": 2,
      "nodes": [
        0,
        23,
        7,
        34,
        43,
        18,
        11,
        63,
        33,
        70,
        21,
        98,
        6,
        76,
        99
      ],
      "score": 165.0,
      "length": 44.934514156976995
    },
    {
      "route_index": 3,
      "nodes": [
        0,
        30,
        73,
        57,
        81,
        29,
        53,
        42,
        51,
        59,
        28,
        38,
        20,
        26,
        32,
        10,
        85,
        52,
        97,
        55,
        82,
        99
      ],
      "score": 240.0,
      "length": 44.46980322939243
    },
    {
      "route_index": 4,
      "nodes": [
        0,
        14,
        67,
        9,
        79,
        69,
        80,
        22,
        88,
        71,
        12,
        75,
        90,
        15,
        17,
        39,
        62,
        45,
        74,
        78,
        24,
        99
      ],
      "score": 287.0,
      "length": 44.1327878170006
    }
  ],
  "dataset": "chao",
  "instance_name": "p4.4.n.txt",
  "run_seed": 53007,
  "run_index": 0
}