{
  "instance": {
    "num_nodes": 100,
    "team_size": 4,
    "max_route_distance": 45.0,
    "start_depot": 0,
    "end_depot": 99
  },
  "objective": {
    "total_score": 909.0
  },
  "performance": {
    "cpu_time_seconds": 0.3718821000002208,
    "iterations": 20,
    "iterations_to_convergence": 20,
    "last_improvement_iteration": 20,
    "stagnation_iterations": 0,
    "accepted_worse_moves": 1,
    "restarts_performed": 1,
    "num_lp_solves": null,
    "num_labels_generated": null
  },
  "routes": [
    {
      "route_index": 1,
      "nodes": [
        0,
        14,
        9,
        67,
        10,
        69,
        80,
        22,
        32,
        20,
        26,
        88,
        12,
        75,
        90,
        15,
        17,
        39,
        55,
        99
      ],
      "score": 247.0,
      "length": 44.73304195155376
    },
    {
      "route_index": 2,
      "nodes": [
        0,
        96,
        41,
        50,
        3,
        86,
        92,
        94,
        18,
        63,
        84,
        60,
        21,
        98,
        6,
        76,
        89,
        99
      ],
      "score": 252.0,
      "length": 44.80198452940763
    },
    {
      "route_index": 3,
      "nodes": [
        0,
        30,
        57,
        72,
        77,
        53,
        42,
        59,
        29,
        81,
        79,
        52,
        97,
        82,
        99
      ],
      "score": 187.0,
      "length": 44.702119239236524
    },
    {
      "route_index": 4,
      "nodes": [
        0,
        23,
        7,
        34,
        85,
        4,
        62,
        45,
        48,
        19,
        31,
        8,
        68,
        36,
        74,
        78,
        24,
        99
      ],
      "score": 223.0,
      "length": 44.7338661849131
    }
  ],
  "dataset": "chao",
  "instance_name": "p4.4.n.txt",
  "run_seed": 60
}