{
  "instance": {
    "num_nodes": 100,
    "team_size": 4,
    "max_route_distance": 32.5,
    "start_depot": 0,
    "end_depot": 99
  },
  "objective": {
    "total_score": 631.0
  },
  "performance": {
    "cpu_time_seconds": 0.24766300000010233,
    "iterations": 20,
    "iterations_to_convergence": 18,
    "last_improvement_iteration": 18,
    "stagnation_iterations": 2,
    "accepted_worse_moves": 3,
    "restarts_performed": 1,
    "num_lp_solves": null,
    "num_labels_generated": null
  },
  "routes": [
    {
      "route_index": 1,
      "nodes": [
        0,
        3,
        92,
        18,
        94,
        84,
        60,
        98,
        6,
        76,
        99
      ],
      "score": 137.0,
      "length": 31.987968483367816
    },
    {
      "route_index": 2,
      "nodes": [
        0,
        30,
        57,
        81,
        29,
        79,
        10,
        69,
        80,
        22,
        88,
        4,
        55,
        99
      ],
      "score": 168.0,
      "length": 32.12495691375686
    },
    {
      "route_index": 3,
      "nodes": [
        0,
        14,
        9,
        67,
        52,
        85,
        62,
        39,
        45,
        74,
        78,
        24,
        99
      ],
      "score": 174.0,
      "length": 31.983717105573064
    },
    {
      "route_index": 4,
      "nodes": [
        0,
        96,
        66,
        41,
        86,
        50,
        47,
        23,
        7,
        34,
        97,
        82,
        99
      ],
      "score": 152.0,
      "length": 32.253945424076484
    }
  ],
  "dataset": "chao",
  "instance_name": "p4.4.i.txt",
  "run_seed": 55
}