{
  "instance": {
    "num_nodes": 100,
    "team_size": 4,
    "max_route_distance": 45.0,
    "start_depot": 0,
    "end_depot": 99
  },
  "objective": {
    "total_score": 928.0
  },
  "performance": {
    "cpu_time_seconds": 0.4192302000010386,
    "iterations": 20,
    "iterations_to_convergence": 18,
    "last_improvement_iteration": 18,
    "stagnation_iterations": 2,
    "accepted_worse_moves": 0,
    "restarts_performed": 1,
    "num_lp_solves": null,
    "num_labels_generated": null
  },
  "routes": [
    {
      "route_index": 1,
      "nodes": [
        0,
        14,
        67,
        10,
        69,
        80,
        88,
        71,
        12,
        75,
        90,
        15,
        17,
        48,
        19,
        31,
        8,
        45,
        74,
        78,
        24,
        99
      ],
      "score": 305.0,
      "length": 44.3618445240214
    },
    {
      "route_index": 2,
      "nodes": [
        0,
        96,
        66,
        41,
        50,
        3,
        86,
        92,
        94,
        87,
        84,
        60,
        35,
        44,
        49,
        89,
        76,
        99
      ],
      "score": 226.0,
      "length": 43.97919139439322
    },
    {
      "route_index": 3,
      "nodes": [
        0,
        23,
        7,
        34,
        43,
        18,
        11,
        63,
        70,
        21,
        98,
        6,
        97,
        82,
        99
      ],
      "score": 148.0,
      "length": 44.80797128873859
    },
    {
      "route_index": 4,
      "nodes": [
        0,
        30,
        73,
        57,
        9,
        79,
        81,
        29,
        53,
        42,
        59,
        28,
        38,
        20,
        26,
        32,
        22,
        4,
        39,
        62,
        55,
        99
      ],
      "score": 249.0,
      "length": 44.86401953157625
    }
  ],
  "dataset": "chao",
  "instance_name": "p4.4.n.txt",
  "run_seed": 53008,
  "run_index": 1
}