{
  "instance": {
    "num_nodes": 100,
    "team_size": 4,
    "max_route_distance": 35.0,
    "start_depot": 0,
    "end_depot": 99
  },
  "objective": {
    "total_score": 669.0
  },
  "performance": {
    "cpu_time_seconds": 0.29917839996051043,
    "iterations": 20,
    "iterations_to_convergence": 18,
    "last_improvement_iteration": 18,
    "stagnation_iterations": 2,
    "accepted_worse_moves": 1,
    "restarts_performed": 1,
    "num_lp_solves": null,
    "num_labels_generated": null
  },
  "routes": [
    {
      "route_index": 1,
      "nodes": [
        0,
        30,
        73,
        57,
        81,
        29,
        79,
        10,
        69,
        80,
        22,
        88,
        4,
        55,
        99
      ],
      "score": 178.0,
      "length": 33.20657970966352
    },
    {
      "route_index": 2,
      "nodes": [
        0,
        94,
        18,
        63,
        84,
        60,
        98,
        6,
        44,
        49,
        89,
        99
      ],
      "score": 119.0,
      "length": 34.74641575349889
    },
    {
      "route_index": 3,
      "nodes": [
        0,
        14,
        9,
        67,
        52,
        85,
        97,
        62,
        39,
        45,
        74,
        78,
        24,
        99
      ],
      "score": 186.0,
      "length": 34.39897342007029
    },
    {
      "route_index": 4,
      "nodes": [
        0,
        96,
        66,
        41,
        86,
        3,
        50,
        47,
        23,
        7,
        43,
        34,
        76,
        82,
        99
      ],
      "score": 186.0,
      "length": 34.163052311443884
    }
  ],
  "dataset": "chao",
  "instance_name": "p4.4.j.txt",
  "run_seed": 49008,
  "run_index": 1
}