{
  "instance": {
    "num_nodes": 100,
    "team_size": 4,
    "max_route_distance": 35.0,
    "start_depot": 0,
    "end_depot": 99
  },
  "objective": {
    "total_score": 700.0
  },
  "performance": {
    "cpu_time_seconds": 0.307258499999989,
    "iterations": 20,
    "iterations_to_convergence": 9,
    "last_improvement_iteration": 9,
    "stagnation_iterations": 11,
    "accepted_worse_moves": 2,
    "restarts_performed": 1,
    "num_lp_solves": null,
    "num_labels_generated": null
  },
  "routes": [
    {
      "route_index": 1,
      "nodes": [
        0,
        96,
        50,
        3,
        86,
        92,
        18,
        63,
        60,
        98,
        6,
        76,
        82,
        99
      ],
      "score": 193.0,
      "length": 34.953457477990945
    },
    {
      "route_index": 2,
      "nodes": [
        0,
        14,
        9,
        67,
        10,
        69,
        80,
        22,
        88,
        17,
        45,
        74,
        78,
        24,
        99
      ],
      "score": 236.0,
      "length": 34.93393283177631
    },
    {
      "route_index": 3,
      "nodes": [
        0,
        47,
        23,
        7,
        34,
        87,
        84,
        21,
        35,
        44,
        49,
        89,
        99
      ],
      "score": 128.0,
      "length": 34.65762782218256
    },
    {
      "route_index": 4,
      "nodes": [
        0,
        30,
        73,
        57,
        81,
        29,
        79,
        52,
        85,
        4,
        39,
        62,
        55,
        99
      ],
      "score": 143.0,
      "length": 34.10733012751934
    }
  ],
  "dataset": "chao",
  "instance_name": "p4.4.j.txt",
  "run_seed": 56
}