{
  "instance": {
    "num_nodes": 100,
    "team_size": 4,
    "max_route_distance": 50.0,
    "start_depot": 0,
    "end_depot": 99
  },
  "objective": {
    "total_score": 1009.0
  },
  "performance": {
    "cpu_time_seconds": 0.4145057999994606,
    "iterations": 20,
    "iterations_to_convergence": 7,
    "last_improvement_iteration": 7,
    "stagnation_iterations": 13,
    "accepted_worse_moves": 1,
    "restarts_performed": 1,
    "num_lp_solves": null,
    "num_labels_generated": null
  },
  "routes": [
    {
      "route_index": 1,
      "nodes": [
        0,
        14,
        67,
        9,
        79,
        10,
        85,
        52,
        97,
        62,
        39,
        45,
        19,
        31,
        8,
        68,
        36,
        74,
        78,
        24,
        99
      ],
      "score": 280.0,
      "length": 48.429189124709445
    },
    {
      "route_index": 2,
      "nodes": [
        0,
        41,
        50,
        3,
        86,
        92,
        18,
        94,
        87,
        84,
        63,
        70,
        60,
        98,
        6,
        49,
        89,
        99
      ],
      "score": 236.0,
      "length": 49.77491318790139
    },
    {
      "route_index": 3,
      "nodes": [
        0,
        57,
        81,
        29,
        53,
        42,
        51,
        59,
        28,
        38,
        20,
        26,
        32,
        80,
        69,
        22,
        88,
        71,
        12,
        75,
        90,
        15,
        17,
        4,
        55,
        82,
        99
      ],
      "score": 292.0,
      "length": 49.71773246965445
    },
    {
      "route_index": 4,
      "nodes": [
        0,
        30,
        73,
        16,
        54,
        58,
        64,
        66,
        96,
        47,
        23,
        7,
        43,
        34,
        76,
        99
      ],
      "score": 201.0,
      "length": 49.51459938407734
    }
  ],
  "dataset": "chao",
  "instance_name": "p4.4.p.txt",
  "run_seed": 55008,
  "run_index": 1
}