{
  "instance": {
    "num_nodes": 100,
    "team_size": 4,
    "max_route_distance": 47.5,
    "start_depot": 0,
    "end_depot": 99
  },
  "objective": {
    "total_score": 972.0
  },
  "performance": {
    "cpu_time_seconds": 0.4610856999643147,
    "iterations": 20,
    "iterations_to_convergence": 20,
    "last_improvement_iteration": 20,
    "stagnation_iterations": 0,
    "accepted_worse_moves": 1,
    "restarts_performed": 1,
    "num_lp_solves": null,
    "num_labels_generated": null
  },
  "routes": [
    {
      "route_index": 1,
      "nodes": [
        0,
        96,
        66,
        41,
        86,
        3,
        50,
        47,
        23,
        7,
        43,
        87,
        94,
        18,
        84,
        60,
        98,
        6,
        76,
        49,
        89,
        99
      ],
      "score": 274.0,
      "length": 47.06134162177011
    },
    {
      "route_index": 2,
      "nodes": [
        0,
        57,
        27,
        95,
        51,
        59,
        28,
        38,
        20,
        26,
        32,
        22,
        4,
        39,
        62,
        55,
        99
      ],
      "score": 198.0,
      "length": 46.206344331295895
    },
    {
      "route_index": 3,
      "nodes": [
        0,
        30,
        73,
        72,
        77,
        53,
        42,
        29,
        81,
        79,
        9,
        67,
        34,
        52,
        85,
        97,
        82,
        99
      ],
      "score": 207.0,
      "length": 47.47983857797479
    },
    {
      "route_index": 4,
      "nodes": [
        0,
        14,
        10,
        69,
        80,
        88,
        17,
        12,
        75,
        90,
        15,
        2,
        65,
        48,
        19,
        31,
        8,
        45,
        74,
        78,
        24,
        99
      ],
      "score": 293.0,
      "length": 45.77513298824179
    }
  ],
  "dataset": "chao",
  "instance_name": "p4.4.o.txt",
  "run_seed": 54007,
  "run_index": 0
}