{
  "instance": {
    "num_nodes": 100,
    "team_size": 4,
    "max_route_distance": 52.5,
    "start_depot": 0,
    "end_depot": 99
  },
  "objective": {
    "total_score": 1051.0
  },
  "performance": {
    "cpu_time_seconds": 0.44977349997498095,
    "iterations": 20,
    "iterations_to_convergence": 15,
    "last_improvement_iteration": 15,
    "stagnation_iterations": 5,
    "accepted_worse_moves": 1,
    "restarts_performed": 1,
    "num_lp_solves": null,
    "num_labels_generated": null
  },
  "routes": [
    {
      "route_index": 1,
      "nodes": [
        0,
        57,
        81,
        29,
        53,
        42,
        51,
        59,
        28,
        38,
        20,
        26,
        32,
        10,
        69,
        80,
        22,
        88,
        71,
        2,
        48,
        45,
        74,
        99
      ],
      "score": 279.0,
      "length": 52.246200755807074
    },
    {
      "route_index": 2,
      "nodes": [
        0,
        23,
        96,
        41,
        50,
        3,
        86,
        92,
        94,
        87,
        18,
        63,
        84,
        60,
        98,
        6,
        76,
        49,
        89,
        99
      ],
      "score": 289.0,
      "length": 51.933794223540716
    },
    {
      "route_index": 3,
      "nodes": [
        0,
        30,
        73,
        16,
        64,
        54,
        72,
        77,
        9,
        67,
        52,
        97,
        55,
        78,
        24,
        99
      ],
      "score": 235.0,
      "length": 52.41496086433046
    },
    {
      "route_index": 4,
      "nodes": [
        0,
        7,
        14,
        79,
        37,
        61,
        91,
        25,
        46,
        5,
        13,
        1,
        90,
        15,
        75,
        12,
        17,
        39,
        62,
        99
      ],
      "score": 248.0,
      "length": 52.257918147338046
    }
  ],
  "dataset": "chao",
  "instance_name": "p4.4.q.txt",
  "run_seed": 56008,
  "run_index": 1
}