{
  "instance": {
    "num_nodes": 100,
    "team_size": 4,
    "max_route_distance": 40.0,
    "start_depot": 0,
    "end_depot": 99
  },
  "objective": {
    "total_score": 756.0
  },
  "performance": {
    "cpu_time_seconds": 0.3846102999523282,
    "iterations": 20,
    "iterations_to_convergence": 8,
    "last_improvement_iteration": 8,
    "stagnation_iterations": 12,
    "accepted_worse_moves": 0,
    "restarts_performed": 1,
    "num_lp_solves": null,
    "num_labels_generated": null
  },
  "routes": [
    {
      "route_index": 1,
      "nodes": [
        0,
        14,
        9,
        81,
        29,
        79,
        10,
        69,
        80,
        22,
        88,
        17,
        39,
        62,
        45,
        74,
        78,
        24,
        99
      ],
      "score": 285.0,
      "length": 39.313843799987694
    },
    {
      "route_index": 2,
      "nodes": [
        0,
        96,
        41,
        50,
        3,
        86,
        92,
        18,
        11,
        63,
        60,
        98,
        6,
        76,
        99
      ],
      "score": 212.0,
      "length": 39.31991181809398
    },
    {
      "route_index": 3,
      "nodes": [
        0,
        23,
        94,
        87,
        84,
        70,
        33,
        35,
        44,
        49,
        89,
        99
      ],
      "score": 117.0,
      "length": 39.78466546937551
    },
    {
      "route_index": 4,
      "nodes": [
        0,
        30,
        73,
        57,
        67,
        7,
        43,
        34,
        52,
        85,
        97,
        55,
        82,
        99
      ],
      "score": 142.0,
      "length": 39.298503469558646
    }
  ],
  "dataset": "chao",
  "instance_name": "p4.4.l.txt",
  "run_seed": 51008,
  "run_index": 1
}