{
  "instance": {
    "num_nodes": 100,
    "team_size": 4,
    "max_route_distance": 60.0,
    "start_depot": 0,
    "end_depot": 99
  },
  "objective": {
    "total_score": 1244.0
  },
  "performance": {
    "cpu_time_seconds": 0.3810106999999334,
    "iterations": 20,
    "iterations_to_convergence": 20,
    "last_improvement_iteration": 20,
    "stagnation_iterations": 0,
    "accepted_worse_moves": 1,
    "restarts_performed": 1,
    "num_lp_solves": null,
    "num_labels_generated": null
  },
  "routes": [
    {
      "route_index": 1,
      "nodes": [
        0,
        41,
        86,
        50,
        3,
        92,
        18,
        94,
        87,
        84,
        63,
        33,
        70,
        60,
        21,
        35,
        44,
        49,
        89,
        76,
        99
      ],
      "score": 271.0,
      "length": 59.34406908847927
    },
    {
      "route_index": 2,
      "nodes": [
        0,
        9,
        79,
        81,
        29,
        53,
        42,
        27,
        83,
        95,
        51,
        59,
        37,
        91,
        61,
        28,
        38,
        20,
        26,
        32,
        4,
        39,
        62,
        55,
        99
      ],
      "score": 302.0,
      "length": 59.870424793372706
    },
    {
      "route_index": 3,
      "nodes": [
        0,
        30,
        57,
        77,
        72,
        54,
        58,
        40,
        64,
        66,
        96,
        23,
        7,
        43,
        34,
        52,
        97,
        82,
        99
      ],
      "score": 276.0,
      "length": 59.90927672292116
    },
    {
      "route_index": 4,
      "nodes": [
        0,
        14,
        67,
        10,
        69,
        80,
        22,
        88,
        25,
        46,
        5,
        13,
        1,
        90,
        15,
        75,
        12,
        17,
        48,
        19,
        31,
        8,
        45,
        74,
        78,
        24,
        99
      ],
      "score": 395.0,
      "length": 59.81588484277002
    }
  ],
  "dataset": "chao",
  "instance_name": "p4.4.t.txt",
  "run_seed": 66
}