{
  "instance": {
    "num_nodes": 100,
    "team_size": 4,
    "max_route_distance": 37.5,
    "start_depot": 0,
    "end_depot": 99
  },
  "objective": {
    "total_score": 751.0
  },
  "performance": {
    "cpu_time_seconds": 0.2711382000006779,
    "iterations": 20,
    "iterations_to_convergence": 4,
    "last_improvement_iteration": 4,
    "stagnation_iterations": 16,
    "accepted_worse_moves": 2,
    "restarts_performed": 1,
    "num_lp_solves": null,
    "num_labels_generated": null
  },
  "routes": [
    {
      "route_index": 1,
      "nodes": [
        0,
        14,
        9,
        67,
        10,
        69,
        80,
        22,
        88,
        17,
        39,
        62,
        45,
        74,
        78,
        24,
        99
      ],
      "score": 257.0,
      "length": 36.459596573309405
    },
    {
      "route_index": 2,
      "nodes": [
        0,
        96,
        41,
        50,
        3,
        86,
        92,
        87,
        84,
        60,
        49,
        89,
        99
      ],
      "score": 183.0,
      "length": 37.284821479013374
    },
    {
      "route_index": 3,
      "nodes": [
        0,
        23,
        7,
        34,
        43,
        94,
        18,
        11,
        63,
        98,
        6,
        76,
        82,
        99
      ],
      "score": 151.0,
      "length": 37.22039538637736
    },
    {
      "route_index": 4,
      "nodes": [
        0,
        30,
        73,
        57,
        53,
        42,
        29,
        81,
        79,
        85,
        52,
        97,
        55,
        99
      ],
      "score": 160.0,
      "length": 37.2810387140101
    }
  ],
  "dataset": "chao",
  "instance_name": "p4.4.k.txt",
  "run_seed": 57
}