{
  "instance": {
    "num_nodes": 100,
    "team_size": 4,
    "max_route_distance": 60.0,
    "start_depot": 0,
    "end_depot": 99
  },
  "objective": {
    "total_score": 1256.0
  },
  "performance": {
    "cpu_time_seconds": 0.45709140005055815,
    "iterations": 20,
    "iterations_to_convergence": 20,
    "last_improvement_iteration": 20,
    "stagnation_iterations": 0,
    "accepted_worse_moves": 2,
    "restarts_performed": 1,
    "num_lp_solves": null,
    "num_labels_generated": null
  },
  "routes": [
    {
      "route_index": 1,
      "nodes": [
        0,
        30,
        73,
        72,
        77,
        27,
        83,
        95,
        51,
        59,
        42,
        53,
        29,
        81,
        79,
        10,
        69,
        80,
        22,
        88,
        17,
        39,
        62,
        99
      ],
      "score": 354.0,
      "length": 59.21903171665706
    },
    {
      "route_index": 2,
      "nodes": [
        0,
        50,
        3,
        86,
        92,
        47,
        23,
        7,
        34,
        43,
        87,
        94,
        18,
        63,
        84,
        60,
        98,
        6,
        35,
        44,
        49,
        89,
        76,
        82,
        99
      ],
      "score": 305.0,
      "length": 59.47547949799082
    },
    {
      "route_index": 3,
      "nodes": [
        0,
        96,
        41,
        66,
        64,
        40,
        58,
        54,
        16,
        57,
        67,
        52,
        85,
        97,
        55,
        45,
        74,
        99
      ],
      "score": 256.0,
      "length": 59.40350209572669
    },
    {
      "route_index": 4,
      "nodes": [
        0,
        14,
        9,
        32,
        26,
        20,
        38,
        28,
        61,
        37,
        91,
        25,
        46,
        5,
        13,
        1,
        12,
        75,
        90,
        15,
        48,
        19,
        31,
        8,
        36,
        78,
        24,
        99
      ],
      "score": 341.0,
      "length": 59.93952725143637
    }
  ],
  "dataset": "chao",
  "instance_name": "p4.4.t.txt",
  "run_seed": 59007,
  "run_index": 0
}