{
  "instance": {
    "num_nodes": 100,
    "team_size": 4,
    "max_route_distance": 42.5,
    "start_depot": 0,
    "end_depot": 99
  },
  "objective": {
    "total_score": 896.0
  },
  "performance": {
    "cpu_time_seconds": 0.41392789990641177,
    "iterations": 20,
    "iterations_to_convergence": 20,
    "last_improvement_iteration": 20,
    "stagnation_iterations": 0,
    "accepted_worse_moves": 2,
    "restarts_performed": 1,
    "num_lp_solves": null,
    "num_labels_generated": null
  },
  "routes": [
    {
      "route_index": 1,
      "nodes": [
        0,
        23,
        7,
        34,
        10,
        22,
        88,
        71,
        12,
        17,
        48,
        19,
        31,
        8,
        78,
        24,
        99
      ],
      "score": 256.0,
      "length": 42.397088050320676
    },
    {
      "route_index": 2,
      "nodes": [
        0,
        96,
        41,
        50,
        3,
        86,
        92,
        18,
        94,
        87,
        84,
        60,
        21,
        98,
        6,
        76,
        49,
        89,
        99
      ],
      "score": 244.0,
      "length": 42.124262985575015
    },
    {
      "route_index": 3,
      "nodes": [
        0,
        14,
        67,
        9,
        59,
        28,
        38,
        20,
        26,
        32,
        80,
        69,
        4,
        62,
        39,
        45,
        74,
        99
      ],
      "score": 206.0,
      "length": 42.342389583122504
    },
    {
      "route_index": 4,
      "nodes": [
        0,
        30,
        57,
        72,
        77,
        53,
        42,
        29,
        81,
        79,
        52,
        97,
        55,
        82,
        99
      ],
      "score": 190.0,
      "length": 42.349840951283745
    }
  ],
  "dataset": "chao",
  "instance_name": "p4.4.m.txt",
  "run_seed": 52008,
  "run_index": 1
}