{
  "instance": {
    "num_nodes": 100,
    "team_size": 4,
    "max_route_distance": 52.5,
    "start_depot": 0,
    "end_depot": 99
  },
  "objective": {
    "total_score": 1081.0
  },
  "performance": {
    "cpu_time_seconds": 0.342242200000328,
    "iterations": 20,
    "iterations_to_convergence": 19,
    "last_improvement_iteration": 19,
    "stagnation_iterations": 1,
    "accepted_worse_moves": 1,
    "restarts_performed": 1,
    "num_lp_solves": null,
    "num_labels_generated": null
  },
  "routes": [
    {
      "route_index": 1,
      "nodes": [
        0,
        30,
        73,
        57,
        53,
        42,
        51,
        59,
        28,
        38,
        20,
        26,
        32,
        80,
        4,
        62,
        45,
        19,
        31,
        8,
        36,
        74,
        78,
        24,
        99
      ],
      "score": 306.0,
      "length": 51.55834287070683
    },
    {
      "route_index": 2,
      "nodes": [
        0,
        96,
        41,
        50,
        3,
        86,
        92,
        18,
        94,
        87,
        84,
        63,
        70,
        60,
        98,
        6,
        76,
        49,
        89,
        99
      ],
      "score": 281.0,
      "length": 52.190139162942714
    },
    {
      "route_index": 3,
      "nodes": [
        0,
        66,
        64,
        40,
        58,
        54,
        72,
        77,
        81,
        29,
        79,
        85,
        52,
        97,
        82,
        99
      ],
      "score": 210.0,
      "length": 52.01194297417718
    },
    {
      "route_index": 4,
      "nodes": [
        0,
        47,
        23,
        7,
        43,
        34,
        14,
        9,
        67,
        10,
        69,
        22,
        88,
        17,
        12,
        75,
        90,
        15,
        2,
        48,
        39,
        55,
        99
      ],
      "score": 284.0,
      "length": 52.379336275151246
    }
  ],
  "dataset": "chao",
  "instance_name": "p4.4.q.txt",
  "run_seed": 63
}