{
  "instance": {
    "num_nodes": 100,
    "team_size": 4,
    "max_route_distance": 55.0,
    "start_depot": 0,
    "end_depot": 99
  },
  "objective": {
    "total_score": 1126.0
  },
  "performance": {
    "cpu_time_seconds": 0.44503229996189475,
    "iterations": 20,
    "iterations_to_convergence": 17,
    "last_improvement_iteration": 17,
    "stagnation_iterations": 3,
    "accepted_worse_moves": 1,
    "restarts_performed": 1,
    "num_lp_solves": null,
    "num_labels_generated": null
  },
  "routes": [
    {
      "route_index": 1,
      "nodes": [
        0,
        41,
        50,
        3,
        86,
        92,
        94,
        18,
        11,
        63,
        33,
        70,
        60,
        21,
        35,
        44,
        49,
        89,
        24,
        99
      ],
      "score": 244.0,
      "length": 54.91192758752249
    },
    {
      "route_index": 2,
      "nodes": [
        0,
        57,
        81,
        79,
        29,
        42,
        27,
        83,
        95,
        51,
        59,
        28,
        38,
        20,
        26,
        32,
        69,
        85,
        52,
        97,
        82,
        99
      ],
      "score": 280.0,
      "length": 54.81130722108177
    },
    {
      "route_index": 3,
      "nodes": [
        0,
        14,
        9,
        67,
        10,
        80,
        22,
        88,
        71,
        12,
        75,
        90,
        15,
        17,
        4,
        55,
        62,
        39,
        48,
        19,
        31,
        8,
        45,
        74,
        78,
        99
      ],
      "score": 348.0,
      "length": 54.312615132104625
    },
    {
      "route_index": 4,
      "nodes": [
        0,
        30,
        73,
        16,
        54,
        58,
        40,
        64,
        66,
        96,
        23,
        7,
        43,
        87,
        84,
        98,
        6,
        76,
        99
      ],
      "score": 254.0,
      "length": 54.26943239044497
    }
  ],
  "dataset": "chao",
  "instance_name": "p4.4.r.txt",
  "run_seed": 57007,
  "run_index": 0
}