{
  "instance": {
    "num_nodes": 100,
    "team_size": 4,
    "max_route_distance": 42.5,
    "start_depot": 0,
    "end_depot": 99
  },
  "objective": {
    "total_score": 846.0
  },
  "performance": {
    "cpu_time_seconds": 0.4002810000674799,
    "iterations": 20,
    "iterations_to_convergence": 16,
    "last_improvement_iteration": 16,
    "stagnation_iterations": 4,
    "accepted_worse_moves": 2,
    "restarts_performed": 1,
    "num_lp_solves": null,
    "num_labels_generated": null
  },
  "routes": [
    {
      "route_index": 1,
      "nodes": [
        0,
        30,
        73,
        57,
        53,
        42,
        29,
        81,
        79,
        9,
        67,
        52,
        97,
        55,
        62,
        82,
        99
      ],
      "score": 206.0,
      "length": 42.25272524614336
    },
    {
      "route_index": 2,
      "nodes": [
        0,
        96,
        66,
        41,
        50,
        3,
        86,
        92,
        94,
        18,
        11,
        63,
        60,
        98,
        6,
        76,
        99
      ],
      "score": 222.0,
      "length": 42.02657455055196
    },
    {
      "route_index": 3,
      "nodes": [
        0,
        14,
        10,
        80,
        22,
        88,
        12,
        17,
        39,
        45,
        19,
        31,
        8,
        74,
        78,
        24,
        99
      ],
      "score": 271.0,
      "length": 42.45269908527833
    },
    {
      "route_index": 4,
      "nodes": [
        0,
        23,
        7,
        34,
        43,
        87,
        84,
        70,
        33,
        35,
        44,
        49,
        89,
        99
      ],
      "score": 147.0,
      "length": 42.046565851378446
    }
  ],
  "dataset": "chao",
  "instance_name": "p4.4.m.txt",
  "run_seed": 52007,
  "run_index": 0
}