{
  "instance": {
    "num_nodes": 66,
    "team_size": 2,
    "max_route_distance": 57.5,
    "start_depot": 0,
    "end_depot": 65
  },
  "objective": {
    "total_score": 1520.0
  },
  "performance": {
    "cpu_time_seconds": 0.13437500002328306,
    "iterations": 20,
    "iterations_to_convergence": 17,
    "last_improvement_iteration": 17,
    "stagnation_iterations": 3,
    "accepted_worse_moves": 3,
    "restarts_performed": 1,
    "num_lp_solves": null,
    "num_labels_generated": null
  },
  "routes": [
    {
      "route_index": 1,
      "nodes": [
        0,
        28,
        20,
        12,
        11,
        3,
        4,
        5,
        13,
        14,
        6,
        7,
        8,
        16,
        24,
        32,
        31,
        39,
        40,
        48,
        56,
        64,
        63,
        62,
        54,
        46,
        38,
        30,
        29,
        65
      ],
      "score": 770.0,
      "length": 56.92080962648189
    },
    {
      "route_index": 2,
      "nodes": [
        0,
        37,
        45,
        53,
        61,
        60,
        52,
        51,
        59,
        58,
        57,
        49,
        50,
        42,
        41,
        33,
        25,
        17,
        9,
        1,
        2,
        10,
        18,
        26,
        34,
        35,
        43,
        44,
        36,
        65
      ],
      "score": 750.0,
      "length": 56.92080962648189
    }
  ],
  "dataset": "chao",
  "instance_name": "p5.2.w.txt",
  "run_seed": 82008,
  "run_index": 1
}