{
  "instance": {
    "num_nodes": 66,
    "team_size": 2,
    "max_route_distance": 55.0,
    "start_depot": 0,
    "end_depot": 65
  },
  "objective": {
    "total_score": 1465.0
  },
  "performance": {
    "cpu_time_seconds": 0.14647580008022487,
    "iterations": 20,
    "iterations_to_convergence": 10,
    "last_improvement_iteration": 10,
    "stagnation_iterations": 10,
    "accepted_worse_moves": 1,
    "restarts_performed": 1,
    "num_lp_solves": null,
    "num_labels_generated": null
  },
  "routes": [
    {
      "route_index": 1,
      "nodes": [
        0,
        29,
        30,
        31,
        32,
        24,
        16,
        8,
        7,
        6,
        5,
        13,
        12,
        4,
        3,
        11,
        10,
        2,
        1,
        9,
        17,
        25,
        33,
        41,
        42,
        34,
        35,
        36,
        65
      ],
      "score": 775.0,
      "length": 54.236067977499786
    },
    {
      "route_index": 2,
      "nodes": [
        0,
        28,
        44,
        45,
        53,
        52,
        51,
        50,
        49,
        57,
        58,
        59,
        60,
        61,
        62,
        63,
        64,
        56,
        55,
        54,
        46,
        47,
        48,
        40,
        39,
        38,
        37,
        65
      ],
      "score": 690.0,
      "length": 54.236067977499786
    }
  ],
  "dataset": "chao",
  "instance_name": "p5.2.v.txt",
  "run_seed": 81008,
  "run_index": 1
}