{
  "instance": {
    "num_nodes": 66,
    "team_size": 2,
    "max_route_distance": 60.0,
    "start_depot": 0,
    "end_depot": 65
  },
  "objective": {
    "total_score": 1590.0
  },
  "performance": {
    "cpu_time_seconds": 0.1222168000003876,
    "iterations": 20,
    "iterations_to_convergence": 20,
    "last_improvement_iteration": 20,
    "stagnation_iterations": 0,
    "accepted_worse_moves": 2,
    "restarts_performed": 1,
    "num_lp_solves": null,
    "num_labels_generated": null
  },
  "routes": [
    {
      "route_index": 1,
      "nodes": [
        0,
        29,
        21,
        22,
        23,
        15,
        14,
        13,
        12,
        11,
        2,
        1,
        9,
        17,
        26,
        25,
        33,
        41,
        49,
        57,
        58,
        59,
        60,
        52,
        51,
        50,
        42,
        34,
        35,
        36,
        65
      ],
      "score": 775.0,
      "length": 59.89292222699217
    },
    {
      "route_index": 2,
      "nodes": [
        0,
        28,
        20,
        19,
        18,
        10,
        3,
        4,
        5,
        6,
        7,
        8,
        16,
        24,
        32,
        31,
        39,
        47,
        40,
        48,
        56,
        64,
        63,
        55,
        54,
        62,
        61,
        53,
        45,
        37,
        65
      ],
      "score": 815.0,
      "length": 59.89292222699217
    }
  ],
  "dataset": "chao",
  "instance_name": "p5.2.x.txt",
  "run_seed": 90
}