{
  "instance": {
    "num_nodes": 66,
    "team_size": 2,
    "max_route_distance": 65.0,
    "start_depot": 0,
    "end_depot": 65
  },
  "objective": {
    "total_score": 1650.0
  },
  "performance": {
    "cpu_time_seconds": 0.14801699994131923,
    "iterations": 20,
    "iterations_to_convergence": 13,
    "last_improvement_iteration": 13,
    "stagnation_iterations": 7,
    "accepted_worse_moves": 1,
    "restarts_performed": 1,
    "num_lp_solves": null,
    "num_labels_generated": null
  },
  "routes": [
    {
      "route_index": 1,
      "nodes": [
        0,
        36,
        35,
        34,
        26,
        18,
        17,
        25,
        33,
        41,
        42,
        50,
        49,
        57,
        58,
        59,
        51,
        52,
        60,
        61,
        62,
        63,
        64,
        56,
        48,
        47,
        55,
        54,
        53,
        45,
        46,
        38,
        37,
        65
      ],
      "score": 870.0,
      "length": 64.92080962648188
    },
    {
      "route_index": 2,
      "nodes": [
        0,
        28,
        27,
        19,
        20,
        21,
        22,
        23,
        14,
        13,
        12,
        11,
        10,
        9,
        1,
        2,
        3,
        4,
        5,
        6,
        7,
        15,
        8,
        16,
        24,
        32,
        40,
        39,
        31,
        30,
        29,
        65
      ],
      "score": 780.0,
      "length": 62.57766387597427
    }
  ],
  "dataset": "chao",
  "instance_name": "p5.2.z.txt",
  "run_seed": 85008,
  "run_index": 1
}