{
  "instance": {
    "num_nodes": 66,
    "team_size": 2,
    "max_route_distance": 62.5,
    "start_depot": 0,
    "end_depot": 65
  },
  "objective": {
    "total_score": 1625.0
  },
  "performance": {
    "cpu_time_seconds": 0.1460180999711156,
    "iterations": 20,
    "iterations_to_convergence": 3,
    "last_improvement_iteration": 3,
    "stagnation_iterations": 17,
    "accepted_worse_moves": 1,
    "restarts_performed": 1,
    "num_lp_solves": null,
    "num_labels_generated": null
  },
  "routes": [
    {
      "route_index": 1,
      "nodes": [
        0,
        28,
        20,
        12,
        13,
        14,
        15,
        23,
        31,
        39,
        40,
        32,
        24,
        16,
        8,
        7,
        6,
        5,
        4,
        3,
        11,
        10,
        2,
        1,
        9,
        17,
        25,
        33,
        34,
        26,
        27,
        65
      ],
      "score": 870.0,
      "length": 62.47213595499958
    },
    {
      "route_index": 2,
      "nodes": [
        0,
        29,
        21,
        22,
        30,
        38,
        46,
        54,
        55,
        47,
        48,
        56,
        64,
        63,
        62,
        61,
        53,
        52,
        60,
        59,
        51,
        50,
        58,
        57,
        49,
        41,
        42,
        43,
        44,
        45,
        37,
        36,
        65
      ],
      "score": 755.0,
      "length": 62.236067977499786
    }
  ],
  "dataset": "chao",
  "instance_name": "p5.2.y.txt",
  "run_seed": 84007,
  "run_index": 0
}