{
  "instance": {
    "num_nodes": 66,
    "team_size": 2,
    "max_route_distance": 62.5,
    "start_depot": 0,
    "end_depot": 65
  },
  "objective": {
    "total_score": 1630.0
  },
  "performance": {
    "cpu_time_seconds": 0.10937920000014856,
    "iterations": 20,
    "iterations_to_convergence": 10,
    "last_improvement_iteration": 10,
    "stagnation_iterations": 10,
    "accepted_worse_moves": 2,
    "restarts_performed": 1,
    "num_lp_solves": null,
    "num_labels_generated": null
  },
  "routes": [
    {
      "route_index": 1,
      "nodes": [
        0,
        28,
        27,
        26,
        18,
        10,
        2,
        1,
        9,
        17,
        25,
        33,
        34,
        35,
        43,
        44,
        52,
        51,
        50,
        42,
        41,
        49,
        57,
        58,
        59,
        60,
        61,
        62,
        54,
        53,
        45,
        37,
        65
      ],
      "score": 825.0,
      "length": 62.236067977499786
    },
    {
      "route_index": 2,
      "nodes": [
        0,
        20,
        12,
        19,
        11,
        3,
        4,
        5,
        6,
        13,
        14,
        15,
        7,
        8,
        16,
        24,
        32,
        40,
        48,
        56,
        64,
        63,
        55,
        47,
        39,
        31,
        23,
        22,
        21,
        29,
        65
      ],
      "score": 805.0,
      "length": 62.152212290791624
    }
  ],
  "dataset": "chao",
  "instance_name": "p5.2.y.txt",
  "run_seed": 91
}