{
  "instance": {
    "num_nodes": 66,
    "team_size": 3,
    "max_route_distance": 36.7,
    "start_depot": 0,
    "end_depot": 65
  },
  "objective": {
    "total_score": 1390.0
  },
  "performance": {
    "cpu_time_seconds": 0.159121899981983,
    "iterations": 20,
    "iterations_to_convergence": 15,
    "last_improvement_iteration": 15,
    "stagnation_iterations": 5,
    "accepted_worse_moves": 1,
    "restarts_performed": 1,
    "num_lp_solves": null,
    "num_labels_generated": null
  },
  "routes": [
    {
      "route_index": 1,
      "nodes": [
        0,
        28,
        27,
        26,
        18,
        17,
        25,
        33,
        41,
        49,
        57,
        58,
        59,
        60,
        61,
        62,
        54,
        45,
        65
      ],
      "score": 495.0,
      "length": 36.639043517063335
    },
    {
      "route_index": 2,
      "nodes": [
        0,
        20,
        12,
        11,
        10,
        9,
        1,
        2,
        3,
        4,
        5,
        6,
        14,
        23,
        31,
        39,
        38,
        37,
        65
      ],
      "score": 455.0,
      "length": 36.639043517063335
    },
    {
      "route_index": 3,
      "nodes": [
        0,
        29,
        21,
        22,
        15,
        7,
        16,
        24,
        32,
        40,
        48,
        56,
        64,
        63,
        55,
        47,
        46,
        65
      ],
      "score": 440.0,
      "length": 36.6800130761956
    }
  ],
  "dataset": "chao",
  "instance_name": "p5.3.v.txt",
  "run_seed": 107008,
  "run_index": 1
}