{
  "instance": {
    "num_nodes": 66,
    "team_size": 3,
    "max_route_distance": 36.7,
    "start_depot": 0,
    "end_depot": 65
  },
  "objective": {
    "total_score": 1400.0
  },
  "performance": {
    "cpu_time_seconds": 0.11945940000077826,
    "iterations": 20,
    "iterations_to_convergence": 7,
    "last_improvement_iteration": 7,
    "stagnation_iterations": 13,
    "accepted_worse_moves": 1,
    "restarts_performed": 1,
    "num_lp_solves": null,
    "num_labels_generated": null
  },
  "routes": [
    {
      "route_index": 1,
      "nodes": [
        0,
        20,
        12,
        11,
        3,
        4,
        5,
        6,
        7,
        8,
        16,
        24,
        32,
        39,
        47,
        46,
        45,
        37,
        65
      ],
      "score": 465.0,
      "length": 36.639043517063335
    },
    {
      "route_index": 2,
      "nodes": [
        0,
        29,
        30,
        22,
        23,
        31,
        40,
        48,
        56,
        64,
        63,
        62,
        61,
        60,
        59,
        51,
        52,
        44,
        65
      ],
      "score": 465.0,
      "length": 36.639043517063335
    },
    {
      "route_index": 3,
      "nodes": [
        0,
        28,
        27,
        26,
        18,
        10,
        9,
        17,
        25,
        33,
        41,
        49,
        57,
        58,
        50,
        42,
        34,
        35,
        36,
        65
      ],
      "score": 470.0,
      "length": 36.236067977499786
    }
  ],
  "dataset": "chao",
  "instance_name": "p5.3.v.txt",
  "run_seed": 114
}