{
  "instance": {
    "num_nodes": 66,
    "team_size": 3,
    "max_route_distance": 38.3,
    "start_depot": 0,
    "end_depot": 65
  },
  "objective": {
    "total_score": 1450.0
  },
  "performance": {
    "cpu_time_seconds": 0.12413229999947362,
    "iterations": 20,
    "iterations_to_convergence": 15,
    "last_improvement_iteration": 15,
    "stagnation_iterations": 5,
    "accepted_worse_moves": 1,
    "restarts_performed": 1,
    "num_lp_solves": null,
    "num_labels_generated": null
  },
  "routes": [
    {
      "route_index": 1,
      "nodes": [
        0,
        29,
        22,
        14,
        6,
        7,
        8,
        15,
        16,
        24,
        32,
        40,
        48,
        47,
        39,
        31,
        30,
        38,
        37,
        65
      ],
      "score": 460.0,
      "length": 37.89292222699217
    },
    {
      "route_index": 2,
      "nodes": [
        0,
        36,
        43,
        51,
        50,
        49,
        57,
        58,
        59,
        60,
        61,
        62,
        63,
        64,
        56,
        55,
        54,
        45,
        65
      ],
      "score": 485.0,
      "length": 38.152212290791624
    },
    {
      "route_index": 3,
      "nodes": [
        0,
        21,
        13,
        5,
        4,
        3,
        11,
        10,
        2,
        1,
        9,
        17,
        25,
        33,
        41,
        42,
        34,
        35,
        65
      ],
      "score": 505.0,
      "length": 37.73396366871636
    }
  ],
  "dataset": "chao",
  "instance_name": "p5.3.w.txt",
  "run_seed": 115
}