{
  "instance": {
    "num_nodes": 66,
    "team_size": 3,
    "max_route_distance": 43.3,
    "start_depot": 0,
    "end_depot": 65
  },
  "objective": {
    "total_score": 1585.0
  },
  "performance": {
    "cpu_time_seconds": 0.13966420001816005,
    "iterations": 20,
    "iterations_to_convergence": 2,
    "last_improvement_iteration": 2,
    "stagnation_iterations": 18,
    "accepted_worse_moves": 0,
    "restarts_performed": 1,
    "num_lp_solves": null,
    "num_labels_generated": null
  },
  "routes": [
    {
      "route_index": 1,
      "nodes": [
        0,
        28,
        27,
        26,
        18,
        10,
        9,
        17,
        25,
        33,
        41,
        42,
        50,
        49,
        57,
        58,
        59,
        60,
        61,
        52,
        44,
        36,
        65
      ],
      "score": 575.0,
      "length": 43.06449510224598
    },
    {
      "route_index": 2,
      "nodes": [
        0,
        29,
        30,
        21,
        13,
        22,
        14,
        15,
        24,
        32,
        40,
        48,
        55,
        56,
        64,
        63,
        62,
        54,
        53,
        45,
        65
      ],
      "score": 495.0,
      "length": 43.12432489130191
    },
    {
      "route_index": 3,
      "nodes": [
        0,
        20,
        12,
        11,
        1,
        2,
        3,
        4,
        5,
        6,
        7,
        8,
        16,
        23,
        31,
        39,
        47,
        46,
        38,
        37,
        65
      ],
      "score": 515.0,
      "length": 43.111179472062915
    }
  ],
  "dataset": "chao",
  "instance_name": "p5.3.z.txt",
  "run_seed": 111008,
  "run_index": 1
}