{
  "instance": {
    "num_nodes": 66,
    "team_size": 3,
    "max_route_distance": 38.3,
    "start_depot": 0,
    "end_depot": 65
  },
  "objective": {
    "total_score": 1370.0
  },
  "performance": {
    "cpu_time_seconds": 0.1516202000202611,
    "iterations": 20,
    "iterations_to_convergence": 18,
    "last_improvement_iteration": 18,
    "stagnation_iterations": 2,
    "accepted_worse_moves": 1,
    "restarts_performed": 1,
    "num_lp_solves": null,
    "num_labels_generated": null
  },
  "routes": [
    {
      "route_index": 1,
      "nodes": [
        0,
        29,
        22,
        14,
        6,
        7,
        15,
        23,
        40,
        48,
        56,
        64,
        63,
        62,
        46,
        45,
        37,
        65
      ],
      "score": 410.0,
      "length": 37.53663105724556
    },
    {
      "route_index": 2,
      "nodes": [
        0,
        21,
        13,
        5,
        4,
        3,
        2,
        1,
        9,
        17,
        25,
        33,
        41,
        49,
        50,
        42,
        34,
        35,
        36,
        65
      ],
      "score": 520.0,
      "length": 37.810616392317144
    },
    {
      "route_index": 3,
      "nodes": [
        0,
        30,
        31,
        24,
        32,
        39,
        47,
        55,
        54,
        53,
        61,
        60,
        59,
        58,
        51,
        52,
        44,
        65
      ],
      "score": 440.0,
      "length": 38.21924504295493
    }
  ],
  "dataset": "chao",
  "instance_name": "p5.3.w.txt",
  "run_seed": 108007,
  "run_index": 0
}