{
  "instance": {
    "num_nodes": 66,
    "team_size": 3,
    "max_route_distance": 38.3,
    "start_depot": 0,
    "end_depot": 65
  },
  "objective": {
    "total_score": 1440.0
  },
  "performance": {
    "cpu_time_seconds": 0.1579442999791354,
    "iterations": 20,
    "iterations_to_convergence": 17,
    "last_improvement_iteration": 17,
    "stagnation_iterations": 3,
    "accepted_worse_moves": 3,
    "restarts_performed": 1,
    "num_lp_solves": null,
    "num_labels_generated": null
  },
  "routes": [
    {
      "route_index": 1,
      "nodes": [
        0,
        21,
        13,
        14,
        6,
        5,
        4,
        3,
        2,
        1,
        9,
        17,
        25,
        33,
        41,
        42,
        34,
        35,
        36,
        65
      ],
      "score": 520.0,
      "length": 37.810616392317144
    },
    {
      "route_index": 2,
      "nodes": [
        0,
        29,
        22,
        15,
        7,
        8,
        16,
        24,
        23,
        31,
        32,
        40,
        48,
        56,
        55,
        54,
        53,
        45,
        37,
        65
      ],
      "score": 470.0,
      "length": 37.89292222699217
    },
    {
      "route_index": 3,
      "nodes": [
        0,
        30,
        38,
        39,
        47,
        63,
        62,
        61,
        60,
        59,
        58,
        57,
        49,
        50,
        51,
        52,
        44,
        65
      ],
      "score": 450.0,
      "length": 37.73396366871636
    }
  ],
  "dataset": "chao",
  "instance_name": "p5.3.w.txt",
  "run_seed": 108008,
  "run_index": 1
}