{
  "instance": {
    "num_nodes": 66,
    "team_size": 3,
    "max_route_distance": 41.7,
    "start_depot": 0,
    "end_depot": 65
  },
  "objective": {
    "total_score": 1550.0
  },
  "performance": {
    "cpu_time_seconds": 0.11880209999981162,
    "iterations": 20,
    "iterations_to_convergence": 16,
    "last_improvement_iteration": 16,
    "stagnation_iterations": 4,
    "accepted_worse_moves": 0,
    "restarts_performed": 1,
    "num_lp_solves": null,
    "num_labels_generated": null
  },
  "routes": [
    {
      "route_index": 1,
      "nodes": [
        0,
        29,
        30,
        39,
        31,
        23,
        24,
        32,
        40,
        48,
        56,
        64,
        63,
        62,
        54,
        53,
        61,
        60,
        52,
        44,
        65
      ],
      "score": 535.0,
      "length": 40.639043517063335
    },
    {
      "route_index": 2,
      "nodes": [
        0,
        21,
        13,
        14,
        15,
        16,
        8,
        7,
        6,
        5,
        4,
        3,
        2,
        1,
        9,
        10,
        18,
        26,
        27,
        65
      ],
      "score": 530.0,
      "length": 40.04668436981694
    },
    {
      "route_index": 3,
      "nodes": [
        0,
        28,
        20,
        12,
        11,
        19,
        17,
        25,
        33,
        41,
        49,
        57,
        58,
        59,
        51,
        50,
        42,
        34,
        35,
        36,
        65
      ],
      "score": 485.0,
      "length": 40.236067977499786
    }
  ],
  "dataset": "chao",
  "instance_name": "p5.3.y.txt",
  "run_seed": 117
}