{
  "instance": {
    "num_nodes": 66,
    "team_size": 3,
    "max_route_distance": 41.7,
    "start_depot": 0,
    "end_depot": 65
  },
  "objective": {
    "total_score": 1555.0
  },
  "performance": {
    "cpu_time_seconds": 0.15365190000738949,
    "iterations": 20,
    "iterations_to_convergence": 10,
    "last_improvement_iteration": 10,
    "stagnation_iterations": 10,
    "accepted_worse_moves": 1,
    "restarts_performed": 1,
    "num_lp_solves": null,
    "num_labels_generated": null
  },
  "routes": [
    {
      "route_index": 1,
      "nodes": [
        0,
        29,
        30,
        31,
        23,
        24,
        32,
        40,
        39,
        47,
        48,
        56,
        64,
        63,
        62,
        61,
        60,
        53,
        52,
        44,
        65
      ],
      "score": 535.0,
      "length": 40.639043517063335
    },
    {
      "route_index": 2,
      "nodes": [
        0,
        20,
        13,
        12,
        11,
        10,
        17,
        25,
        33,
        41,
        49,
        57,
        58,
        59,
        51,
        50,
        42,
        34,
        35,
        36,
        65
      ],
      "score": 515.0,
      "length": 41.46747064180953
    },
    {
      "route_index": 3,
      "nodes": [
        0,
        28,
        27,
        26,
        18,
        9,
        1,
        2,
        3,
        4,
        5,
        6,
        7,
        8,
        16,
        15,
        14,
        22,
        21,
        37,
        65
      ],
      "score": 505.0,
      "length": 41.06449510224598
    }
  ],
  "dataset": "chao",
  "instance_name": "p5.3.y.txt",
  "run_seed": 110008,
  "run_index": 1
}