{
  "instance": {
    "num_nodes": 66,
    "team_size": 3,
    "max_route_distance": 40.0,
    "start_depot": 0,
    "end_depot": 65
  },
  "objective": {
    "total_score": 1505.0
  },
  "performance": {
    "cpu_time_seconds": 0.12060830000064016,
    "iterations": 20,
    "iterations_to_convergence": 1,
    "last_improvement_iteration": 1,
    "stagnation_iterations": 19,
    "accepted_worse_moves": 2,
    "restarts_performed": 1,
    "num_lp_solves": null,
    "num_labels_generated": null
  },
  "routes": [
    {
      "route_index": 1,
      "nodes": [
        0,
        21,
        12,
        11,
        3,
        4,
        5,
        6,
        14,
        15,
        7,
        8,
        16,
        24,
        32,
        23,
        31,
        30,
        65
      ],
      "score": 495.0,
      "length": 39.70353861930932
    },
    {
      "route_index": 2,
      "nodes": [
        0,
        29,
        38,
        39,
        40,
        48,
        56,
        64,
        63,
        62,
        61,
        60,
        59,
        51,
        52,
        53,
        54,
        46,
        45,
        37,
        65
      ],
      "score": 495.0,
      "length": 39.06449510224598
    },
    {
      "route_index": 3,
      "nodes": [
        0,
        28,
        27,
        26,
        18,
        10,
        2,
        1,
        9,
        17,
        25,
        33,
        41,
        49,
        57,
        58,
        50,
        42,
        35,
        36,
        65
      ],
      "score": 515.0,
      "length": 39.06449510224598
    }
  ],
  "dataset": "chao",
  "instance_name": "p5.3.x.txt",
  "run_seed": 116
}