{
  "instance": {
    "num_nodes": 66,
    "team_size": 3,
    "max_route_distance": 40.0,
    "start_depot": 0,
    "end_depot": 65
  },
  "objective": {
    "total_score": 1525.0
  },
  "performance": {
    "cpu_time_seconds": 0.14063490007538348,
    "iterations": 20,
    "iterations_to_convergence": 15,
    "last_improvement_iteration": 15,
    "stagnation_iterations": 5,
    "accepted_worse_moves": 2,
    "restarts_performed": 1,
    "num_lp_solves": null,
    "num_labels_generated": null
  },
  "routes": [
    {
      "route_index": 1,
      "nodes": [
        0,
        21,
        13,
        5,
        6,
        14,
        22,
        23,
        15,
        7,
        8,
        16,
        24,
        32,
        40,
        48,
        47,
        39,
        38,
        37,
        65
      ],
      "score": 515.0,
      "length": 39.810616392317144
    },
    {
      "route_index": 2,
      "nodes": [
        0,
        28,
        27,
        26,
        18,
        10,
        11,
        12,
        4,
        3,
        2,
        1,
        9,
        17,
        25,
        33,
        41,
        34,
        35,
        65
      ],
      "score": 500.0,
      "length": 38.9878423786452
    },
    {
      "route_index": 3,
      "nodes": [
        0,
        36,
        44,
        52,
        51,
        50,
        49,
        57,
        58,
        59,
        60,
        61,
        62,
        63,
        64,
        56,
        55,
        54,
        45,
        65
      ],
      "score": 510.0,
      "length": 39.32378516604544
    }
  ],
  "dataset": "chao",
  "instance_name": "p5.3.x.txt",
  "run_seed": 109007,
  "run_index": 0
}