{
  "instance": {
    "num_nodes": 66,
    "team_size": 3,
    "max_route_distance": 36.7,
    "start_depot": 0,
    "end_depot": 65
  },
  "objective": {
    "total_score": 1385.0
  },
  "performance": {
    "cpu_time_seconds": 0.20069470000453293,
    "iterations": 20,
    "iterations_to_convergence": 4,
    "last_improvement_iteration": 4,
    "stagnation_iterations": 16,
    "accepted_worse_moves": 2,
    "restarts_performed": 1,
    "num_lp_solves": null,
    "num_labels_generated": null
  },
  "routes": [
    {
      "route_index": 1,
      "nodes": [
        0,
        28,
        27,
        26,
        18,
        10,
        9,
        17,
        25,
        33,
        41,
        49,
        57,
        58,
        59,
        51,
        43,
        35,
        65
      ],
      "score": 465.0,
      "length": 36.159415253899006
    },
    {
      "route_index": 2,
      "nodes": [
        0,
        20,
        12,
        11,
        2,
        3,
        4,
        5,
        6,
        7,
        8,
        16,
        24,
        23,
        22,
        30,
        38,
        37,
        65
      ],
      "score": 455.0,
      "length": 36.639043517063335
    },
    {
      "route_index": 3,
      "nodes": [
        0,
        36,
        44,
        52,
        60,
        61,
        62,
        63,
        64,
        56,
        48,
        40,
        32,
        31,
        39,
        47,
        46,
        45,
        65
      ],
      "score": 465.0,
      "length": 36.49535804129925
    }
  ],
  "dataset": "chao",
  "instance_name": "p5.3.v.txt",
  "run_seed": 107007,
  "run_index": 0
}