{
  "instance": {
    "num_nodes": 66,
    "team_size": 3,
    "max_route_distance": 43.3,
    "start_depot": 0,
    "end_depot": 65
  },
  "objective": {
    "total_score": 1635.0
  },
  "performance": {
    "cpu_time_seconds": 0.1085611999997127,
    "iterations": 20,
    "iterations_to_convergence": 17,
    "last_improvement_iteration": 17,
    "stagnation_iterations": 3,
    "accepted_worse_moves": 0,
    "restarts_performed": 1,
    "num_lp_solves": null,
    "num_labels_generated": null
  },
  "routes": [
    {
      "route_index": 1,
      "nodes": [
        0,
        29,
        21,
        22,
        15,
        14,
        13,
        5,
        6,
        7,
        8,
        16,
        24,
        23,
        31,
        32,
        40,
        48,
        47,
        39,
        38,
        37,
        65
      ],
      "score": 545.0,
      "length": 43.06449510224598
    },
    {
      "route_index": 2,
      "nodes": [
        0,
        45,
        53,
        54,
        55,
        56,
        64,
        63,
        62,
        61,
        60,
        59,
        58,
        57,
        49,
        41,
        50,
        51,
        52,
        44,
        65
      ],
      "score": 565.0,
      "length": 43.161064472953704
    },
    {
      "route_index": 3,
      "nodes": [
        0,
        28,
        20,
        19,
        10,
        11,
        12,
        4,
        3,
        2,
        1,
        9,
        17,
        18,
        26,
        25,
        33,
        34,
        42,
        43,
        35,
        36,
        65
      ],
      "score": 525.0,
      "length": 43.06449510224598
    }
  ],
  "dataset": "chao",
  "instance_name": "p5.3.z.txt",
  "run_seed": 118
}