{
  "instance": {
    "num_nodes": 66,
    "team_size": 4,
    "max_route_distance": 23.8,
    "start_depot": 0,
    "end_depot": 65
  },
  "objective": {
    "total_score": 1000.0
  },
  "performance": {
    "cpu_time_seconds": 0.16880460001993924,
    "iterations": 20,
    "iterations_to_convergence": 7,
    "last_improvement_iteration": 7,
    "stagnation_iterations": 13,
    "accepted_worse_moves": 0,
    "restarts_performed": 1,
    "num_lp_solves": null,
    "num_labels_generated": null
  },
  "routes": [
    {
      "route_index": 1,
      "nodes": [
        0,
        36,
        44,
        52,
        51,
        59,
        60,
        61,
        62,
        54,
        45,
        65
      ],
      "score": 250.0,
      "length": 23.323785166045436
    },
    {
      "route_index": 2,
      "nodes": [
        0,
        20,
        19,
        18,
        17,
        25,
        33,
        41,
        42,
        34,
        35,
        65
      ],
      "score": 260.0,
      "length": 23.733963668716363
    },
    {
      "route_index": 3,
      "nodes": [
        0,
        29,
        22,
        23,
        24,
        32,
        40,
        48,
        47,
        39,
        38,
        37,
        65
      ],
      "score": 255.0,
      "length": 23.06449510224598
    },
    {
      "route_index": 4,
      "nodes": [
        0,
        21,
        14,
        15,
        7,
        6,
        5,
        4,
        12,
        28,
        65
      ],
      "score": 235.0,
      "length": 23.323785166045436
    }
  ],
  "dataset": "chao",
  "instance_name": "p5.4.s.txt",
  "run_seed": 130008,
  "run_index": 1
}