{
  "instance": {
    "num_nodes": 66,
    "team_size": 4,
    "max_route_distance": 26.2,
    "start_depot": 0,
    "end_depot": 65
  },
  "objective": {
    "total_score": 1175.0
  },
  "performance": {
    "cpu_time_seconds": 0.18250399990938604,
    "iterations": 20,
    "iterations_to_convergence": 8,
    "last_improvement_iteration": 8,
    "stagnation_iterations": 12,
    "accepted_worse_moves": 2,
    "restarts_performed": 1,
    "num_lp_solves": null,
    "num_labels_generated": null
  },
  "routes": [
    {
      "route_index": 1,
      "nodes": [
        0,
        29,
        21,
        13,
        5,
        4,
        12,
        11,
        10,
        18,
        26,
        27,
        35,
        65
      ],
      "score": 270.0,
      "length": 26.159415253899006
    },
    {
      "route_index": 2,
      "nodes": [
        0,
        20,
        3,
        2,
        1,
        9,
        17,
        25,
        33,
        34,
        65
      ],
      "score": 285.0,
      "length": 26.189656169127275
    },
    {
      "route_index": 3,
      "nodes": [
        0,
        36,
        43,
        42,
        41,
        49,
        57,
        58,
        59,
        60,
        52,
        44,
        65
      ],
      "score": 295.0,
      "length": 25.323785166045436
    },
    {
      "route_index": 4,
      "nodes": [
        0,
        38,
        39,
        40,
        48,
        56,
        64,
        63,
        62,
        61,
        53,
        45,
        65
      ],
      "score": 325.0,
      "length": 26.046684369816937
    }
  ],
  "dataset": "chao",
  "instance_name": "p5.4.u.txt",
  "run_seed": 132007,
  "run_index": 0
}