{
  "instance": {
    "num_nodes": 66,
    "team_size": 4,
    "max_route_distance": 25.0,
    "start_depot": 0,
    "end_depot": 65
  },
  "objective": {
    "total_score": 1070.0
  },
  "performance": {
    "cpu_time_seconds": 0.11561119999987568,
    "iterations": 20,
    "iterations_to_convergence": 9,
    "last_improvement_iteration": 9,
    "stagnation_iterations": 11,
    "accepted_worse_moves": 1,
    "restarts_performed": 1,
    "num_lp_solves": null,
    "num_labels_generated": null
  },
  "routes": [
    {
      "route_index": 1,
      "nodes": [
        0,
        35,
        34,
        41,
        49,
        57,
        58,
        59,
        60,
        52,
        44,
        65
      ],
      "score": 290.0,
      "length": 24.87511149456313
    },
    {
      "route_index": 2,
      "nodes": [
        0,
        29,
        21,
        13,
        14,
        15,
        16,
        24,
        32,
        40,
        39,
        38,
        37,
        65
      ],
      "score": 280.0,
      "length": 24.23606797749979
    },
    {
      "route_index": 3,
      "nodes": [
        0,
        20,
        12,
        4,
        5,
        6,
        7,
        23,
        31,
        30,
        65
      ],
      "score": 245.0,
      "length": 24.046684369816937
    },
    {
      "route_index": 4,
      "nodes": [
        0,
        28,
        27,
        26,
        18,
        9,
        17,
        25,
        33,
        42,
        43,
        36,
        65
      ],
      "score": 255.0,
      "length": 24.72134935173836
    }
  ],
  "dataset": "chao",
  "instance_name": "p5.4.t.txt",
  "run_seed": 138
}