{
  "instance": {
    "num_nodes": 66,
    "team_size": 4,
    "max_route_distance": 27.5,
    "start_depot": 0,
    "end_depot": 65
  },
  "objective": {
    "total_score": 1230.0
  },
  "performance": {
    "cpu_time_seconds": 0.15528329997323453,
    "iterations": 20,
    "iterations_to_convergence": 12,
    "last_improvement_iteration": 12,
    "stagnation_iterations": 8,
    "accepted_worse_moves": 1,
    "restarts_performed": 1,
    "num_lp_solves": null,
    "num_labels_generated": null
  },
  "routes": [
    {
      "route_index": 1,
      "nodes": [
        0,
        28,
        20,
        12,
        11,
        3,
        4,
        5,
        13,
        22,
        23,
        31,
        30,
        65
      ],
      "score": 280.0,
      "length": 27.30056307974577
    },
    {
      "route_index": 2,
      "nodes": [
        0,
        44,
        51,
        50,
        58,
        59,
        60,
        61,
        62,
        54,
        53,
        45,
        65
      ],
      "score": 305.0,
      "length": 27.1610644729537
    },
    {
      "route_index": 3,
      "nodes": [
        0,
        29,
        21,
        14,
        6,
        7,
        8,
        16,
        24,
        32,
        40,
        39,
        38,
        37,
        65
      ],
      "score": 335.0,
      "length": 27.06449510224598
    },
    {
      "route_index": 4,
      "nodes": [
        0,
        27,
        26,
        18,
        10,
        9,
        17,
        25,
        33,
        41,
        42,
        43,
        36,
        65
      ],
      "score": 310.0,
      "length": 26.987842378645194
    }
  ],
  "dataset": "chao",
  "instance_name": "p5.4.v.txt",
  "run_seed": 133007,
  "run_index": 0
}