{
  "instance": {
    "num_nodes": 66,
    "team_size": 4,
    "max_route_distance": 26.2,
    "start_depot": 0,
    "end_depot": 65
  },
  "objective": {
    "total_score": 1165.0
  },
  "performance": {
    "cpu_time_seconds": 0.15712829993572086,
    "iterations": 20,
    "iterations_to_convergence": 10,
    "last_improvement_iteration": 10,
    "stagnation_iterations": 10,
    "accepted_worse_moves": 2,
    "restarts_performed": 1,
    "num_lp_solves": null,
    "num_labels_generated": null
  },
  "routes": [
    {
      "route_index": 1,
      "nodes": [
        0,
        28,
        27,
        34,
        33,
        41,
        49,
        57,
        58,
        59,
        51,
        43,
        36,
        65
      ],
      "score": 300.0,
      "length": 25.89292222699217
    },
    {
      "route_index": 2,
      "nodes": [
        0,
        29,
        37,
        45,
        53,
        54,
        55,
        63,
        62,
        61,
        60,
        52,
        44,
        65
      ],
      "score": 280.0,
      "length": 25.810616392317147
    },
    {
      "route_index": 3,
      "nodes": [
        0,
        21,
        13,
        12,
        4,
        5,
        6,
        7,
        15,
        23,
        31,
        30,
        65
      ],
      "score": 295.0,
      "length": 26.046684369816937
    },
    {
      "route_index": 4,
      "nodes": [
        0,
        20,
        11,
        3,
        2,
        1,
        9,
        17,
        25,
        26,
        35,
        65
      ],
      "score": 290.0,
      "length": 25.390817918208743
    }
  ],
  "dataset": "chao",
  "instance_name": "p5.4.u.txt",
  "run_seed": 132008,
  "run_index": 1
}