{
  "instance": {
    "num_nodes": 66,
    "team_size": 4,
    "max_route_distance": 30.0,
    "start_depot": 0,
    "end_depot": 65
  },
  "objective": {
    "total_score": 1380.0
  },
  "performance": {
    "cpu_time_seconds": 0.13078070000028674,
    "iterations": 20,
    "iterations_to_convergence": 5,
    "last_improvement_iteration": 5,
    "stagnation_iterations": 15,
    "accepted_worse_moves": 0,
    "restarts_performed": 1,
    "num_lp_solves": null,
    "num_labels_generated": null
  },
  "routes": [
    {
      "route_index": 1,
      "nodes": [
        0,
        29,
        22,
        23,
        15,
        7,
        8,
        16,
        24,
        32,
        40,
        48,
        39,
        38,
        37,
        65
      ],
      "score": 360.0,
      "length": 29.89292222699217
    },
    {
      "route_index": 2,
      "nodes": [
        0,
        21,
        13,
        14,
        6,
        5,
        4,
        3,
        2,
        1,
        9,
        18,
        27,
        65
      ],
      "score": 350.0,
      "length": 29.703538619309317
    },
    {
      "route_index": 3,
      "nodes": [
        0,
        28,
        20,
        12,
        11,
        10,
        17,
        26,
        25,
        33,
        41,
        42,
        34,
        35,
        36,
        65
      ],
      "score": 330.0,
      "length": 29.89292222699217
    },
    {
      "route_index": 4,
      "nodes": [
        0,
        45,
        53,
        61,
        60,
        59,
        58,
        57,
        49,
        50,
        51,
        52,
        44,
        65
      ],
      "score": 340.0,
      "length": 28.332637348207513
    }
  ],
  "dataset": "chao",
  "instance_name": "p5.4.x.txt",
  "run_seed": 142
}