{
  "instance": {
    "num_nodes": 66,
    "team_size": 4,
    "max_route_distance": 32.5,
    "start_depot": 0,
    "end_depot": 65
  },
  "objective": {
    "total_score": 1545.0
  },
  "performance": {
    "cpu_time_seconds": 0.12417600000026141,
    "iterations": 20,
    "iterations_to_convergence": 4,
    "last_improvement_iteration": 4,
    "stagnation_iterations": 16,
    "accepted_worse_moves": 2,
    "restarts_performed": 1,
    "num_lp_solves": null,
    "num_labels_generated": null
  },
  "routes": [
    {
      "route_index": 1,
      "nodes": [
        0,
        36,
        35,
        34,
        42,
        41,
        49,
        57,
        58,
        59,
        60,
        61,
        62,
        54,
        53,
        45,
        65
      ],
      "score": 415.0,
      "length": 32.49535804129925
    },
    {
      "route_index": 2,
      "nodes": [
        0,
        30,
        31,
        23,
        24,
        32,
        40,
        48,
        56,
        64,
        63,
        55,
        47,
        39,
        38,
        37,
        65
      ],
      "score": 405.0,
      "length": 32.159415253899006
    },
    {
      "route_index": 3,
      "nodes": [
        0,
        28,
        19,
        11,
        3,
        4,
        5,
        6,
        7,
        8,
        16,
        15,
        14,
        13,
        21,
        29,
        65
      ],
      "score": 385.0,
      "length": 31.74923675122808
    },
    {
      "route_index": 4,
      "nodes": [
        0,
        20,
        12,
        18,
        10,
        2,
        1,
        9,
        17,
        25,
        33,
        26,
        27,
        65
      ],
      "score": 340.0,
      "length": 31.34724744956271
    }
  ],
  "dataset": "chao",
  "instance_name": "p5.4.z.txt",
  "run_seed": 144
}