{
  "instance": {
    "num_nodes": 66,
    "team_size": 4,
    "max_route_distance": 28.8,
    "start_depot": 0,
    "end_depot": 65
  },
  "objective": {
    "total_score": 1370.0
  },
  "performance": {
    "cpu_time_seconds": 0.1690783000085503,
    "iterations": 20,
    "iterations_to_convergence": 6,
    "last_improvement_iteration": 6,
    "stagnation_iterations": 14,
    "accepted_worse_moves": 2,
    "restarts_performed": 1,
    "num_lp_solves": null,
    "num_labels_generated": null
  },
  "routes": [
    {
      "route_index": 1,
      "nodes": [
        0,
        11,
        12,
        4,
        3,
        2,
        1,
        9,
        17,
        25,
        26,
        27,
        65
      ],
      "score": 335.0,
      "length": 28.762428879445668
    },
    {
      "route_index": 2,
      "nodes": [
        0,
        36,
        35,
        34,
        33,
        41,
        49,
        57,
        58,
        59,
        60,
        61,
        53,
        45,
        65
      ],
      "score": 365.0,
      "length": 28.495358041299248
    },
    {
      "route_index": 3,
      "nodes": [
        0,
        28,
        20,
        21,
        13,
        5,
        6,
        7,
        8,
        16,
        24,
        23,
        31,
        30,
        65
      ],
      "score": 335.0,
      "length": 28.47213595499958
    },
    {
      "route_index": 4,
      "nodes": [
        0,
        29,
        38,
        39,
        32,
        40,
        48,
        56,
        64,
        63,
        62,
        54,
        46,
        37,
        65
      ],
      "score": 335.0,
      "length": 28.72134935173836
    }
  ],
  "dataset": "chao",
  "instance_name": "p5.4.w.txt",
  "run_seed": 134008,
  "run_index": 1
}