{
  "instance": {
    "num_nodes": 66,
    "team_size": 4,
    "max_route_distance": 25.0,
    "start_depot": 0,
    "end_depot": 65
  },
  "objective": {
    "total_score": 1095.0
  },
  "performance": {
    "cpu_time_seconds": 0.16397779993712902,
    "iterations": 20,
    "iterations_to_convergence": 3,
    "last_improvement_iteration": 3,
    "stagnation_iterations": 17,
    "accepted_worse_moves": 3,
    "restarts_performed": 1,
    "num_lp_solves": null,
    "num_labels_generated": null
  },
  "routes": [
    {
      "route_index": 1,
      "nodes": [
        0,
        28,
        27,
        26,
        18,
        10,
        9,
        17,
        25,
        33,
        34,
        35,
        36,
        65
      ],
      "score": 280.0,
      "length": 24.23606797749979
    },
    {
      "route_index": 2,
      "nodes": [
        0,
        37,
        45,
        53,
        61,
        60,
        59,
        58,
        50,
        51,
        52,
        44,
        65
      ],
      "score": 275.0,
      "length": 24.495358041299248
    },
    {
      "route_index": 3,
      "nodes": [
        0,
        20,
        12,
        11,
        3,
        4,
        5,
        6,
        14,
        13,
        21,
        65
      ],
      "score": 270.0,
      "length": 24.332637348207513
    },
    {
      "route_index": 4,
      "nodes": [
        0,
        29,
        23,
        15,
        7,
        8,
        16,
        24,
        32,
        31,
        30,
        65
      ],
      "score": 270.0,
      "length": 24.94427190999916
    }
  ],
  "dataset": "chao",
  "instance_name": "p5.4.t.txt",
  "run_seed": 131007,
  "run_index": 0
}