{
  "instance": {
    "num_nodes": 66,
    "team_size": 4,
    "max_route_distance": 26.2,
    "start_depot": 0,
    "end_depot": 65
  },
  "objective": {
    "total_score": 1175.0
  },
  "performance": {
    "cpu_time_seconds": 0.1212031000004572,
    "iterations": 20,
    "iterations_to_convergence": 19,
    "last_improvement_iteration": 19,
    "stagnation_iterations": 1,
    "accepted_worse_moves": 1,
    "restarts_performed": 1,
    "num_lp_solves": null,
    "num_labels_generated": null
  },
  "routes": [
    {
      "route_index": 1,
      "nodes": [
        0,
        20,
        12,
        4,
        3,
        2,
        1,
        9,
        17,
        25,
        26,
        27,
        65
      ],
      "score": 325.0,
      "length": 26.046684369816937
    },
    {
      "route_index": 2,
      "nodes": [
        0,
        29,
        22,
        31,
        32,
        40,
        48,
        56,
        55,
        47,
        39,
        38,
        37,
        65
      ],
      "score": 280.0,
      "length": 25.89292222699217
    },
    {
      "route_index": 3,
      "nodes": [
        0,
        36,
        44,
        52,
        51,
        59,
        60,
        61,
        62,
        54,
        53,
        45,
        65
      ],
      "score": 275.0,
      "length": 24.495358041299248
    },
    {
      "route_index": 4,
      "nodes": [
        0,
        28,
        21,
        13,
        5,
        6,
        7,
        8,
        16,
        24,
        23,
        30,
        65
      ],
      "score": 295.0,
      "length": 26.12899020449196
    }
  ],
  "dataset": "chao",
  "instance_name": "p5.4.u.txt",
  "run_seed": 139
}