{
  "instance": {
    "num_nodes": 66,
    "team_size": 4,
    "max_route_distance": 28.8,
    "start_depot": 0,
    "end_depot": 65
  },
  "objective": {
    "total_score": 1295.0
  },
  "performance": {
    "cpu_time_seconds": 0.1177348000001075,
    "iterations": 20,
    "iterations_to_convergence": 13,
    "last_improvement_iteration": 13,
    "stagnation_iterations": 7,
    "accepted_worse_moves": 1,
    "restarts_performed": 1,
    "num_lp_solves": null,
    "num_labels_generated": null
  },
  "routes": [
    {
      "route_index": 1,
      "nodes": [
        0,
        20,
        12,
        4,
        5,
        6,
        14,
        23,
        31,
        47,
        46,
        45,
        65
      ],
      "score": 275.0,
      "length": 28.213591931880693
    },
    {
      "route_index": 2,
      "nodes": [
        0,
        29,
        22,
        15,
        7,
        8,
        16,
        24,
        32,
        40,
        48,
        39,
        38,
        37,
        65
      ],
      "score": 335.0,
      "length": 28.72134935173836
    },
    {
      "route_index": 3,
      "nodes": [
        0,
        28,
        27,
        19,
        11,
        3,
        2,
        1,
        9,
        17,
        25,
        33,
        34,
        35,
        36,
        65
      ],
      "score": 350.0,
      "length": 28.23606797749979
    },
    {
      "route_index": 4,
      "nodes": [
        0,
        42,
        41,
        49,
        57,
        58,
        59,
        60,
        61,
        53,
        52,
        44,
        65
      ],
      "score": 335.0,
      "length": 28.795860211434103
    }
  ],
  "dataset": "chao",
  "instance_name": "p5.4.w.txt",
  "run_seed": 141
}