{
  "instance": {
    "num_nodes": 66,
    "team_size": 4,
    "max_route_distance": 32.5,
    "start_depot": 0,
    "end_depot": 65
  },
  "objective": {
    "total_score": 1485.0
  },
  "performance": {
    "cpu_time_seconds": 0.15728869999293238,
    "iterations": 20,
    "iterations_to_convergence": 7,
    "last_improvement_iteration": 7,
    "stagnation_iterations": 13,
    "accepted_worse_moves": 1,
    "restarts_performed": 1,
    "num_lp_solves": null,
    "num_labels_generated": null
  },
  "routes": [
    {
      "route_index": 1,
      "nodes": [
        0,
        27,
        26,
        25,
        33,
        42,
        41,
        49,
        57,
        58,
        50,
        51,
        52,
        53,
        65
      ],
      "score": 375.0,
      "length": 32.479580618541746
    },
    {
      "route_index": 2,
      "nodes": [
        0,
        20,
        12,
        5,
        14,
        6,
        7,
        8,
        16,
        24,
        32,
        40,
        39,
        38,
        37,
        65
      ],
      "score": 390.0,
      "length": 31.467470641809527
    },
    {
      "route_index": 3,
      "nodes": [
        0,
        28,
        19,
        11,
        10,
        18,
        17,
        9,
        1,
        2,
        3,
        4,
        13,
        21,
        29,
        65
      ],
      "score": 350.0,
      "length": 30.57766387597427
    },
    {
      "route_index": 4,
      "nodes": [
        0,
        36,
        44,
        43,
        59,
        60,
        61,
        62,
        63,
        64,
        56,
        48,
        47,
        46,
        45,
        65
      ],
      "score": 370.0,
      "length": 32.49535804129925
    }
  ],
  "dataset": "chao",
  "instance_name": "p5.4.z.txt",
  "run_seed": 137008,
  "run_index": 1
}