{
  "instance": {
    "num_nodes": 66,
    "team_size": 4,
    "max_route_distance": 27.5,
    "start_depot": 0,
    "end_depot": 65
  },
  "objective": {
    "total_score": 1255.0
  },
  "performance": {
    "cpu_time_seconds": 0.12499709999974584,
    "iterations": 20,
    "iterations_to_convergence": 9,
    "last_improvement_iteration": 9,
    "stagnation_iterations": 11,
    "accepted_worse_moves": 1,
    "restarts_performed": 1,
    "num_lp_solves": null,
    "num_labels_generated": null
  },
  "routes": [
    {
      "route_index": 1,
      "nodes": [
        0,
        38,
        39,
        40,
        48,
        56,
        64,
        63,
        62,
        61,
        53,
        44,
        65
      ],
      "score": 325.0,
      "length": 26.87511149456313
    },
    {
      "route_index": 2,
      "nodes": [
        0,
        28,
        19,
        18,
        10,
        2,
        1,
        9,
        17,
        25,
        33,
        34,
        35,
        65
      ],
      "score": 320.0,
      "length": 26.987842378645194
    },
    {
      "route_index": 3,
      "nodes": [
        0,
        20,
        12,
        11,
        3,
        4,
        5,
        6,
        7,
        15,
        23,
        30,
        29,
        65
      ],
      "score": 310.0,
      "length": 27.323785166045436
    },
    {
      "route_index": 4,
      "nodes": [
        0,
        36,
        43,
        42,
        41,
        49,
        57,
        58,
        59,
        60,
        52,
        45,
        37,
        65
      ],
      "score": 300.0,
      "length": 26.57766387597427
    }
  ],
  "dataset": "chao",
  "instance_name": "p5.4.v.txt",
  "run_seed": 140
}