{
  "instance": {
    "num_nodes": 66,
    "team_size": 4,
    "max_route_distance": 31.2,
    "start_depot": 0,
    "end_depot": 65
  },
  "objective": {
    "total_score": 1465.0
  },
  "performance": {
    "cpu_time_seconds": 0.2516850000247359,
    "iterations": 20,
    "iterations_to_convergence": 16,
    "last_improvement_iteration": 16,
    "stagnation_iterations": 4,
    "accepted_worse_moves": 3,
    "restarts_performed": 1,
    "num_lp_solves": null,
    "num_labels_generated": null
  },
  "routes": [
    {
      "route_index": 1,
      "nodes": [
        0,
        29,
        30,
        31,
        23,
        16,
        24,
        32,
        40,
        48,
        55,
        54,
        53,
        45,
        37,
        65
      ],
      "score": 340.0,
      "length": 29.89292222699217
    },
    {
      "route_index": 2,
      "nodes": [
        0,
        20,
        12,
        11,
        3,
        4,
        5,
        6,
        7,
        8,
        15,
        14,
        13,
        21,
        65
      ],
      "score": 365.0,
      "length": 31.1610644729537
    },
    {
      "route_index": 3,
      "nodes": [
        0,
        38,
        39,
        47,
        56,
        64,
        63,
        62,
        61,
        60,
        59,
        51,
        52,
        44,
        65
      ],
      "score": 375.0,
      "length": 30.87511149456313
    },
    {
      "route_index": 4,
      "nodes": [
        0,
        28,
        27,
        26,
        18,
        10,
        2,
        1,
        9,
        17,
        25,
        33,
        41,
        42,
        35,
        36,
        65
      ],
      "score": 385.0,
      "length": 31.06449510224598
    }
  ],
  "dataset": "chao",
  "instance_name": "p5.4.y.txt",
  "run_seed": 136008,
  "run_index": 1
}