{
  "instance": {
    "num_nodes": 66,
    "team_size": 4,
    "max_route_distance": 23.8,
    "start_depot": 0,
    "end_depot": 65
  },
  "objective": {
    "total_score": 1015.0
  },
  "performance": {
    "cpu_time_seconds": 0.14120699999966746,
    "iterations": 20,
    "iterations_to_convergence": 19,
    "last_improvement_iteration": 19,
    "stagnation_iterations": 1,
    "accepted_worse_moves": 0,
    "restarts_performed": 1,
    "num_lp_solves": null,
    "num_labels_generated": null
  },
  "routes": [
    {
      "route_index": 1,
      "nodes": [
        0,
        35,
        34,
        33,
        41,
        49,
        58,
        59,
        52,
        44,
        65
      ],
      "score": 255.0,
      "length": 23.703538619309317
    },
    {
      "route_index": 2,
      "nodes": [
        0,
        28,
        20,
        12,
        4,
        3,
        2,
        10,
        18,
        26,
        27,
        36,
        65
      ],
      "score": 245.0,
      "length": 23.06449510224598
    },
    {
      "route_index": 3,
      "nodes": [
        0,
        21,
        13,
        14,
        15,
        16,
        24,
        32,
        40,
        39,
        38,
        65
      ],
      "score": 270.0,
      "length": 23.733963668716363
    },
    {
      "route_index": 4,
      "nodes": [
        0,
        37,
        47,
        48,
        56,
        63,
        62,
        61,
        53,
        45,
        65
      ],
      "score": 245.0,
      "length": 23.795921121045016
    }
  ],
  "dataset": "chao",
  "instance_name": "p5.4.s.txt",
  "run_seed": 137
}