{
  "instance": {
    "num_nodes": 66,
    "team_size": 4,
    "max_route_distance": 27.5,
    "start_depot": 0,
    "end_depot": 65
  },
  "objective": {
    "total_score": 1285.0
  },
  "performance": {
    "cpu_time_seconds": 0.17019850003998727,
    "iterations": 20,
    "iterations_to_convergence": 9,
    "last_improvement_iteration": 9,
    "stagnation_iterations": 11,
    "accepted_worse_moves": 0,
    "restarts_performed": 1,
    "num_lp_solves": null,
    "num_labels_generated": null
  },
  "routes": [
    {
      "route_index": 1,
      "nodes": [
        0,
        28,
        27,
        34,
        33,
        41,
        49,
        57,
        58,
        59,
        60,
        52,
        44,
        65
      ],
      "score": 330.0,
      "length": 26.639043517063335
    },
    {
      "route_index": 2,
      "nodes": [
        0,
        30,
        31,
        32,
        40,
        48,
        56,
        63,
        62,
        61,
        53,
        45,
        37,
        65
      ],
      "score": 330.0,
      "length": 26.987842378645194
    },
    {
      "route_index": 3,
      "nodes": [
        0,
        21,
        12,
        4,
        3,
        2,
        1,
        9,
        17,
        25,
        26,
        35,
        36,
        65
      ],
      "score": 330.0,
      "length": 27.467470641809527
    },
    {
      "route_index": 4,
      "nodes": [
        0,
        20,
        13,
        5,
        6,
        7,
        8,
        16,
        24,
        23,
        22,
        29,
        65
      ],
      "score": 295.0,
      "length": 26.152212290791628
    }
  ],
  "dataset": "chao",
  "instance_name": "p5.4.v.txt",
  "run_seed": 133008,
  "run_index": 1
}