{
  "instance": {
    "num_nodes": 66,
    "team_size": 4,
    "max_route_distance": 32.5,
    "start_depot": 0,
    "end_depot": 65
  },
  "objective": {
    "total_score": 1535.0
  },
  "performance": {
    "cpu_time_seconds": 0.14397920004557818,
    "iterations": 20,
    "iterations_to_convergence": 12,
    "last_improvement_iteration": 12,
    "stagnation_iterations": 8,
    "accepted_worse_moves": 0,
    "restarts_performed": 1,
    "num_lp_solves": null,
    "num_labels_generated": null
  },
  "routes": [
    {
      "route_index": 1,
      "nodes": [
        0,
        28,
        20,
        12,
        4,
        3,
        11,
        10,
        2,
        1,
        9,
        17,
        25,
        26,
        34,
        35,
        36,
        65
      ],
      "score": 410.0,
      "length": 32.236067977499786
    },
    {
      "route_index": 2,
      "nodes": [
        0,
        43,
        42,
        33,
        41,
        49,
        57,
        58,
        59,
        60,
        61,
        53,
        52,
        44,
        65
      ],
      "score": 385.0,
      "length": 32.130781756959884
    },
    {
      "route_index": 3,
      "nodes": [
        0,
        29,
        22,
        14,
        15,
        24,
        32,
        40,
        48,
        56,
        64,
        63,
        62,
        54,
        45,
        65
      ],
      "score": 390.0,
      "length": 32.29589776655572
    },
    {
      "route_index": 4,
      "nodes": [
        0,
        21,
        13,
        5,
        6,
        7,
        8,
        16,
        23,
        31,
        39,
        47,
        46,
        38,
        37,
        65
      ],
      "score": 350.0,
      "length": 30.639043517063335
    }
  ],
  "dataset": "chao",
  "instance_name": "p5.4.z.txt",
  "run_seed": 137007,
  "run_index": 0
}