{
  "instance": {
    "num_nodes": 66,
    "team_size": 4,
    "max_route_distance": 31.2,
    "start_depot": 0,
    "end_depot": 65
  },
  "objective": {
    "total_score": 1510.0
  },
  "performance": {
    "cpu_time_seconds": 0.11879440000029717,
    "iterations": 20,
    "iterations_to_convergence": 7,
    "last_improvement_iteration": 7,
    "stagnation_iterations": 13,
    "accepted_worse_moves": 0,
    "restarts_performed": 1,
    "num_lp_solves": null,
    "num_labels_generated": null
  },
  "routes": [
    {
      "route_index": 1,
      "nodes": [
        0,
        29,
        30,
        31,
        23,
        15,
        7,
        8,
        16,
        24,
        32,
        40,
        47,
        46,
        45,
        37,
        65
      ],
      "score": 365.0,
      "length": 31.06449510224598
    },
    {
      "route_index": 2,
      "nodes": [
        0,
        38,
        39,
        48,
        56,
        64,
        63,
        62,
        54,
        53,
        61,
        60,
        52,
        44,
        65
      ],
      "score": 375.0,
      "length": 30.87511149456313
    },
    {
      "route_index": 3,
      "nodes": [
        0,
        28,
        27,
        26,
        18,
        17,
        25,
        33,
        41,
        49,
        57,
        58,
        59,
        51,
        43,
        36,
        65
      ],
      "score": 395.0,
      "length": 31.06449510224598
    },
    {
      "route_index": 4,
      "nodes": [
        0,
        21,
        13,
        6,
        5,
        4,
        3,
        2,
        1,
        9,
        10,
        11,
        12,
        20,
        65
      ],
      "score": 375.0,
      "length": 31.1610644729537
    }
  ],
  "dataset": "chao",
  "instance_name": "p5.4.y.txt",
  "run_seed": 143
}