{
  "instance": {
    "num_nodes": 64,
    "team_size": 2,
    "max_route_distance": 40.0,
    "start_depot": 0,
    "end_depot": 63
  },
  "objective": {
    "total_score": 1242.0
  },
  "performance": {
    "cpu_time_seconds": 0.10908939999990253,
    "iterations": 20,
    "iterations_to_convergence": 19,
    "last_improvement_iteration": 19,
    "stagnation_iterations": 1,
    "accepted_worse_moves": 3,
    "restarts_performed": 1,
    "num_lp_solves": null,
    "num_labels_generated": null
  },
  "routes": [
    {
      "route_index": 1,
      "nodes": [
        0,
        2,
        5,
        9,
        14,
        20,
        27,
        35,
        42,
        48,
        41,
        34,
        26,
        19,
        13,
        18,
        24,
        32,
        25,
        33,
        40,
        46,
        52,
        47,
        53,
        57,
        60,
        62,
        63
      ],
      "score": 630.0,
      "length": 39.59797974644666
    },
    {
      "route_index": 2,
      "nodes": [
        0,
        1,
        3,
        6,
        11,
        17,
        16,
        10,
        15,
        22,
        30,
        23,
        31,
        39,
        45,
        38,
        44,
        37,
        29,
        21,
        28,
        36,
        43,
        49,
        54,
        58,
        61,
        63
      ],
      "score": 612.0,
      "length": 38.76955262170048
    }
  ],
  "dataset": "chao",
  "instance_name": "p6.2.n.txt",
  "run_seed": 158
}