{
  "instance": {
    "num_nodes": 64,
    "team_size": 3,
    "max_route_distance": 25.0,
    "start_depot": 0,
    "end_depot": 63
  },
  "objective": {
    "total_score": 1050.0
  },
  "performance": {
    "cpu_time_seconds": 0.15059620002284646,
    "iterations": 20,
    "iterations_to_convergence": 15,
    "last_improvement_iteration": 15,
    "stagnation_iterations": 5,
    "accepted_worse_moves": 0,
    "restarts_performed": 1,
    "num_lp_solves": null,
    "num_labels_generated": null
  },
  "routes": [
    {
      "route_index": 1,
      "nodes": [
        0,
        1,
        3,
        6,
        10,
        15,
        22,
        29,
        21,
        28,
        36,
        43,
        37,
        44,
        50,
        58,
        61,
        63
      ],
      "score": 390.0,
      "length": 24.627416997969522
    },
    {
      "route_index": 2,
      "nodes": [
        0,
        4,
        8,
        18,
        32,
        33,
        41,
        34,
        27,
        35,
        42,
        48,
        53,
        57,
        60,
        62,
        63
      ],
      "score": 360.0,
      "length": 24.970562748477143
    },
    {
      "route_index": 3,
      "nodes": [
        0,
        2,
        5,
        9,
        14,
        20,
        26,
        19,
        25,
        24,
        31,
        30,
        38,
        45,
        51,
        59,
        63
      ],
      "score": 300.0,
      "length": 24.970562748477143
    }
  ],
  "dataset": "chao",
  "instance_name": "p6.3.m.txt",
  "run_seed": 164007,
  "run_index": 0
}