{
  "instance": {
    "num_nodes": 64,
    "team_size": 3,
    "max_route_distance": 26.7,
    "start_depot": 0,
    "end_depot": 63
  },
  "objective": {
    "total_score": 1134.0
  },
  "performance": {
    "cpu_time_seconds": 0.1356910999165848,
    "iterations": 20,
    "iterations_to_convergence": 4,
    "last_improvement_iteration": 4,
    "stagnation_iterations": 16,
    "accepted_worse_moves": 0,
    "restarts_performed": 1,
    "num_lp_solves": null,
    "num_labels_generated": null
  },
  "routes": [
    {
      "route_index": 1,
      "nodes": [
        0,
        4,
        7,
        11,
        23,
        30,
        37,
        29,
        21,
        28,
        36,
        43,
        49,
        44,
        50,
        54,
        58,
        61,
        63
      ],
      "score": 402.0,
      "length": 26.627416997969522
    },
    {
      "route_index": 2,
      "nodes": [
        0,
        2,
        8,
        13,
        19,
        25,
        33,
        26,
        20,
        27,
        34,
        35,
        42,
        48,
        53,
        57,
        60,
        62,
        63
      ],
      "score": 414.0,
      "length": 26.627416997969522
    },
    {
      "route_index": 3,
      "nodes": [
        0,
        1,
        3,
        6,
        10,
        15,
        22,
        16,
        17,
        24,
        32,
        39,
        31,
        38,
        45,
        51,
        55,
        59,
        63
      ],
      "score": 318.0,
      "length": 26.627416997969522
    }
  ],
  "dataset": "chao",
  "instance_name": "p6.3.n.txt",
  "run_seed": 165007,
  "run_index": 0
}