{
  "instance": {
    "num_nodes": 64,
    "team_size": 3,
    "max_route_distance": 25.0,
    "start_depot": 0,
    "end_depot": 63
  },
  "objective": {
    "total_score": 1062.0
  },
  "performance": {
    "cpu_time_seconds": 0.10743160000038188,
    "iterations": 20,
    "iterations_to_convergence": 18,
    "last_improvement_iteration": 18,
    "stagnation_iterations": 2,
    "accepted_worse_moves": 2,
    "restarts_performed": 1,
    "num_lp_solves": null,
    "num_labels_generated": null
  },
  "routes": [
    {
      "route_index": 1,
      "nodes": [
        0,
        1,
        3,
        6,
        10,
        15,
        22,
        29,
        21,
        28,
        36,
        43,
        37,
        44,
        50,
        55,
        61,
        63
      ],
      "score": 390.0,
      "length": 24.627416997969522
    },
    {
      "route_index": 2,
      "nodes": [
        0,
        4,
        8,
        18,
        24,
        31,
        39,
        32,
        25,
        33,
        41,
        47,
        40,
        46,
        51,
        59,
        63
      ],
      "score": 288.0,
      "length": 24.970562748477143
    },
    {
      "route_index": 3,
      "nodes": [
        0,
        2,
        5,
        9,
        19,
        14,
        20,
        26,
        34,
        27,
        35,
        42,
        48,
        53,
        57,
        60,
        62,
        63
      ],
      "score": 384.0,
      "length": 24.627416997969522
    }
  ],
  "dataset": "chao",
  "instance_name": "p6.3.m.txt",
  "run_seed": 171
}