{
  "instance": {
    "num_nodes": 64,
    "team_size": 3,
    "max_route_distance": 26.7,
    "start_depot": 0,
    "end_depot": 63
  },
  "objective": {
    "total_score": 1128.0
  },
  "performance": {
    "cpu_time_seconds": 0.13084979995619506,
    "iterations": 20,
    "iterations_to_convergence": 16,
    "last_improvement_iteration": 16,
    "stagnation_iterations": 4,
    "accepted_worse_moves": 1,
    "restarts_performed": 1,
    "num_lp_solves": null,
    "num_labels_generated": null
  },
  "routes": [
    {
      "route_index": 1,
      "nodes": [
        0,
        1,
        3,
        6,
        10,
        15,
        22,
        29,
        21,
        28,
        36,
        43,
        37,
        30,
        38,
        45,
        51,
        59,
        63
      ],
      "score": 420.0,
      "length": 26.627416997969522
    },
    {
      "route_index": 2,
      "nodes": [
        0,
        4,
        7,
        11,
        16,
        23,
        31,
        24,
        32,
        40,
        46,
        39,
        44,
        49,
        54,
        58,
        61,
        63
      ],
      "score": 294.0,
      "length": 26.37548109576481
    },
    {
      "route_index": 3,
      "nodes": [
        0,
        2,
        8,
        13,
        19,
        25,
        33,
        26,
        34,
        27,
        35,
        42,
        48,
        41,
        47,
        52,
        56,
        62,
        63
      ],
      "score": 414.0,
      "length": 26.627416997969522
    }
  ],
  "dataset": "chao",
  "instance_name": "p6.3.n.txt",
  "run_seed": 165008,
  "run_index": 1
}