{
  "instance": {
    "num_nodes": 64,
    "team_size": 3,
    "max_route_distance": 25.0,
    "start_depot": 0,
    "end_depot": 63
  },
  "objective": {
    "total_score": 1056.0
  },
  "performance": {
    "cpu_time_seconds": 0.1405811000149697,
    "iterations": 20,
    "iterations_to_convergence": 10,
    "last_improvement_iteration": 10,
    "stagnation_iterations": 10,
    "accepted_worse_moves": 1,
    "restarts_performed": 1,
    "num_lp_solves": null,
    "num_labels_generated": null
  },
  "routes": [
    {
      "route_index": 1,
      "nodes": [
        0,
        4,
        8,
        13,
        19,
        33,
        34,
        27,
        35,
        42,
        48,
        41,
        47,
        52,
        56,
        62,
        63
      ],
      "score": 360.0,
      "length": 24.970562748477143
    },
    {
      "route_index": 2,
      "nodes": [
        0,
        1,
        3,
        11,
        16,
        22,
        15,
        21,
        28,
        36,
        29,
        37,
        43,
        49,
        54,
        58,
        61,
        63
      ],
      "score": 390.0,
      "length": 24.627416997969522
    },
    {
      "route_index": 3,
      "nodes": [
        0,
        2,
        5,
        9,
        14,
        20,
        26,
        25,
        32,
        31,
        23,
        30,
        38,
        45,
        55,
        59,
        63
      ],
      "score": 306.0,
      "length": 24.970562748477143
    }
  ],
  "dataset": "chao",
  "instance_name": "p6.3.m.txt",
  "run_seed": 164008,
  "run_index": 1
}