{
  "instance": {
    "num_nodes": 64,
    "team_size": 4,
    "max_route_distance": 20.0,
    "start_depot": 0,
    "end_depot": 63
  },
  "objective": {
    "total_score": 972.0
  },
  "performance": {
    "cpu_time_seconds": 0.11717099999987113,
    "iterations": 20,
    "iterations_to_convergence": 20,
    "last_improvement_iteration": 20,
    "stagnation_iterations": 0,
    "accepted_worse_moves": 1,
    "restarts_performed": 1,
    "num_lp_solves": null,
    "num_labels_generated": null
  },
  "routes": [
    {
      "route_index": 1,
      "nodes": [
        0,
        1,
        3,
        6,
        10,
        15,
        21,
        37,
        44,
        50,
        55,
        63
      ],
      "score": 210.0,
      "length": 18.718626846272425
    },
    {
      "route_index": 2,
      "nodes": [
        0,
        2,
        5,
        9,
        14,
        20,
        27,
        35,
        42,
        48,
        53,
        57,
        60,
        62,
        63
      ],
      "score": 294.0,
      "length": 19.79898987322333
    },
    {
      "route_index": 3,
      "nodes": [
        0,
        4,
        7,
        11,
        16,
        22,
        29,
        36,
        43,
        49,
        54,
        58,
        61,
        63
      ],
      "score": 252.0,
      "length": 18.970562748477143
    },
    {
      "route_index": 4,
      "nodes": [
        0,
        8,
        13,
        19,
        26,
        33,
        25,
        32,
        39,
        45,
        51,
        59,
        63
      ],
      "score": 216.0,
      "length": 19.890199721526237
    }
  ],
  "dataset": "chao",
  "instance_name": "p6.4.n.txt",
  "run_seed": 186
}