{
  "instance": {
    "num_nodes": 102,
    "team_size": 2,
    "max_route_distance": 140.0,
    "start_depot": 0,
    "end_depot": 101
  },
  "objective": {
    "total_score": 828.0
  },
  "performance": {
    "cpu_time_seconds": 0.313820100040175,
    "iterations": 20,
    "iterations_to_convergence": 16,
    "last_improvement_iteration": 16,
    "stagnation_iterations": 4,
    "accepted_worse_moves": 1,
    "restarts_performed": 1,
    "num_lp_solves": null,
    "num_labels_generated": null
  },
  "routes": [
    {
      "route_index": 1,
      "nodes": [
        0,
        55,
        63,
        14,
        21,
        57,
        8,
        100,
        56,
        11,
        42,
        12,
        23,
        97,
        60,
        99,
        74,
        98,
        59,
        13,
        62,
        27,
        49,
        91,
        48,
        90,
        26,
        75,
        41,
        39,
        101
      ],
      "score": 468.0,
      "length": 139.85164222827999
    },
    {
      "route_index": 2,
      "nodes": [
        0,
        30,
        28,
        20,
        93,
        9,
        50,
        51,
        15,
        52,
        33,
        10,
        17,
        80,
        31,
        32,
        18,
        43,
        95,
        3,
        81,
        29,
        101
      ],
      "score": 360.0,
      "length": 139.61790695415866
    }
  ],
  "dataset": "chao",
  "instance_name": "p7.2.n.txt",
  "run_seed": 193008,
  "run_index": 1
}