{
  "instance": {
    "num_nodes": 102,
    "team_size": 2,
    "max_route_distance": 160.0,
    "start_depot": 0,
    "end_depot": 101
  },
  "objective": {
    "total_score": 930.0
  },
  "performance": {
    "cpu_time_seconds": 0.3686791999498382,
    "iterations": 20,
    "iterations_to_convergence": 16,
    "last_improvement_iteration": 16,
    "stagnation_iterations": 4,
    "accepted_worse_moves": 4,
    "restarts_performed": 1,
    "num_lp_solves": null,
    "num_labels_generated": null
  },
  "routes": [
    {
      "route_index": 1,
      "nodes": [
        0,
        55,
        63,
        1,
        94,
        42,
        23,
        12,
        36,
        22,
        60,
        97,
        11,
        56,
        99,
        74,
        98,
        8,
        100,
        58,
        14,
        57,
        59,
        13,
        21,
        41,
        28,
        20,
        50,
        30,
        101
      ],
      "score": 496.0,
      "length": 159.13642533917752
    },
    {
      "route_index": 2,
      "nodes": [
        0,
        29,
        81,
        95,
        3,
        88,
        61,
        38,
        33,
        10,
        52,
        15,
        51,
        9,
        93,
        40,
        16,
        4,
        2,
        83,
        49,
        27,
        91,
        48,
        90,
        26,
        75,
        39,
        101
      ],
      "score": 434.0,
      "length": 158.34848844114217
    }
  ],
  "dataset": "chao",
  "instance_name": "p7.2.p.txt",
  "run_seed": 195007,
  "run_index": 0
}