{
  "instance": {
    "num_nodes": 102,
    "team_size": 2,
    "max_route_distance": 190.0,
    "start_depot": 0,
    "end_depot": 101
  },
  "objective": {
    "total_score": 1082.0
  },
  "performance": {
    "cpu_time_seconds": 0.4971858999924734,
    "iterations": 20,
    "iterations_to_convergence": 18,
    "last_improvement_iteration": 18,
    "stagnation_iterations": 2,
    "accepted_worse_moves": 0,
    "restarts_performed": 1,
    "num_lp_solves": null,
    "num_labels_generated": null
  },
  "routes": [
    {
      "route_index": 1,
      "nodes": [
        0,
        29,
        30,
        28,
        20,
        93,
        9,
        51,
        15,
        52,
        33,
        10,
        17,
        80,
        31,
        89,
        3,
        95,
        43,
        25,
        5,
        6,
        53,
        54,
        85,
        1,
        11,
        56,
        8,
        100,
        58,
        57,
        14,
        21,
        101
      ],
      "score": 621.0,
      "length": 189.42006076757235
    },
    {
      "route_index": 2,
      "nodes": [
        0,
        55,
        24,
        65,
        37,
        94,
        42,
        23,
        12,
        36,
        22,
        60,
        99,
        74,
        98,
        59,
        13,
        62,
        27,
        91,
        49,
        83,
        2,
        4,
        16,
        48,
        90,
        26,
        75,
        41,
        39,
        101
      ],
      "score": 461.0,
      "length": 188.71584762781865
    }
  ],
  "dataset": "chao",
  "instance_name": "p7.2.s.txt",
  "run_seed": 198008,
  "run_index": 1
}