{
  "instance": {
    "num_nodes": 102,
    "team_size": 2,
    "max_route_distance": 190.0,
    "start_depot": 0,
    "end_depot": 101
  },
  "objective": {
    "total_score": 998.0
  },
  "performance": {
    "cpu_time_seconds": 0.47117390006314963,
    "iterations": 20,
    "iterations_to_convergence": 20,
    "last_improvement_iteration": 20,
    "stagnation_iterations": 0,
    "accepted_worse_moves": 1,
    "restarts_performed": 1,
    "num_lp_solves": null,
    "num_labels_generated": null
  },
  "routes": [
    {
      "route_index": 1,
      "nodes": [
        0,
        21,
        13,
        59,
        98,
        74,
        99,
        60,
        97,
        11,
        94,
        1,
        85,
        54,
        24,
        81,
        95,
        3,
        88,
        61,
        38,
        80,
        17,
        10,
        33,
        52,
        15,
        51,
        9,
        93,
        20,
        28,
        30,
        29,
        101
      ],
      "score": 496.0,
      "length": 188.30489712344337
    },
    {
      "route_index": 2,
      "nodes": [
        0,
        39,
        41,
        75,
        26,
        90,
        48,
        16,
        83,
        4,
        46,
        2,
        49,
        91,
        27,
        84,
        66,
        78,
        22,
        36,
        12,
        23,
        42,
        56,
        100,
        58,
        8,
        57,
        14,
        63,
        55,
        101
      ],
      "score": 502.0,
      "length": 189.9424355328621
    }
  ],
  "dataset": "chao",
  "instance_name": "p7.2.s.txt",
  "run_seed": 198007,
  "run_index": 0
}