{
  "instance": {
    "num_nodes": 102,
    "team_size": 2,
    "max_route_distance": 170.0,
    "start_depot": 0,
    "end_depot": 101
  },
  "objective": {
    "total_score": 961.0
  },
  "performance": {
    "cpu_time_seconds": 0.28022970000074565,
    "iterations": 20,
    "iterations_to_convergence": 18,
    "last_improvement_iteration": 18,
    "stagnation_iterations": 2,
    "accepted_worse_moves": 0,
    "restarts_performed": 1,
    "num_lp_solves": null,
    "num_labels_generated": null
  },
  "routes": [
    {
      "route_index": 1,
      "nodes": [
        0,
        30,
        50,
        38,
        33,
        10,
        52,
        15,
        51,
        9,
        93,
        20,
        28,
        41,
        21,
        14,
        57,
        98,
        99,
        74,
        60,
        97,
        22,
        36,
        12,
        23,
        42,
        11,
        100,
        58,
        63,
        55,
        101
      ],
      "score": 517.0,
      "length": 166.8978377989433
    },
    {
      "route_index": 2,
      "nodes": [
        0,
        39,
        75,
        26,
        90,
        48,
        16,
        4,
        2,
        83,
        49,
        91,
        27,
        62,
        13,
        59,
        8,
        56,
        1,
        54,
        53,
        6,
        64,
        95,
        3,
        88,
        29,
        101
      ],
      "score": 444.0,
      "length": 169.15718684147328
    }
  ],
  "dataset": "chao",
  "instance_name": "p7.2.q.txt",
  "run_seed": 203
}