{
  "instance": {
    "num_nodes": 102,
    "team_size": 2,
    "max_route_distance": 200.0,
    "start_depot": 0,
    "end_depot": 101
  },
  "objective": {
    "total_score": 1153.0
  },
  "performance": {
    "cpu_time_seconds": 0.4048687999602407,
    "iterations": 20,
    "iterations_to_convergence": 18,
    "last_improvement_iteration": 18,
    "stagnation_iterations": 2,
    "accepted_worse_moves": 0,
    "restarts_performed": 1,
    "num_lp_solves": null,
    "num_labels_generated": null
  },
  "routes": [
    {
      "route_index": 1,
      "nodes": [
        0,
        29,
        88,
        3,
        95,
        43,
        19,
        25,
        5,
        6,
        53,
        65,
        37,
        54,
        94,
        1,
        42,
        23,
        12,
        36,
        22,
        97,
        60,
        74,
        99,
        11,
        56,
        8,
        100,
        58,
        63,
        14,
        57,
        59,
        13,
        21,
        41,
        39,
        101
      ],
      "score": 649.0,
      "length": 199.93423389541002
    },
    {
      "route_index": 2,
      "nodes": [
        0,
        30,
        20,
        50,
        38,
        61,
        89,
        31,
        68,
        80,
        17,
        10,
        33,
        52,
        15,
        51,
        9,
        93,
        40,
        16,
        4,
        46,
        2,
        83,
        49,
        27,
        91,
        48,
        90,
        26,
        75,
        28,
        101
      ],
      "score": 504.0,
      "length": 198.87747168689344
    }
  ],
  "dataset": "chao",
  "instance_name": "p7.2.t.txt",
  "run_seed": 199007,
  "run_index": 0
}