{
  "instance": {
    "num_nodes": 102,
    "team_size": 2,
    "max_route_distance": 190.0,
    "start_depot": 0,
    "end_depot": 101
  },
  "objective": {
    "total_score": 987.0
  },
  "performance": {
    "cpu_time_seconds": 0.28742739999961486,
    "iterations": 20,
    "iterations_to_convergence": 17,
    "last_improvement_iteration": 17,
    "stagnation_iterations": 3,
    "accepted_worse_moves": 1,
    "restarts_performed": 1,
    "num_lp_solves": null,
    "num_labels_generated": null
  },
  "routes": [
    {
      "route_index": 1,
      "nodes": [
        0,
        39,
        20,
        9,
        93,
        40,
        28,
        75,
        41,
        21,
        14,
        57,
        13,
        59,
        98,
        56,
        11,
        94,
        37,
        65,
        53,
        6,
        5,
        25,
        43,
        95,
        88,
        29,
        101
      ],
      "score": 488.0,
      "length": 185.17560260050192
    },
    {
      "route_index": 2,
      "nodes": [
        0,
        30,
        50,
        51,
        15,
        52,
        33,
        10,
        17,
        80,
        31,
        32,
        96,
        18,
        3,
        81,
        24,
        54,
        85,
        1,
        42,
        23,
        12,
        36,
        22,
        60,
        74,
        99,
        8,
        100,
        58,
        63,
        55,
        101
      ],
      "score": 499.0,
      "length": 189.56370383775737
    }
  ],
  "dataset": "chao",
  "instance_name": "p7.2.s.txt",
  "run_seed": 205
}