{
  "instance": {
    "num_nodes": 102,
    "team_size": 2,
    "max_route_distance": 180.0,
    "start_depot": 0,
    "end_depot": 101
  },
  "objective": {
    "total_score": 1024.0
  },
  "performance": {
    "cpu_time_seconds": 0.28998259999934817,
    "iterations": 20,
    "iterations_to_convergence": 19,
    "last_improvement_iteration": 19,
    "stagnation_iterations": 1,
    "accepted_worse_moves": 0,
    "restarts_performed": 1,
    "num_lp_solves": null,
    "num_labels_generated": null
  },
  "routes": [
    {
      "route_index": 1,
      "nodes": [
        0,
        29,
        88,
        61,
        38,
        50,
        51,
        9,
        93,
        40,
        16,
        4,
        2,
        49,
        27,
        91,
        48,
        90,
        26,
        75,
        41,
        21,
        13,
        59,
        98,
        74,
        99,
        60,
        97,
        11,
        56,
        8,
        100,
        58,
        57,
        14,
        39,
        101
      ],
      "score": 598.0,
      "length": 179.73443300731603
    },
    {
      "route_index": 2,
      "nodes": [
        0,
        55,
        24,
        85,
        1,
        54,
        65,
        53,
        6,
        5,
        25,
        43,
        95,
        3,
        89,
        31,
        68,
        45,
        47,
        17,
        10,
        33,
        52,
        15,
        20,
        30,
        101
      ],
      "score": 426.0,
      "length": 179.79243770504314
    }
  ],
  "dataset": "chao",
  "instance_name": "p7.2.r.txt",
  "run_seed": 204
}