{
  "instance": {
    "num_nodes": 102,
    "team_size": 2,
    "max_route_distance": 170.0,
    "start_depot": 0,
    "end_depot": 101
  },
  "objective": {
    "total_score": 996.0
  },
  "performance": {
    "cpu_time_seconds": 0.37681639997754246,
    "iterations": 20,
    "iterations_to_convergence": 20,
    "last_improvement_iteration": 20,
    "stagnation_iterations": 0,
    "accepted_worse_moves": 2,
    "restarts_performed": 1,
    "num_lp_solves": null,
    "num_labels_generated": null
  },
  "routes": [
    {
      "route_index": 1,
      "nodes": [
        0,
        21,
        57,
        8,
        56,
        11,
        42,
        23,
        12,
        36,
        22,
        60,
        74,
        99,
        98,
        59,
        13,
        62,
        90,
        48,
        91,
        27,
        49,
        83,
        2,
        4,
        16,
        26,
        75,
        41,
        39,
        101
      ],
      "score": 536.0,
      "length": 168.33542343191883
    },
    {
      "route_index": 2,
      "nodes": [
        0,
        55,
        63,
        14,
        58,
        100,
        1,
        94,
        54,
        53,
        6,
        64,
        95,
        3,
        89,
        31,
        68,
        80,
        17,
        10,
        33,
        52,
        15,
        51,
        9,
        93,
        20,
        28,
        30,
        29,
        101
      ],
      "score": 460.0,
      "length": 169.52583260356116
    }
  ],
  "dataset": "chao",
  "instance_name": "p7.2.q.txt",
  "run_seed": 196007,
  "run_index": 0
}