{
  "instance": {
    "num_nodes": 102,
    "team_size": 2,
    "max_route_distance": 170.0,
    "start_depot": 0,
    "end_depot": 101
  },
  "objective": {
    "total_score": 1019.0
  },
  "performance": {
    "cpu_time_seconds": 0.374949200078845,
    "iterations": 20,
    "iterations_to_convergence": 12,
    "last_improvement_iteration": 12,
    "stagnation_iterations": 8,
    "accepted_worse_moves": 0,
    "restarts_performed": 1,
    "num_lp_solves": null,
    "num_labels_generated": null
  },
  "routes": [
    {
      "route_index": 1,
      "nodes": [
        0,
        55,
        24,
        53,
        6,
        5,
        65,
        37,
        94,
        1,
        42,
        23,
        12,
        36,
        22,
        60,
        74,
        99,
        11,
        56,
        8,
        100,
        58,
        63,
        14,
        57,
        59,
        13,
        21,
        41,
        39,
        101
      ],
      "score": 558.0,
      "length": 167.69972251629972
    },
    {
      "route_index": 2,
      "nodes": [
        0,
        30,
        28,
        75,
        26,
        90,
        48,
        91,
        27,
        49,
        2,
        4,
        16,
        40,
        93,
        9,
        20,
        50,
        51,
        15,
        52,
        10,
        33,
        38,
        61,
        88,
        3,
        29,
        101
      ],
      "score": 461.0,
      "length": 169.16309303911407
    }
  ],
  "dataset": "chao",
  "instance_name": "p7.2.q.txt",
  "run_seed": 196008,
  "run_index": 1
}