{
  "instance": {
    "num_nodes": 102,
    "team_size": 2,
    "max_route_distance": 160.0,
    "start_depot": 0,
    "end_depot": 101
  },
  "objective": {
    "total_score": 942.0
  },
  "performance": {
    "cpu_time_seconds": 0.33966509997844696,
    "iterations": 20,
    "iterations_to_convergence": 20,
    "last_improvement_iteration": 20,
    "stagnation_iterations": 0,
    "accepted_worse_moves": 2,
    "restarts_performed": 1,
    "num_lp_solves": null,
    "num_labels_generated": null
  },
  "routes": [
    {
      "route_index": 1,
      "nodes": [
        0,
        29,
        88,
        3,
        95,
        43,
        19,
        25,
        5,
        6,
        53,
        65,
        37,
        54,
        1,
        42,
        23,
        12,
        36,
        97,
        60,
        99,
        98,
        57,
        63,
        55,
        101
      ],
      "score": 400.0,
      "length": 159.5000422367126
    },
    {
      "route_index": 2,
      "nodes": [
        0,
        30,
        50,
        38,
        33,
        10,
        52,
        15,
        51,
        9,
        93,
        20,
        28,
        26,
        90,
        48,
        91,
        49,
        27,
        62,
        13,
        59,
        74,
        11,
        56,
        8,
        100,
        58,
        14,
        21,
        41,
        39,
        101
      ],
      "score": 542.0,
      "length": 159.67006141146342
    }
  ],
  "dataset": "chao",
  "instance_name": "p7.2.p.txt",
  "run_seed": 195008,
  "run_index": 1
}