{
  "instance": {
    "num_nodes": 102,
    "team_size": 2,
    "max_route_distance": 160.0,
    "start_depot": 0,
    "end_depot": 101
  },
  "objective": {
    "total_score": 915.0
  },
  "performance": {
    "cpu_time_seconds": 0.2659545000005892,
    "iterations": 20,
    "iterations_to_convergence": 19,
    "last_improvement_iteration": 19,
    "stagnation_iterations": 1,
    "accepted_worse_moves": 2,
    "restarts_performed": 1,
    "num_lp_solves": null,
    "num_labels_generated": null
  },
  "routes": [
    {
      "route_index": 1,
      "nodes": [
        0,
        39,
        21,
        57,
        8,
        56,
        11,
        42,
        23,
        12,
        36,
        22,
        60,
        99,
        74,
        98,
        59,
        13,
        62,
        41,
        75,
        28,
        20,
        93,
        9,
        51,
        38,
        61,
        88,
        29,
        101
      ],
      "score": 499.0,
      "length": 158.96505995388424
    },
    {
      "route_index": 2,
      "nodes": [
        0,
        30,
        50,
        15,
        52,
        33,
        10,
        17,
        80,
        31,
        89,
        3,
        95,
        43,
        25,
        5,
        6,
        53,
        65,
        54,
        1,
        100,
        58,
        14,
        63,
        55,
        101
      ],
      "score": 416.0,
      "length": 159.29320592256857
    }
  ],
  "dataset": "chao",
  "instance_name": "p7.2.p.txt",
  "run_seed": 202
}