{
  "instance": {
    "num_nodes": 102,
    "team_size": 2,
    "max_route_distance": 180.0,
    "start_depot": 0,
    "end_depot": 101
  },
  "objective": {
    "total_score": 1034.0
  },
  "performance": {
    "cpu_time_seconds": 0.37256380007602274,
    "iterations": 20,
    "iterations_to_convergence": 19,
    "last_improvement_iteration": 19,
    "stagnation_iterations": 1,
    "accepted_worse_moves": 2,
    "restarts_performed": 1,
    "num_lp_solves": null,
    "num_labels_generated": null
  },
  "routes": [
    {
      "route_index": 1,
      "nodes": [
        0,
        21,
        13,
        59,
        57,
        8,
        100,
        56,
        11,
        99,
        74,
        60,
        22,
        36,
        12,
        23,
        42,
        1,
        58,
        14,
        63,
        55,
        81,
        95,
        3,
        88,
        61,
        38,
        50,
        20,
        28,
        30,
        101
      ],
      "score": 542.0,
      "length": 179.28470960592756
    },
    {
      "route_index": 2,
      "nodes": [
        0,
        39,
        41,
        75,
        26,
        90,
        48,
        91,
        27,
        49,
        83,
        16,
        40,
        93,
        9,
        51,
        15,
        52,
        33,
        10,
        80,
        31,
        18,
        43,
        25,
        5,
        6,
        53,
        24,
        29,
        101
      ],
      "score": 492.0,
      "length": 179.53554287501888
    }
  ],
  "dataset": "chao",
  "instance_name": "p7.2.r.txt",
  "run_seed": 197007,
  "run_index": 0
}