{
  "instance": {
    "num_nodes": 102,
    "team_size": 2,
    "max_route_distance": 200.0,
    "start_depot": 0,
    "end_depot": 101
  },
  "objective": {
    "total_score": 1124.0
  },
  "performance": {
    "cpu_time_seconds": 0.33003959999950894,
    "iterations": 20,
    "iterations_to_convergence": 4,
    "last_improvement_iteration": 4,
    "stagnation_iterations": 16,
    "accepted_worse_moves": 1,
    "restarts_performed": 1,
    "num_lp_solves": null,
    "num_labels_generated": null
  },
  "routes": [
    {
      "route_index": 1,
      "nodes": [
        0,
        39,
        41,
        75,
        26,
        90,
        48,
        16,
        4,
        2,
        83,
        49,
        91,
        27,
        62,
        84,
        13,
        59,
        98,
        8,
        56,
        11,
        99,
        74,
        60,
        22,
        36,
        12,
        23,
        42,
        1,
        100,
        58,
        57,
        21,
        14,
        63,
        55,
        101
      ],
      "score": 634.0,
      "length": 199.8467453397191
    },
    {
      "route_index": 2,
      "nodes": [
        0,
        29,
        81,
        24,
        54,
        37,
        65,
        53,
        6,
        5,
        25,
        19,
        86,
        32,
        31,
        89,
        3,
        88,
        61,
        38,
        50,
        51,
        33,
        10,
        52,
        15,
        9,
        93,
        20,
        28,
        30,
        101
      ],
      "score": 490.0,
      "length": 199.96603588746783
    }
  ],
  "dataset": "chao",
  "instance_name": "p7.2.t.txt",
  "run_seed": 206
}