{
  "instance": {
    "num_nodes": 102,
    "team_size": 2,
    "max_route_distance": 200.0,
    "start_depot": 0,
    "end_depot": 101
  },
  "objective": {
    "total_score": 1137.0
  },
  "performance": {
    "cpu_time_seconds": 0.4164720999542624,
    "iterations": 20,
    "iterations_to_convergence": 17,
    "last_improvement_iteration": 17,
    "stagnation_iterations": 3,
    "accepted_worse_moves": 1,
    "restarts_performed": 1,
    "num_lp_solves": null,
    "num_labels_generated": null
  },
  "routes": [
    {
      "route_index": 1,
      "nodes": [
        0,
        29,
        61,
        38,
        33,
        10,
        52,
        15,
        51,
        50,
        20,
        9,
        93,
        40,
        16,
        4,
        46,
        2,
        83,
        49,
        27,
        91,
        48,
        90,
        26,
        75,
        41,
        21,
        13,
        59,
        8,
        57,
        14,
        39,
        101
      ],
      "score": 594.0,
      "length": 199.87320578185742
    },
    {
      "route_index": 2,
      "nodes": [
        0,
        55,
        63,
        58,
        100,
        56,
        11,
        99,
        74,
        60,
        22,
        36,
        12,
        23,
        42,
        1,
        94,
        37,
        65,
        53,
        6,
        5,
        25,
        19,
        43,
        18,
        96,
        32,
        31,
        89,
        3,
        88,
        30,
        101
      ],
      "score": 543.0,
      "length": 199.2026898361212
    }
  ],
  "dataset": "chao",
  "instance_name": "p7.2.t.txt",
  "run_seed": 199008,
  "run_index": 1
}