{
  "instance": {
    "num_nodes": 102,
    "team_size": 2,
    "max_route_distance": 180.0,
    "start_depot": 0,
    "end_depot": 101
  },
  "objective": {
    "total_score": 1038.0
  },
  "performance": {
    "cpu_time_seconds": 0.4366240999661386,
    "iterations": 20,
    "iterations_to_convergence": 16,
    "last_improvement_iteration": 16,
    "stagnation_iterations": 4,
    "accepted_worse_moves": 1,
    "restarts_performed": 1,
    "num_lp_solves": null,
    "num_labels_generated": null
  },
  "routes": [
    {
      "route_index": 1,
      "nodes": [
        0,
        55,
        63,
        14,
        57,
        58,
        100,
        1,
        42,
        23,
        12,
        36,
        22,
        97,
        60,
        74,
        99,
        11,
        56,
        8,
        98,
        59,
        13,
        21,
        41,
        28,
        20,
        51,
        15,
        52,
        10,
        33,
        38,
        30,
        101
      ],
      "score": 576.0,
      "length": 179.77649580838278
    },
    {
      "route_index": 2,
      "nodes": [
        0,
        39,
        75,
        26,
        90,
        48,
        91,
        27,
        49,
        2,
        4,
        16,
        40,
        93,
        9,
        50,
        61,
        3,
        95,
        43,
        25,
        5,
        6,
        53,
        24,
        81,
        29,
        101
      ],
      "score": 462.0,
      "length": 179.66998806081355
    }
  ],
  "dataset": "chao",
  "instance_name": "p7.2.r.txt",
  "run_seed": 197008,
  "run_index": 1
}