{
  "instance": {
    "num_nodes": 102,
    "team_size": 2,
    "max_route_distance": 150.0,
    "start_depot": 0,
    "end_depot": 101
  },
  "objective": {
    "total_score": 894.0
  },
  "performance": {
    "cpu_time_seconds": 0.3095016999868676,
    "iterations": 20,
    "iterations_to_convergence": 20,
    "last_improvement_iteration": 20,
    "stagnation_iterations": 0,
    "accepted_worse_moves": 0,
    "restarts_performed": 1,
    "num_lp_solves": null,
    "num_labels_generated": null
  },
  "routes": [
    {
      "route_index": 1,
      "nodes": [
        0,
        28,
        26,
        90,
        48,
        91,
        49,
        27,
        62,
        13,
        59,
        98,
        8,
        56,
        99,
        74,
        60,
        97,
        11,
        23,
        12,
        42,
        1,
        100,
        58,
        57,
        14,
        21,
        41,
        39,
        101
      ],
      "score": 495.0,
      "length": 149.57139227838016
    },
    {
      "route_index": 2,
      "nodes": [
        0,
        55,
        24,
        53,
        6,
        5,
        25,
        19,
        43,
        95,
        3,
        88,
        61,
        38,
        33,
        10,
        52,
        15,
        51,
        9,
        93,
        20,
        30,
        29,
        101
      ],
      "score": 399.0,
      "length": 147.97745779888777
    }
  ],
  "dataset": "chao",
  "instance_name": "p7.2.o.txt",
  "run_seed": 194007,
  "run_index": 0
}