{
  "instance": {
    "num_nodes": 102,
    "team_size": 2,
    "max_route_distance": 150.0,
    "start_depot": 0,
    "end_depot": 101
  },
  "objective": {
    "total_score": 894.0
  },
  "performance": {
    "cpu_time_seconds": 0.24710090000007767,
    "iterations": 20,
    "iterations_to_convergence": 14,
    "last_improvement_iteration": 14,
    "stagnation_iterations": 6,
    "accepted_worse_moves": 3,
    "restarts_performed": 1,
    "num_lp_solves": null,
    "num_labels_generated": null
  },
  "routes": [
    {
      "route_index": 1,
      "nodes": [
        0,
        39,
        41,
        21,
        14,
        58,
        100,
        8,
        59,
        13,
        62,
        90,
        26,
        48,
        91,
        27,
        49,
        83,
        2,
        4,
        16,
        40,
        93,
        9,
        20,
        28,
        30,
        101
      ],
      "score": 461.0,
      "length": 149.3842805200145
    },
    {
      "route_index": 2,
      "nodes": [
        0,
        55,
        63,
        57,
        98,
        74,
        99,
        60,
        36,
        12,
        23,
        42,
        11,
        56,
        1,
        54,
        53,
        6,
        5,
        25,
        43,
        95,
        3,
        88,
        29,
        101
      ],
      "score": 433.0,
      "length": 149.6454124891921
    }
  ],
  "dataset": "chao",
  "instance_name": "p7.2.o.txt",
  "run_seed": 201
}