{
  "instance": {
    "num_nodes": 102,
    "team_size": 3,
    "max_route_distance": 113.3,
    "start_depot": 0,
    "end_depot": 101
  },
  "objective": {
    "total_score": 944.0
  },
  "performance": {
    "cpu_time_seconds": 0.29783489999954327,
    "iterations": 20,
    "iterations_to_convergence": 18,
    "last_improvement_iteration": 18,
    "stagnation_iterations": 2,
    "accepted_worse_moves": 1,
    "restarts_performed": 1,
    "num_lp_solves": null,
    "num_labels_generated": null
  },
  "routes": [
    {
      "route_index": 1,
      "nodes": [
        0,
        21,
        63,
        55,
        24,
        53,
        6,
        5,
        25,
        19,
        43,
        95,
        3,
        61,
        88,
        29,
        101
      ],
      "score": 248.0,
      "length": 113.26398218246382
    },
    {
      "route_index": 2,
      "nodes": [
        0,
        14,
        57,
        13,
        59,
        98,
        8,
        56,
        11,
        99,
        74,
        60,
        22,
        36,
        12,
        23,
        42,
        94,
        1,
        100,
        58,
        101
      ],
      "score": 371.0,
      "length": 112.94391816161567
    },
    {
      "route_index": 3,
      "nodes": [
        0,
        30,
        50,
        51,
        15,
        9,
        93,
        40,
        16,
        4,
        2,
        49,
        27,
        91,
        48,
        90,
        26,
        75,
        41,
        39,
        101
      ],
      "score": 325.0,
      "length": 112.13376688435135
    }
  ],
  "dataset": "chao",
  "instance_name": "p7.3.q.txt",
  "run_seed": 223
}