{
  "instance": {
    "num_nodes": 102,
    "team_size": 3,
    "max_route_distance": 93.3,
    "start_depot": 0,
    "end_depot": 101
  },
  "objective": {
    "total_score": 780.0
  },
  "performance": {
    "cpu_time_seconds": 0.33553859998937696,
    "iterations": 20,
    "iterations_to_convergence": 15,
    "last_improvement_iteration": 15,
    "stagnation_iterations": 5,
    "accepted_worse_moves": 2,
    "restarts_performed": 1,
    "num_lp_solves": null,
    "num_labels_generated": null
  },
  "routes": [
    {
      "route_index": 1,
      "nodes": [
        0,
        29,
        3,
        89,
        31,
        80,
        17,
        10,
        33,
        52,
        15,
        51,
        20,
        28,
        101
      ],
      "score": 218.0,
      "length": 93.11898418836185
    },
    {
      "route_index": 2,
      "nodes": [
        0,
        21,
        14,
        57,
        59,
        13,
        74,
        99,
        60,
        11,
        42,
        94,
        1,
        56,
        8,
        100,
        58,
        63,
        55,
        101
      ],
      "score": 318.0,
      "length": 91.5405420992563
    },
    {
      "route_index": 3,
      "nodes": [
        0,
        30,
        50,
        9,
        93,
        40,
        16,
        83,
        49,
        27,
        91,
        48,
        90,
        26,
        75,
        41,
        39,
        101
      ],
      "score": 244.0,
      "length": 92.56297381306837
    }
  ],
  "dataset": "chao",
  "instance_name": "p7.3.n.txt",
  "run_seed": 213007,
  "run_index": 0
}