{
  "instance": {
    "num_nodes": 102,
    "team_size": 3,
    "max_route_distance": 126.7,
    "start_depot": 0,
    "end_depot": 101
  },
  "objective": {
    "total_score": 1040.0
  },
  "performance": {
    "cpu_time_seconds": 0.4015301999170333,
    "iterations": 20,
    "iterations_to_convergence": 8,
    "last_improvement_iteration": 8,
    "stagnation_iterations": 12,
    "accepted_worse_moves": 0,
    "restarts_performed": 1,
    "num_lp_solves": null,
    "num_labels_generated": null
  },
  "routes": [
    {
      "route_index": 1,
      "nodes": [
        0,
        21,
        13,
        59,
        57,
        14,
        58,
        100,
        8,
        99,
        74,
        60,
        22,
        36,
        12,
        23,
        42,
        11,
        56,
        1,
        94,
        54,
        85,
        55,
        101
      ],
      "score": 421.0,
      "length": 125.38360545571365
    },
    {
      "route_index": 2,
      "nodes": [
        0,
        29,
        81,
        24,
        53,
        6,
        5,
        25,
        19,
        43,
        95,
        3,
        88,
        61,
        38,
        20,
        28,
        39,
        101
      ],
      "score": 279.0,
      "length": 126.65224913485032
    },
    {
      "route_index": 3,
      "nodes": [
        0,
        41,
        75,
        26,
        90,
        48,
        91,
        27,
        49,
        83,
        2,
        4,
        16,
        40,
        93,
        9,
        52,
        15,
        51,
        50,
        30,
        101
      ],
      "score": 340.0,
      "length": 121.1141045778592
    }
  ],
  "dataset": "chao",
  "instance_name": "p7.3.s.txt",
  "run_seed": 218008,
  "run_index": 1
}