{
  "instance": {
    "num_nodes": 102,
    "team_size": 3,
    "max_route_distance": 126.7,
    "start_depot": 0,
    "end_depot": 101
  },
  "objective": {
    "total_score": 1003.0
  },
  "performance": {
    "cpu_time_seconds": 0.32025979999980336,
    "iterations": 20,
    "iterations_to_convergence": 18,
    "last_improvement_iteration": 18,
    "stagnation_iterations": 2,
    "accepted_worse_moves": 2,
    "restarts_performed": 1,
    "num_lp_solves": null,
    "num_labels_generated": null
  },
  "routes": [
    {
      "route_index": 1,
      "nodes": [
        0,
        29,
        88,
        61,
        31,
        32,
        68,
        80,
        17,
        10,
        33,
        52,
        15,
        51,
        50,
        9,
        93,
        20,
        28,
        30,
        101
      ],
      "score": 305.0,
      "length": 125.69095439212654
    },
    {
      "route_index": 2,
      "nodes": [
        0,
        55,
        24,
        54,
        37,
        65,
        53,
        6,
        5,
        7,
        25,
        43,
        18,
        3,
        81,
        101
      ],
      "score": 260.0,
      "length": 125.15129234223542
    },
    {
      "route_index": 3,
      "nodes": [
        0,
        39,
        75,
        41,
        21,
        13,
        59,
        57,
        98,
        8,
        56,
        11,
        99,
        74,
        60,
        22,
        36,
        12,
        23,
        42,
        94,
        1,
        100,
        58,
        14,
        63,
        101
      ],
      "score": 438.0,
      "length": 126.21971356334016
    }
  ],
  "dataset": "chao",
  "instance_name": "p7.3.s.txt",
  "run_seed": 225
}