{
  "instance": {
    "num_nodes": 102,
    "team_size": 3,
    "max_route_distance": 100.0,
    "start_depot": 0,
    "end_depot": 101
  },
  "objective": {
    "total_score": 818.0
  },
  "performance": {
    "cpu_time_seconds": 0.2755936000003203,
    "iterations": 20,
    "iterations_to_convergence": 15,
    "last_improvement_iteration": 15,
    "stagnation_iterations": 5,
    "accepted_worse_moves": 2,
    "restarts_performed": 1,
    "num_lp_solves": null,
    "num_labels_generated": null
  },
  "routes": [
    {
      "route_index": 1,
      "nodes": [
        0,
        30,
        50,
        38,
        33,
        10,
        52,
        15,
        51,
        9,
        93,
        40,
        20,
        28,
        75,
        41,
        39,
        101
      ],
      "score": 266.0,
      "length": 96.65911070426006
    },
    {
      "route_index": 2,
      "nodes": [
        0,
        24,
        54,
        1,
        42,
        23,
        97,
        60,
        74,
        99,
        11,
        56,
        8,
        100,
        58,
        14,
        57,
        59,
        13,
        21,
        101
      ],
      "score": 336.0,
      "length": 99.60314665756742
    },
    {
      "route_index": 3,
      "nodes": [
        0,
        55,
        81,
        53,
        6,
        5,
        25,
        19,
        43,
        18,
        3,
        88,
        29,
        101
      ],
      "score": 216.0,
      "length": 99.17241337582448
    }
  ],
  "dataset": "chao",
  "instance_name": "p7.3.o.txt",
  "run_seed": 221
}