{
  "instance": {
    "num_nodes": 102,
    "team_size": 3,
    "max_route_distance": 100.0,
    "start_depot": 0,
    "end_depot": 101
  },
  "objective": {
    "total_score": 838.0
  },
  "performance": {
    "cpu_time_seconds": 0.30422980000730604,
    "iterations": 20,
    "iterations_to_convergence": 15,
    "last_improvement_iteration": 15,
    "stagnation_iterations": 5,
    "accepted_worse_moves": 1,
    "restarts_performed": 1,
    "num_lp_solves": null,
    "num_labels_generated": null
  },
  "routes": [
    {
      "route_index": 1,
      "nodes": [
        0,
        14,
        57,
        8,
        56,
        11,
        42,
        23,
        12,
        36,
        22,
        97,
        60,
        99,
        74,
        98,
        59,
        13,
        21,
        101
      ],
      "score": 342.0,
      "length": 99.4528027233569
    },
    {
      "route_index": 2,
      "nodes": [
        0,
        39,
        41,
        75,
        26,
        48,
        91,
        27,
        49,
        83,
        4,
        16,
        40,
        93,
        9,
        20,
        30,
        101
      ],
      "score": 272.0,
      "length": 98.27921709885283
    },
    {
      "route_index": 3,
      "nodes": [
        0,
        29,
        3,
        95,
        43,
        25,
        6,
        53,
        65,
        54,
        1,
        100,
        58,
        63,
        55,
        101
      ],
      "score": 224.0,
      "length": 99.490733492544
    }
  ],
  "dataset": "chao",
  "instance_name": "p7.3.o.txt",
  "run_seed": 214007,
  "run_index": 0
}