{
  "instance": {
    "num_nodes": 102,
    "team_size": 3,
    "max_route_distance": 120.0,
    "start_depot": 0,
    "end_depot": 101
  },
  "objective": {
    "total_score": 987.0
  },
  "performance": {
    "cpu_time_seconds": 0.4195167999714613,
    "iterations": 20,
    "iterations_to_convergence": 10,
    "last_improvement_iteration": 10,
    "stagnation_iterations": 10,
    "accepted_worse_moves": 4,
    "restarts_performed": 1,
    "num_lp_solves": null,
    "num_labels_generated": null
  },
  "routes": [
    {
      "route_index": 1,
      "nodes": [
        0,
        28,
        50,
        51,
        15,
        52,
        33,
        10,
        17,
        80,
        68,
        31,
        18,
        43,
        95,
        3,
        88,
        29,
        101
      ],
      "score": 266.0,
      "length": 118.06916701460035
    },
    {
      "route_index": 2,
      "nodes": [
        0,
        55,
        24,
        53,
        6,
        65,
        54,
        1,
        42,
        56,
        11,
        60,
        74,
        99,
        8,
        100,
        58,
        14,
        57,
        59,
        13,
        21,
        101
      ],
      "score": 392.0,
      "length": 119.7612061472775
    },
    {
      "route_index": 3,
      "nodes": [
        0,
        30,
        20,
        9,
        93,
        40,
        16,
        4,
        46,
        2,
        49,
        27,
        91,
        48,
        90,
        26,
        75,
        41,
        39,
        101
      ],
      "score": 329.0,
      "length": 119.39330714942258
    }
  ],
  "dataset": "chao",
  "instance_name": "p7.3.r.txt",
  "run_seed": 217007,
  "run_index": 0
}