{
  "instance": {
    "num_nodes": 102,
    "team_size": 3,
    "max_route_distance": 133.3,
    "start_depot": 0,
    "end_depot": 101
  },
  "objective": {
    "total_score": 1084.0
  },
  "performance": {
    "cpu_time_seconds": 0.4285318999318406,
    "iterations": 20,
    "iterations_to_convergence": 19,
    "last_improvement_iteration": 19,
    "stagnation_iterations": 1,
    "accepted_worse_moves": 0,
    "restarts_performed": 1,
    "num_lp_solves": null,
    "num_labels_generated": null
  },
  "routes": [
    {
      "route_index": 1,
      "nodes": [
        0,
        28,
        40,
        16,
        4,
        2,
        83,
        49,
        27,
        91,
        48,
        26,
        90,
        62,
        13,
        59,
        98,
        8,
        57,
        14,
        21,
        41,
        39,
        101
      ],
      "score": 386.0,
      "length": 132.9634611494154
    },
    {
      "route_index": 2,
      "nodes": [
        0,
        29,
        88,
        3,
        95,
        43,
        18,
        96,
        32,
        31,
        80,
        17,
        10,
        33,
        52,
        15,
        51,
        9,
        93,
        20,
        50,
        30,
        101
      ],
      "score": 343.0,
      "length": 132.19582325038675
    },
    {
      "route_index": 3,
      "nodes": [
        0,
        63,
        58,
        100,
        56,
        74,
        99,
        11,
        97,
        60,
        22,
        36,
        12,
        23,
        42,
        1,
        85,
        54,
        65,
        6,
        53,
        24,
        55,
        101
      ],
      "score": 355.0,
      "length": 131.83912104932196
    }
  ],
  "dataset": "chao",
  "instance_name": "p7.3.t.txt",
  "run_seed": 219008,
  "run_index": 1
}