{
  "instance": {
    "num_nodes": 102,
    "team_size": 3,
    "max_route_distance": 133.3,
    "start_depot": 0,
    "end_depot": 101
  },
  "objective": {
    "total_score": 946.0
  },
  "performance": {
    "cpu_time_seconds": 0.2978398000004745,
    "iterations": 20,
    "iterations_to_convergence": 12,
    "last_improvement_iteration": 12,
    "stagnation_iterations": 8,
    "accepted_worse_moves": 0,
    "restarts_performed": 1,
    "num_lp_solves": null,
    "num_labels_generated": null
  },
  "routes": [
    {
      "route_index": 1,
      "nodes": [
        0,
        9,
        93,
        20,
        28,
        75,
        41,
        21,
        13,
        77,
        22,
        36,
        12,
        23,
        42,
        1,
        85,
        101
      ],
      "score": 293.0,
      "length": 131.4847738618631
    },
    {
      "route_index": 2,
      "nodes": [
        0,
        30,
        50,
        51,
        15,
        52,
        61,
        88,
        3,
        81,
        55,
        63,
        58,
        100,
        8,
        56,
        11,
        97,
        60,
        99,
        74,
        98,
        59,
        57,
        14,
        39,
        101
      ],
      "score": 371.0,
      "length": 131.41342933524172
    },
    {
      "route_index": 3,
      "nodes": [
        0,
        24,
        53,
        6,
        5,
        25,
        43,
        18,
        96,
        32,
        31,
        80,
        17,
        10,
        33,
        38,
        29,
        101
      ],
      "score": 282.0,
      "length": 132.72241461396442
    }
  ],
  "dataset": "chao",
  "instance_name": "p7.3.t.txt",
  "run_seed": 226
}