{
  "instance": {
    "num_nodes": 102,
    "team_size": 3,
    "max_route_distance": 86.7,
    "start_depot": 0,
    "end_depot": 101
  },
  "objective": {
    "total_score": 717.0
  },
  "performance": {
    "cpu_time_seconds": 0.2859757000114769,
    "iterations": 20,
    "iterations_to_convergence": 14,
    "last_improvement_iteration": 14,
    "stagnation_iterations": 6,
    "accepted_worse_moves": 0,
    "restarts_performed": 1,
    "num_lp_solves": null,
    "num_labels_generated": null
  },
  "routes": [
    {
      "route_index": 1,
      "nodes": [
        0,
        30,
        28,
        20,
        93,
        9,
        51,
        15,
        52,
        10,
        33,
        38,
        61,
        88,
        29,
        101
      ],
      "score": 226.0,
      "length": 81.25644788665419
    },
    {
      "route_index": 2,
      "nodes": [
        0,
        55,
        85,
        1,
        56,
        11,
        42,
        23,
        36,
        97,
        60,
        74,
        99,
        98,
        57,
        14,
        21,
        101
      ],
      "score": 265.0,
      "length": 86.48181161369972
    },
    {
      "route_index": 3,
      "nodes": [
        0,
        39,
        41,
        75,
        26,
        90,
        48,
        91,
        49,
        27,
        62,
        13,
        59,
        8,
        100,
        58,
        63,
        101
      ],
      "score": 226.0,
      "length": 86.39619943199857
    }
  ],
  "dataset": "chao",
  "instance_name": "p7.3.m.txt",
  "run_seed": 212008,
  "run_index": 1
}