{
  "instance": {
    "num_nodes": 102,
    "team_size": 3,
    "max_route_distance": 113.3,
    "start_depot": 0,
    "end_depot": 101
  },
  "objective": {
    "total_score": 874.0
  },
  "performance": {
    "cpu_time_seconds": 0.3363985000178218,
    "iterations": 20,
    "iterations_to_convergence": 19,
    "last_improvement_iteration": 19,
    "stagnation_iterations": 1,
    "accepted_worse_moves": 0,
    "restarts_performed": 1,
    "num_lp_solves": null,
    "num_labels_generated": null
  },
  "routes": [
    {
      "route_index": 1,
      "nodes": [
        0,
        63,
        57,
        8,
        56,
        11,
        42,
        12,
        23,
        97,
        60,
        99,
        74,
        98,
        59,
        13,
        62,
        90,
        48,
        26,
        75,
        39,
        101
      ],
      "score": 332.0,
      "length": 112.83348128231583
    },
    {
      "route_index": 2,
      "nodes": [
        0,
        29,
        88,
        3,
        18,
        43,
        19,
        25,
        7,
        5,
        6,
        53,
        24,
        81,
        101
      ],
      "score": 243.0,
      "length": 113.13771374983389
    },
    {
      "route_index": 3,
      "nodes": [
        0,
        55,
        1,
        100,
        58,
        14,
        21,
        41,
        28,
        20,
        93,
        9,
        52,
        15,
        51,
        50,
        38,
        30,
        101
      ],
      "score": 299.0,
      "length": 112.50571068895047
    }
  ],
  "dataset": "chao",
  "instance_name": "p7.3.q.txt",
  "run_seed": 216007,
  "run_index": 0
}