{
  "instance": {
    "num_nodes": 102,
    "team_size": 3,
    "max_route_distance": 106.7,
    "start_depot": 0,
    "end_depot": 101
  },
  "objective": {
    "total_score": 833.0
  },
  "performance": {
    "cpu_time_seconds": 0.3246168000623584,
    "iterations": 20,
    "iterations_to_convergence": 19,
    "last_improvement_iteration": 19,
    "stagnation_iterations": 1,
    "accepted_worse_moves": 2,
    "restarts_performed": 1,
    "num_lp_solves": null,
    "num_labels_generated": null
  },
  "routes": [
    {
      "route_index": 1,
      "nodes": [
        0,
        63,
        58,
        59,
        13,
        21,
        41,
        28,
        20,
        93,
        9,
        52,
        15,
        51,
        50,
        30,
        29,
        101
      ],
      "score": 266.0,
      "length": 105.7358327763352
    },
    {
      "route_index": 2,
      "nodes": [
        0,
        14,
        57,
        98,
        8,
        100,
        56,
        11,
        99,
        74,
        60,
        22,
        36,
        12,
        23,
        42,
        1,
        85,
        24,
        55,
        101
      ],
      "score": 345.0,
      "length": 104.10193258055406
    },
    {
      "route_index": 3,
      "nodes": [
        0,
        16,
        4,
        46,
        2,
        83,
        49,
        27,
        91,
        48,
        90,
        26,
        75,
        39,
        101
      ],
      "score": 222.0,
      "length": 102.76031554922206
    }
  ],
  "dataset": "chao",
  "instance_name": "p7.3.p.txt",
  "run_seed": 215008,
  "run_index": 1
}