{
  "instance": {
    "num_nodes": 102,
    "team_size": 3,
    "max_route_distance": 126.7,
    "start_depot": 0,
    "end_depot": 101
  },
  "objective": {
    "total_score": 932.0
  },
  "performance": {
    "cpu_time_seconds": 0.35331119992770255,
    "iterations": 20,
    "iterations_to_convergence": 19,
    "last_improvement_iteration": 19,
    "stagnation_iterations": 1,
    "accepted_worse_moves": 1,
    "restarts_performed": 1,
    "num_lp_solves": null,
    "num_labels_generated": null
  },
  "routes": [
    {
      "route_index": 1,
      "nodes": [
        0,
        29,
        18,
        43,
        19,
        25,
        5,
        6,
        53,
        65,
        37,
        94,
        11,
        56,
        8,
        100,
        58,
        14,
        101
      ],
      "score": 329.0,
      "length": 124.97031734288838
    },
    {
      "route_index": 2,
      "nodes": [
        0,
        39,
        75,
        41,
        21,
        57,
        13,
        59,
        98,
        99,
        74,
        60,
        97,
        22,
        36,
        12,
        23,
        42,
        1,
        85,
        54,
        24,
        101
      ],
      "score": 317.0,
      "length": 122.62392192533746
    },
    {
      "route_index": 3,
      "nodes": [
        0,
        63,
        55,
        81,
        95,
        3,
        88,
        61,
        38,
        33,
        10,
        52,
        15,
        51,
        50,
        9,
        93,
        20,
        28,
        30,
        101
      ],
      "score": 286.0,
      "length": 121.92246869228958
    }
  ],
  "dataset": "chao",
  "instance_name": "p7.3.s.txt",
  "run_seed": 218007,
  "run_index": 0
}