{
  "instance": {
    "num_nodes": 102,
    "team_size": 3,
    "max_route_distance": 93.3,
    "start_depot": 0,
    "end_depot": 101
  },
  "objective": {
    "total_score": 740.0
  },
  "performance": {
    "cpu_time_seconds": 0.2550244999993083,
    "iterations": 20,
    "iterations_to_convergence": 6,
    "last_improvement_iteration": 6,
    "stagnation_iterations": 14,
    "accepted_worse_moves": 1,
    "restarts_performed": 1,
    "num_lp_solves": null,
    "num_labels_generated": null
  },
  "routes": [
    {
      "route_index": 1,
      "nodes": [
        0,
        81,
        95,
        3,
        89,
        31,
        80,
        17,
        10,
        33,
        38,
        61,
        88,
        29,
        101
      ],
      "score": 179.0,
      "length": 92.8397739309495
    },
    {
      "route_index": 2,
      "nodes": [
        0,
        41,
        21,
        14,
        57,
        59,
        13,
        74,
        99,
        60,
        11,
        56,
        8,
        58,
        100,
        1,
        85,
        24,
        55,
        101
      ],
      "score": 328.0,
      "length": 92.93052696275207
    },
    {
      "route_index": 3,
      "nodes": [
        0,
        30,
        50,
        51,
        15,
        52,
        9,
        93,
        20,
        28,
        26,
        48,
        91,
        90,
        75,
        39,
        101
      ],
      "score": 233.0,
      "length": 92.9977901162265
    }
  ],
  "dataset": "chao",
  "instance_name": "p7.3.n.txt",
  "run_seed": 220
}