{
  "instance": {
    "num_nodes": 102,
    "team_size": 3,
    "max_route_distance": 120.0,
    "start_depot": 0,
    "end_depot": 101
  },
  "objective": {
    "total_score": 1010.0
  },
  "performance": {
    "cpu_time_seconds": 0.375646699918434,
    "iterations": 20,
    "iterations_to_convergence": 20,
    "last_improvement_iteration": 20,
    "stagnation_iterations": 0,
    "accepted_worse_moves": 1,
    "restarts_performed": 1,
    "num_lp_solves": null,
    "num_labels_generated": null
  },
  "routes": [
    {
      "route_index": 1,
      "nodes": [
        0,
        55,
        85,
        54,
        1,
        42,
        23,
        12,
        36,
        22,
        60,
        74,
        99,
        11,
        56,
        8,
        100,
        58,
        14,
        57,
        59,
        13,
        21,
        101
      ],
      "score": 414.0,
      "length": 119.70795413916692
    },
    {
      "route_index": 2,
      "nodes": [
        0,
        39,
        41,
        75,
        26,
        90,
        48,
        91,
        27,
        49,
        83,
        16,
        40,
        93,
        9,
        51,
        15,
        52,
        10,
        33,
        38,
        50,
        30,
        101
      ],
      "score": 344.0,
      "length": 118.72957603553874
    },
    {
      "route_index": 3,
      "nodes": [
        0,
        81,
        24,
        53,
        6,
        5,
        7,
        25,
        19,
        43,
        18,
        95,
        3,
        88,
        29,
        101
      ],
      "score": 252.0,
      "length": 119.0197279115345
    }
  ],
  "dataset": "chao",
  "instance_name": "p7.3.r.txt",
  "run_seed": 217008,
  "run_index": 1
}