{
  "instance": {
    "num_nodes": 102,
    "team_size": 3,
    "max_route_distance": 120.0,
    "start_depot": 0,
    "end_depot": 101
  },
  "objective": {
    "total_score": 915.0
  },
  "performance": {
    "cpu_time_seconds": 0.32369399999970483,
    "iterations": 20,
    "iterations_to_convergence": 10,
    "last_improvement_iteration": 10,
    "stagnation_iterations": 10,
    "accepted_worse_moves": 1,
    "restarts_performed": 1,
    "num_lp_solves": null,
    "num_labels_generated": null
  },
  "routes": [
    {
      "route_index": 1,
      "nodes": [
        0,
        63,
        58,
        100,
        8,
        56,
        11,
        97,
        60,
        99,
        74,
        98,
        59,
        57,
        14,
        39,
        28,
        20,
        93,
        9,
        52,
        15,
        51,
        50,
        30,
        101
      ],
      "score": 382.0,
      "length": 119.31115904990422
    },
    {
      "route_index": 2,
      "nodes": [
        0,
        29,
        88,
        61,
        3,
        95,
        43,
        19,
        25,
        7,
        73,
        5,
        6,
        53,
        24,
        55,
        101
      ],
      "score": 257.0,
      "length": 119.0482662609275
    },
    {
      "route_index": 3,
      "nodes": [
        0,
        21,
        13,
        62,
        27,
        91,
        49,
        2,
        46,
        4,
        16,
        48,
        90,
        26,
        75,
        41,
        101
      ],
      "score": 276.0,
      "length": 119.84304538887432
    }
  ],
  "dataset": "chao",
  "instance_name": "p7.3.r.txt",
  "run_seed": 224
}