{
  "instance": {
    "num_nodes": 102,
    "team_size": 3,
    "max_route_distance": 106.7,
    "start_depot": 0,
    "end_depot": 101
  },
  "objective": {
    "total_score": 861.0
  },
  "performance": {
    "cpu_time_seconds": 0.34069899993482977,
    "iterations": 20,
    "iterations_to_convergence": 19,
    "last_improvement_iteration": 19,
    "stagnation_iterations": 1,
    "accepted_worse_moves": 0,
    "restarts_performed": 1,
    "num_lp_solves": null,
    "num_labels_generated": null
  },
  "routes": [
    {
      "route_index": 1,
      "nodes": [
        0,
        39,
        75,
        41,
        21,
        13,
        59,
        98,
        99,
        74,
        60,
        22,
        36,
        12,
        23,
        42,
        11,
        56,
        8,
        57,
        14,
        101
      ],
      "score": 382.0,
      "length": 106.04039696442192
    },
    {
      "route_index": 2,
      "nodes": [
        0,
        63,
        58,
        100,
        1,
        54,
        37,
        65,
        5,
        25,
        6,
        53,
        24,
        55,
        101
      ],
      "score": 208.0,
      "length": 105.8577777747313
    },
    {
      "route_index": 3,
      "nodes": [
        0,
        30,
        28,
        20,
        93,
        9,
        51,
        15,
        52,
        10,
        33,
        38,
        61,
        88,
        3,
        95,
        81,
        29,
        101
      ],
      "score": 271.0,
      "length": 104.38597655673527
    }
  ],
  "dataset": "chao",
  "instance_name": "p7.3.p.txt",
  "run_seed": 215007,
  "run_index": 0
}