{
  "instance": {
    "num_nodes": 102,
    "team_size": 4,
    "max_route_distance": 95.0,
    "start_depot": 0,
    "end_depot": 101
  },
  "objective": {
    "total_score": 969.0
  },
  "performance": {
    "cpu_time_seconds": 0.39391690003685653,
    "iterations": 20,
    "iterations_to_convergence": 18,
    "last_improvement_iteration": 18,
    "stagnation_iterations": 2,
    "accepted_worse_moves": 0,
    "restarts_performed": 1,
    "num_lp_solves": null,
    "num_labels_generated": null
  },
  "routes": [
    {
      "route_index": 1,
      "nodes": [
        0,
        41,
        28,
        20,
        40,
        93,
        9,
        51,
        15,
        52,
        10,
        33,
        38,
        50,
        30,
        101
      ],
      "score": 243.0,
      "length": 94.79802473811809
    },
    {
      "route_index": 2,
      "nodes": [
        0,
        39,
        75,
        26,
        90,
        48,
        91,
        27,
        62,
        13,
        59,
        98,
        74,
        99,
        11,
        56,
        100,
        57,
        14,
        21,
        101
      ],
      "score": 301.0,
      "length": 94.84475102150624
    },
    {
      "route_index": 3,
      "nodes": [
        0,
        63,
        58,
        8,
        60,
        22,
        36,
        12,
        23,
        42,
        1,
        54,
        85,
        55,
        101
      ],
      "score": 219.0,
      "length": 94.43056675535233
    },
    {
      "route_index": 4,
      "nodes": [
        0,
        81,
        24,
        53,
        6,
        5,
        25,
        19,
        43,
        95,
        3,
        88,
        29,
        101
      ],
      "score": 206.0,
      "length": 93.93059411044516
    }
  ],
  "dataset": "chao",
  "instance_name": "p7.4.s.txt",
  "run_seed": 238007,
  "run_index": 0
}