{
  "instance": {
    "num_nodes": 102,
    "team_size": 4,
    "max_route_distance": 65.0,
    "start_depot": 0,
    "end_depot": 101
  },
  "objective": {
    "total_score": 597.0
  },
  "performance": {
    "cpu_time_seconds": 0.26447499997448176,
    "iterations": 20,
    "iterations_to_convergence": 13,
    "last_improvement_iteration": 13,
    "stagnation_iterations": 7,
    "accepted_worse_moves": 0,
    "restarts_performed": 1,
    "num_lp_solves": null,
    "num_labels_generated": null
  },
  "routes": [
    {
      "route_index": 1,
      "nodes": [
        0,
        38,
        33,
        10,
        80,
        61,
        88,
        29,
        101
      ],
      "score": 92.0,
      "length": 63.61418252313035
    },
    {
      "route_index": 2,
      "nodes": [
        0,
        13,
        59,
        8,
        1,
        85,
        24,
        55,
        101
      ],
      "score": 122.0,
      "length": 64.1032879356137
    },
    {
      "route_index": 3,
      "nodes": [
        0,
        41,
        21,
        14,
        57,
        98,
        99,
        74,
        60,
        97,
        11,
        56,
        100,
        58,
        63,
        101
      ],
      "score": 212.0,
      "length": 63.42348902830241
    },
    {
      "route_index": 4,
      "nodes": [
        0,
        39,
        28,
        20,
        93,
        9,
        52,
        15,
        51,
        50,
        30,
        101
      ],
      "score": 171.0,
      "length": 63.301022451858984
    }
  ],
  "dataset": "chao",
  "instance_name": "p7.4.m.txt",
  "run_seed": 232007,
  "run_index": 0
}