{
  "instance": {
    "num_nodes": 102,
    "team_size": 4,
    "max_route_distance": 95.0,
    "start_depot": 0,
    "end_depot": 101
  },
  "objective": {
    "total_score": 990.0
  },
  "performance": {
    "cpu_time_seconds": 0.3195153999995455,
    "iterations": 20,
    "iterations_to_convergence": 18,
    "last_improvement_iteration": 18,
    "stagnation_iterations": 2,
    "accepted_worse_moves": 0,
    "restarts_performed": 1,
    "num_lp_solves": null,
    "num_labels_generated": null
  },
  "routes": [
    {
      "route_index": 1,
      "nodes": [
        0,
        28,
        16,
        4,
        2,
        83,
        49,
        27,
        91,
        48,
        90,
        26,
        75,
        41,
        39,
        101
      ],
      "score": 232.0,
      "length": 92.29954259759398
    },
    {
      "route_index": 2,
      "nodes": [
        0,
        30,
        50,
        51,
        9,
        15,
        52,
        33,
        10,
        17,
        80,
        31,
        89,
        3,
        29,
        101
      ],
      "score": 247.0,
      "length": 94.45955022724294
    },
    {
      "route_index": 3,
      "nodes": [
        0,
        55,
        85,
        1,
        94,
        37,
        65,
        5,
        6,
        53,
        24,
        81,
        101
      ],
      "score": 176.0,
      "length": 94.12911857765468
    },
    {
      "route_index": 4,
      "nodes": [
        0,
        14,
        58,
        100,
        8,
        56,
        11,
        42,
        23,
        12,
        36,
        22,
        60,
        99,
        74,
        98,
        59,
        57,
        21,
        101
      ],
      "score": 335.0,
      "length": 93.72065604053022
    }
  ],
  "dataset": "chao",
  "instance_name": "p7.4.s.txt",
  "run_seed": 245
}