{
  "instance": {
    "num_nodes": 102,
    "team_size": 4,
    "max_route_distance": 65.0,
    "start_depot": 0,
    "end_depot": 101
  },
  "objective": {
    "total_score": 635.0
  },
  "performance": {
    "cpu_time_seconds": 0.23094969999965542,
    "iterations": 20,
    "iterations_to_convergence": 10,
    "last_improvement_iteration": 10,
    "stagnation_iterations": 10,
    "accepted_worse_moves": 0,
    "restarts_performed": 1,
    "num_lp_solves": null,
    "num_labels_generated": null
  },
  "routes": [
    {
      "route_index": 1,
      "nodes": [
        0,
        14,
        57,
        8,
        100,
        56,
        11,
        60,
        99,
        74,
        98,
        59,
        13,
        21,
        101
      ],
      "score": 245.0,
      "length": 64.83921689230722
    },
    {
      "route_index": 2,
      "nodes": [
        0,
        30,
        20,
        93,
        9,
        51,
        50,
        38,
        61,
        88,
        29,
        101
      ],
      "score": 149.0,
      "length": 61.453726695335426
    },
    {
      "route_index": 3,
      "nodes": [
        0,
        39,
        41,
        75,
        90,
        27,
        49,
        48,
        26,
        28,
        101
      ],
      "score": 139.0,
      "length": 64.87034709132536
    },
    {
      "route_index": 4,
      "nodes": [
        0,
        55,
        24,
        53,
        6,
        64,
        95,
        81,
        101
      ],
      "score": 102.0,
      "length": 64.77149859682324
    }
  ],
  "dataset": "chao",
  "instance_name": "p7.4.m.txt",
  "run_seed": 239
}