{
  "instance": {
    "num_nodes": 102,
    "team_size": 4,
    "max_route_distance": 90.0,
    "start_depot": 0,
    "end_depot": 101
  },
  "objective": {
    "total_score": 898.0
  },
  "performance": {
    "cpu_time_seconds": 0.4596802999731153,
    "iterations": 20,
    "iterations_to_convergence": 19,
    "last_improvement_iteration": 19,
    "stagnation_iterations": 1,
    "accepted_worse_moves": 1,
    "restarts_performed": 1,
    "num_lp_solves": null,
    "num_labels_generated": null
  },
  "routes": [
    {
      "route_index": 1,
      "nodes": [
        0,
        58,
        100,
        56,
        11,
        42,
        23,
        12,
        36,
        97,
        60,
        74,
        99,
        98,
        8,
        57,
        21,
        101
      ],
      "score": 277.0,
      "length": 85.97409235158081
    },
    {
      "route_index": 2,
      "nodes": [
        0,
        55,
        24,
        54,
        94,
        1,
        63,
        14,
        59,
        13,
        84,
        62,
        41,
        39,
        101
      ],
      "score": 185.0,
      "length": 89.506039096612
    },
    {
      "route_index": 3,
      "nodes": [
        0,
        30,
        20,
        93,
        9,
        51,
        15,
        52,
        10,
        33,
        38,
        61,
        88,
        3,
        29,
        101
      ],
      "score": 236.0,
      "length": 88.5219172110827
    },
    {
      "route_index": 4,
      "nodes": [
        0,
        28,
        16,
        4,
        2,
        83,
        49,
        27,
        91,
        48,
        90,
        26,
        75,
        101
      ],
      "score": 200.0,
      "length": 89.78562139088291
    }
  ],
  "dataset": "chao",
  "instance_name": "p7.4.r.txt",
  "run_seed": 237007,
  "run_index": 0
}