{
  "instance": {
    "num_nodes": 102,
    "team_size": 4,
    "max_route_distance": 80.0,
    "start_depot": 0,
    "end_depot": 101
  },
  "objective": {
    "total_score": 782.0
  },
  "performance": {
    "cpu_time_seconds": 0.44230290001723915,
    "iterations": 20,
    "iterations_to_convergence": 8,
    "last_improvement_iteration": 8,
    "stagnation_iterations": 12,
    "accepted_worse_moves": 2,
    "restarts_performed": 1,
    "num_lp_solves": null,
    "num_labels_generated": null
  },
  "routes": [
    {
      "route_index": 1,
      "nodes": [
        0,
        81,
        64,
        6,
        53,
        54,
        85,
        1,
        100,
        57,
        14,
        101
      ],
      "score": 162.0,
      "length": 79.63529167877923
    },
    {
      "route_index": 2,
      "nodes": [
        0,
        39,
        41,
        75,
        90,
        27,
        49,
        91,
        48,
        26,
        28,
        20,
        101
      ],
      "score": 166.0,
      "length": 77.14373914418974
    },
    {
      "route_index": 3,
      "nodes": [
        0,
        30,
        50,
        93,
        9,
        51,
        15,
        52,
        10,
        33,
        38,
        61,
        88,
        29,
        101
      ],
      "score": 203.0,
      "length": 77.83487340525262
    },
    {
      "route_index": 4,
      "nodes": [
        0,
        55,
        63,
        58,
        8,
        56,
        11,
        42,
        23,
        97,
        60,
        99,
        74,
        98,
        59,
        13,
        21,
        101
      ],
      "score": 251.0,
      "length": 77.80822054074176
    }
  ],
  "dataset": "chao",
  "instance_name": "p7.4.p.txt",
  "run_seed": 235008,
  "run_index": 1
}