{
  "instance": {
    "num_nodes": 102,
    "team_size": 4,
    "max_route_distance": 70.0,
    "start_depot": 0,
    "end_depot": 101
  },
  "objective": {
    "total_score": 686.0
  },
  "performance": {
    "cpu_time_seconds": 0.27992999996058643,
    "iterations": 20,
    "iterations_to_convergence": 16,
    "last_improvement_iteration": 16,
    "stagnation_iterations": 4,
    "accepted_worse_moves": 0,
    "restarts_performed": 1,
    "num_lp_solves": null,
    "num_labels_generated": null
  },
  "routes": [
    {
      "route_index": 1,
      "nodes": [
        0,
        39,
        41,
        75,
        26,
        48,
        91,
        27,
        62,
        13,
        21,
        101
      ],
      "score": 159.0,
      "length": 69.30009338579049
    },
    {
      "route_index": 2,
      "nodes": [
        0,
        38,
        33,
        10,
        52,
        15,
        51,
        9,
        93,
        20,
        30,
        101
      ],
      "score": 177.0,
      "length": 69.23642836764333
    },
    {
      "route_index": 3,
      "nodes": [
        0,
        29,
        88,
        61,
        3,
        18,
        43,
        95,
        81,
        101
      ],
      "score": 112.0,
      "length": 68.27301437928489
    },
    {
      "route_index": 4,
      "nodes": [
        0,
        55,
        63,
        58,
        100,
        8,
        56,
        42,
        11,
        60,
        99,
        74,
        98,
        59,
        57,
        14,
        101
      ],
      "score": 238.0,
      "length": 69.52913631212753
    }
  ],
  "dataset": "chao",
  "instance_name": "p7.4.n.txt",
  "run_seed": 233008,
  "run_index": 1
}