{
  "instance": {
    "num_nodes": 102,
    "team_size": 4,
    "max_route_distance": 85.0,
    "start_depot": 0,
    "end_depot": 101
  },
  "objective": {
    "total_score": 868.0
  },
  "performance": {
    "cpu_time_seconds": 0.4355339000467211,
    "iterations": 20,
    "iterations_to_convergence": 8,
    "last_improvement_iteration": 8,
    "stagnation_iterations": 12,
    "accepted_worse_moves": 1,
    "restarts_performed": 1,
    "num_lp_solves": null,
    "num_labels_generated": null
  },
  "routes": [
    {
      "route_index": 1,
      "nodes": [
        0,
        29,
        88,
        61,
        31,
        80,
        17,
        10,
        33,
        52,
        15,
        51,
        50,
        101
      ],
      "score": 179.0,
      "length": 84.03654788166195
    },
    {
      "route_index": 2,
      "nodes": [
        0,
        81,
        53,
        6,
        5,
        25,
        43,
        18,
        3,
        101
      ],
      "score": 167.0,
      "length": 84.88397265502536
    },
    {
      "route_index": 3,
      "nodes": [
        0,
        21,
        13,
        59,
        74,
        99,
        60,
        97,
        23,
        42,
        11,
        56,
        8,
        100,
        58,
        57,
        14,
        63,
        55,
        101
      ],
      "score": 305.0,
      "length": 84.55094888458794
    },
    {
      "route_index": 4,
      "nodes": [
        0,
        39,
        41,
        75,
        26,
        90,
        48,
        16,
        40,
        93,
        9,
        20,
        28,
        30,
        101
      ],
      "score": 217.0,
      "length": 83.98494177343161
    }
  ],
  "dataset": "chao",
  "instance_name": "p7.4.q.txt",
  "run_seed": 236008,
  "run_index": 1
}