{
  "instance": {
    "num_nodes": 102,
    "team_size": 4,
    "max_route_distance": 80.0,
    "start_depot": 0,
    "end_depot": 101
  },
  "objective": {
    "total_score": 776.0
  },
  "performance": {
    "cpu_time_seconds": 0.25694620000012947,
    "iterations": 20,
    "iterations_to_convergence": 16,
    "last_improvement_iteration": 16,
    "stagnation_iterations": 4,
    "accepted_worse_moves": 0,
    "restarts_performed": 1,
    "num_lp_solves": null,
    "num_labels_generated": null
  },
  "routes": [
    {
      "route_index": 1,
      "nodes": [
        0,
        3,
        18,
        96,
        32,
        31,
        89,
        61,
        88,
        29,
        101
      ],
      "score": 127.0,
      "length": 77.17984444530224
    },
    {
      "route_index": 2,
      "nodes": [
        0,
        28,
        20,
        93,
        9,
        51,
        15,
        52,
        10,
        33,
        38,
        50,
        30,
        101
      ],
      "score": 207.0,
      "length": 76.11687480042883
    },
    {
      "route_index": 3,
      "nodes": [
        0,
        14,
        57,
        58,
        100,
        8,
        56,
        42,
        11,
        60,
        99,
        74,
        98,
        59,
        13,
        21,
        41,
        39,
        101
      ],
      "score": 301.0,
      "length": 79.60678537382513
    },
    {
      "route_index": 4,
      "nodes": [
        0,
        55,
        24,
        53,
        6,
        5,
        25,
        95,
        81,
        101
      ],
      "score": 141.0,
      "length": 79.2336858816728
    }
  ],
  "dataset": "chao",
  "instance_name": "p7.4.p.txt",
  "run_seed": 242
}