{
  "instance": {
    "num_nodes": 102,
    "team_size": 4,
    "max_route_distance": 70.0,
    "start_depot": 0,
    "end_depot": 101
  },
  "objective": {
    "total_score": 667.0
  },
  "performance": {
    "cpu_time_seconds": 0.2895920000737533,
    "iterations": 20,
    "iterations_to_convergence": 1,
    "last_improvement_iteration": 1,
    "stagnation_iterations": 19,
    "accepted_worse_moves": 1,
    "restarts_performed": 1,
    "num_lp_solves": null,
    "num_labels_generated": null
  },
  "routes": [
    {
      "route_index": 1,
      "nodes": [
        0,
        21,
        57,
        8,
        99,
        74,
        60,
        97,
        23,
        42,
        11,
        56,
        100,
        58,
        14,
        101
      ],
      "score": 249.0,
      "length": 69.2676372532198
    },
    {
      "route_index": 2,
      "nodes": [
        0,
        55,
        24,
        53,
        6,
        64,
        95,
        3,
        29,
        101
      ],
      "score": 136.0,
      "length": 67.05151560037459
    },
    {
      "route_index": 3,
      "nodes": [
        0,
        30,
        20,
        9,
        93,
        40,
        28,
        75,
        41,
        39,
        101
      ],
      "score": 153.0,
      "length": 65.62438356172397
    },
    {
      "route_index": 4,
      "nodes": [
        0,
        50,
        51,
        15,
        52,
        10,
        33,
        38,
        61,
        88,
        101
      ],
      "score": 129.0,
      "length": 66.13500832524875
    }
  ],
  "dataset": "chao",
  "instance_name": "p7.4.n.txt",
  "run_seed": 233007,
  "run_index": 0
}