{
  "instance": {
    "num_nodes": 102,
    "team_size": 4,
    "max_route_distance": 100.0,
    "start_depot": 0,
    "end_depot": 101
  },
  "objective": {
    "total_score": 985.0
  },
  "performance": {
    "cpu_time_seconds": 0.31637880000016594,
    "iterations": 20,
    "iterations_to_convergence": 18,
    "last_improvement_iteration": 18,
    "stagnation_iterations": 2,
    "accepted_worse_moves": 0,
    "restarts_performed": 1,
    "num_lp_solves": null,
    "num_labels_generated": null
  },
  "routes": [
    {
      "route_index": 1,
      "nodes": [
        0,
        81,
        95,
        43,
        19,
        25,
        5,
        6,
        53,
        65,
        54,
        24,
        55,
        101
      ],
      "score": 192.0,
      "length": 98.81020170725571
    },
    {
      "route_index": 2,
      "nodes": [
        0,
        21,
        59,
        98,
        60,
        97,
        22,
        36,
        12,
        23,
        42,
        94,
        1,
        100,
        58,
        63,
        101
      ],
      "score": 216.0,
      "length": 98.33702319492221
    },
    {
      "route_index": 3,
      "nodes": [
        0,
        29,
        3,
        88,
        61,
        38,
        33,
        10,
        52,
        15,
        51,
        9,
        93,
        20,
        28,
        30,
        101
      ],
      "score": 253.0,
      "length": 94.43569831395384
    },
    {
      "route_index": 4,
      "nodes": [
        0,
        39,
        41,
        75,
        26,
        90,
        48,
        91,
        49,
        27,
        76,
        84,
        13,
        74,
        99,
        11,
        56,
        8,
        57,
        14,
        101
      ],
      "score": 324.0,
      "length": 98.46990375069217
    }
  ],
  "dataset": "chao",
  "instance_name": "p7.4.t.txt",
  "run_seed": 246
}