{
  "instance": {
    "num_nodes": 102,
    "team_size": 4,
    "max_route_distance": 80.0,
    "start_depot": 0,
    "end_depot": 101
  },
  "objective": {
    "total_score": 801.0
  },
  "performance": {
    "cpu_time_seconds": 0.34869519993662834,
    "iterations": 20,
    "iterations_to_convergence": 5,
    "last_improvement_iteration": 5,
    "stagnation_iterations": 15,
    "accepted_worse_moves": 0,
    "restarts_performed": 1,
    "num_lp_solves": null,
    "num_labels_generated": null
  },
  "routes": [
    {
      "route_index": 1,
      "nodes": [
        0,
        39,
        41,
        75,
        26,
        48,
        16,
        40,
        93,
        9,
        20,
        28,
        101
      ],
      "score": 192.0,
      "length": 78.92604922695807
    },
    {
      "route_index": 2,
      "nodes": [
        0,
        21,
        13,
        59,
        74,
        99,
        60,
        11,
        42,
        56,
        100,
        58,
        8,
        57,
        14,
        63,
        55,
        101
      ],
      "score": 285.0,
      "length": 79.97322070637607
    },
    {
      "route_index": 3,
      "nodes": [
        0,
        30,
        50,
        51,
        15,
        52,
        10,
        33,
        38,
        61,
        88,
        3,
        29,
        101
      ],
      "score": 188.0,
      "length": 79.53490419112731
    },
    {
      "route_index": 4,
      "nodes": [
        0,
        24,
        53,
        6,
        5,
        25,
        43,
        95,
        101
      ],
      "score": 136.0,
      "length": 79.0437442000514
    }
  ],
  "dataset": "chao",
  "instance_name": "p7.4.p.txt",
  "run_seed": 235007,
  "run_index": 0
}