{
  "instance": {
    "num_nodes": 102,
    "team_size": 4,
    "max_route_distance": 90.0,
    "start_depot": 0,
    "end_depot": 101
  },
  "objective": {
    "total_score": 868.0
  },
  "performance": {
    "cpu_time_seconds": 0.4159944999264553,
    "iterations": 20,
    "iterations_to_convergence": 13,
    "last_improvement_iteration": 13,
    "stagnation_iterations": 7,
    "accepted_worse_moves": 1,
    "restarts_performed": 1,
    "num_lp_solves": null,
    "num_labels_generated": null
  },
  "routes": [
    {
      "route_index": 1,
      "nodes": [
        0,
        14,
        8,
        98,
        74,
        99,
        60,
        22,
        36,
        12,
        23,
        42,
        11,
        56,
        100,
        58,
        63,
        101
      ],
      "score": 283.0,
      "length": 88.36137857347984
    },
    {
      "route_index": 2,
      "nodes": [
        0,
        28,
        20,
        93,
        9,
        51,
        38,
        61,
        3,
        95,
        81,
        55,
        101
      ],
      "score": 175.0,
      "length": 86.66957028631244
    },
    {
      "route_index": 3,
      "nodes": [
        0,
        30,
        50,
        15,
        52,
        33,
        10,
        17,
        80,
        68,
        31,
        89,
        88,
        29,
        101
      ],
      "score": 185.0,
      "length": 88.2955638043766
    },
    {
      "route_index": 4,
      "nodes": [
        0,
        21,
        57,
        59,
        13,
        84,
        62,
        27,
        49,
        91,
        48,
        90,
        26,
        75,
        41,
        39,
        101
      ],
      "score": 225.0,
      "length": 86.75142893738028
    }
  ],
  "dataset": "chao",
  "instance_name": "p7.4.r.txt",
  "run_seed": 237008,
  "run_index": 1
}