{
  "instance": {
    "num_nodes": 102,
    "team_size": 4,
    "max_route_distance": 75.0,
    "start_depot": 0,
    "end_depot": 101
  },
  "objective": {
    "total_score": 727.0
  },
  "performance": {
    "cpu_time_seconds": 0.32190549990627915,
    "iterations": 20,
    "iterations_to_convergence": 10,
    "last_improvement_iteration": 10,
    "stagnation_iterations": 10,
    "accepted_worse_moves": 1,
    "restarts_performed": 1,
    "num_lp_solves": null,
    "num_labels_generated": null
  },
  "routes": [
    {
      "route_index": 1,
      "nodes": [
        0,
        30,
        50,
        38,
        33,
        10,
        52,
        15,
        51,
        9,
        93,
        20,
        101
      ],
      "score": 190.0,
      "length": 72.86546710106441
    },
    {
      "route_index": 2,
      "nodes": [
        0,
        21,
        13,
        59,
        98,
        99,
        56,
        85,
        54,
        24,
        81,
        29,
        101
      ],
      "score": 146.0,
      "length": 74.35042053632488
    },
    {
      "route_index": 3,
      "nodes": [
        0,
        28,
        16,
        49,
        27,
        91,
        48,
        90,
        26,
        75,
        41,
        39,
        101
      ],
      "score": 166.0,
      "length": 73.67667450998854
    },
    {
      "route_index": 4,
      "nodes": [
        0,
        14,
        57,
        8,
        74,
        60,
        11,
        42,
        94,
        1,
        100,
        58,
        63,
        55,
        101
      ],
      "score": 225.0,
      "length": 73.27470275245153
    }
  ],
  "dataset": "chao",
  "instance_name": "p7.4.o.txt",
  "run_seed": 234007,
  "run_index": 0
}