{
  "instance": {
    "num_nodes": 102,
    "team_size": 4,
    "max_route_distance": 75.0,
    "start_depot": 0,
    "end_depot": 101
  },
  "objective": {
    "total_score": 748.0
  },
  "performance": {
    "cpu_time_seconds": 0.2595400999998674,
    "iterations": 20,
    "iterations_to_convergence": 19,
    "last_improvement_iteration": 19,
    "stagnation_iterations": 1,
    "accepted_worse_moves": 1,
    "restarts_performed": 1,
    "num_lp_solves": null,
    "num_labels_generated": null
  },
  "routes": [
    {
      "route_index": 1,
      "nodes": [
        0,
        28,
        20,
        50,
        51,
        15,
        52,
        10,
        33,
        38,
        61,
        29,
        101
      ],
      "score": 175.0,
      "length": 74.98400080477607
    },
    {
      "route_index": 2,
      "nodes": [
        0,
        30,
        9,
        93,
        40,
        16,
        48,
        26,
        75,
        41,
        39,
        101
      ],
      "score": 172.0,
      "length": 74.920840247424
    },
    {
      "route_index": 3,
      "nodes": [
        0,
        21,
        14,
        57,
        59,
        13,
        74,
        99,
        60,
        97,
        11,
        56,
        8,
        100,
        58,
        63,
        55,
        101
      ],
      "score": 273.0,
      "length": 73.84687526435759
    },
    {
      "route_index": 4,
      "nodes": [
        0,
        81,
        24,
        53,
        6,
        43,
        95,
        3,
        101
      ],
      "score": 128.0,
      "length": 74.2357402820772
    }
  ],
  "dataset": "chao",
  "instance_name": "p7.4.o.txt",
  "run_seed": 241
}