{
  "instance": {
    "num_nodes": 102,
    "team_size": 4,
    "max_route_distance": 75.0,
    "start_depot": 0,
    "end_depot": 101
  },
  "objective": {
    "total_score": 743.0
  },
  "performance": {
    "cpu_time_seconds": 0.33852890005800873,
    "iterations": 20,
    "iterations_to_convergence": 20,
    "last_improvement_iteration": 20,
    "stagnation_iterations": 0,
    "accepted_worse_moves": 1,
    "restarts_performed": 1,
    "num_lp_solves": null,
    "num_labels_generated": null
  },
  "routes": [
    {
      "route_index": 1,
      "nodes": [
        0,
        81,
        64,
        6,
        53,
        65,
        54,
        24,
        55,
        101
      ],
      "score": 113.0,
      "length": 71.0111585287783
    },
    {
      "route_index": 2,
      "nodes": [
        0,
        21,
        59,
        13,
        62,
        27,
        91,
        48,
        90,
        26,
        75,
        41,
        39,
        101
      ],
      "score": 180.0,
      "length": 74.51816778639927
    },
    {
      "route_index": 3,
      "nodes": [
        0,
        30,
        20,
        9,
        51,
        15,
        52,
        10,
        33,
        38,
        61,
        88,
        29,
        101
      ],
      "score": 203.0,
      "length": 74.22921401437426
    },
    {
      "route_index": 4,
      "nodes": [
        0,
        63,
        58,
        100,
        56,
        11,
        42,
        23,
        36,
        97,
        60,
        74,
        99,
        8,
        57,
        14,
        101
      ],
      "score": 247.0,
      "length": 74.96040334105297
    }
  ],
  "dataset": "chao",
  "instance_name": "p7.4.o.txt",
  "run_seed": 234008,
  "run_index": 1
}