{
  "instance": {
    "num_nodes": 102,
    "team_size": 4,
    "max_route_distance": 85.0,
    "start_depot": 0,
    "end_depot": 101
  },
  "objective": {
    "total_score": 817.0
  },
  "performance": {
    "cpu_time_seconds": 0.2802501999995002,
    "iterations": 20,
    "iterations_to_convergence": 13,
    "last_improvement_iteration": 13,
    "stagnation_iterations": 7,
    "accepted_worse_moves": 1,
    "restarts_performed": 1,
    "num_lp_solves": null,
    "num_labels_generated": null
  },
  "routes": [
    {
      "route_index": 1,
      "nodes": [
        0,
        39,
        41,
        75,
        26,
        48,
        91,
        49,
        27,
        62,
        13,
        59,
        100,
        58,
        14,
        101
      ],
      "score": 213.0,
      "length": 84.99739390520114
    },
    {
      "route_index": 2,
      "nodes": [
        0,
        55,
        24,
        54,
        85,
        1,
        42,
        23,
        11,
        60,
        74,
        99,
        56,
        8,
        57,
        21,
        101
      ],
      "score": 268.0,
      "length": 84.89453916173957
    },
    {
      "route_index": 3,
      "nodes": [
        0,
        81,
        95,
        3,
        61,
        38,
        9,
        93,
        20,
        28,
        101
      ],
      "score": 146.0,
      "length": 80.75151306486296
    },
    {
      "route_index": 4,
      "nodes": [
        0,
        29,
        88,
        89,
        31,
        80,
        17,
        10,
        33,
        52,
        15,
        51,
        50,
        30,
        101
      ],
      "score": 190.0,
      "length": 82.62511151936994
    }
  ],
  "dataset": "chao",
  "instance_name": "p7.4.q.txt",
  "run_seed": 243
}