{
  "instance": {
    "num_nodes": 102,
    "team_size": 4,
    "max_route_distance": 100.0,
    "start_depot": 0,
    "end_depot": 101
  },
  "objective": {
    "total_score": 1012.0
  },
  "performance": {
    "cpu_time_seconds": 0.4292502999305725,
    "iterations": 20,
    "iterations_to_convergence": 12,
    "last_improvement_iteration": 12,
    "stagnation_iterations": 8,
    "accepted_worse_moves": 1,
    "restarts_performed": 1,
    "num_lp_solves": null,
    "num_labels_generated": null
  },
  "routes": [
    {
      "route_index": 1,
      "nodes": [
        0,
        14,
        58,
        100,
        56,
        11,
        74,
        98,
        59,
        13,
        84,
        76,
        27,
        49,
        91,
        48,
        90,
        26,
        75,
        41,
        39,
        101
      ],
      "score": 300.0,
      "length": 99.2549001460264
    },
    {
      "route_index": 2,
      "nodes": [
        0,
        29,
        88,
        3,
        95,
        43,
        25,
        5,
        6,
        53,
        65,
        54,
        24,
        81,
        101
      ],
      "score": 214.0,
      "length": 99.73691846139158
    },
    {
      "route_index": 3,
      "nodes": [
        0,
        30,
        50,
        38,
        33,
        17,
        10,
        52,
        15,
        51,
        9,
        93,
        40,
        20,
        28,
        101
      ],
      "score": 241.0,
      "length": 98.49190581217265
    },
    {
      "route_index": 4,
      "nodes": [
        0,
        55,
        63,
        85,
        1,
        94,
        42,
        23,
        12,
        36,
        22,
        60,
        99,
        8,
        57,
        21,
        101
      ],
      "score": 257.0,
      "length": 98.81659617124356
    }
  ],
  "dataset": "chao",
  "instance_name": "p7.4.t.txt",
  "run_seed": 239007,
  "run_index": 0
}