{
  "instance": {
    "num_nodes": 102,
    "team_size": 4,
    "max_route_distance": 90.0,
    "start_depot": 0,
    "end_depot": 101
  },
  "objective": {
    "total_score": 902.0
  },
  "performance": {
    "cpu_time_seconds": 0.2993686000008893,
    "iterations": 20,
    "iterations_to_convergence": 8,
    "last_improvement_iteration": 8,
    "stagnation_iterations": 12,
    "accepted_worse_moves": 2,
    "restarts_performed": 1,
    "num_lp_solves": null,
    "num_labels_generated": null
  },
  "routes": [
    {
      "route_index": 1,
      "nodes": [
        0,
        63,
        58,
        100,
        8,
        56,
        11,
        22,
        77,
        84,
        62,
        13,
        59,
        21,
        101
      ],
      "score": 214.0,
      "length": 89.71280720921105
    },
    {
      "route_index": 2,
      "nodes": [
        0,
        55,
        24,
        85,
        1,
        42,
        23,
        12,
        36,
        97,
        60,
        74,
        99,
        98,
        57,
        14,
        101
      ],
      "score": 226.0,
      "length": 89.33748627885342
    },
    {
      "route_index": 3,
      "nodes": [
        0,
        29,
        3,
        88,
        61,
        38,
        33,
        10,
        52,
        15,
        51,
        9,
        93,
        20,
        30,
        101
      ],
      "score": 236.0,
      "length": 88.5219172110827
    },
    {
      "route_index": 4,
      "nodes": [
        0,
        39,
        41,
        75,
        26,
        90,
        48,
        91,
        27,
        49,
        2,
        4,
        16,
        28,
        101
      ],
      "score": 226.0,
      "length": 89.38160845693437
    }
  ],
  "dataset": "chao",
  "instance_name": "p7.4.r.txt",
  "run_seed": 244
}