{
  "instance": {
    "num_nodes": 102,
    "team_size": 4,
    "max_route_distance": 70.0,
    "start_depot": 0,
    "end_depot": 101
  },
  "objective": {
    "total_score": 654.0
  },
  "performance": {
    "cpu_time_seconds": 0.22368230000029143,
    "iterations": 20,
    "iterations_to_convergence": 16,
    "last_improvement_iteration": 16,
    "stagnation_iterations": 4,
    "accepted_worse_moves": 1,
    "restarts_performed": 1,
    "num_lp_solves": null,
    "num_labels_generated": null
  },
  "routes": [
    {
      "route_index": 1,
      "nodes": [
        0,
        39,
        28,
        16,
        40,
        20,
        50,
        101
      ],
      "score": 100.0,
      "length": 67.83916189597886
    },
    {
      "route_index": 2,
      "nodes": [
        0,
        29,
        3,
        95,
        64,
        6,
        53,
        24,
        81,
        101
      ],
      "score": 130.0,
      "length": 69.1707475293166
    },
    {
      "route_index": 3,
      "nodes": [
        0,
        55,
        63,
        58,
        100,
        8,
        56,
        11,
        60,
        99,
        74,
        98,
        59,
        57,
        14,
        21,
        41,
        101
      ],
      "score": 266.0,
      "length": 69.45411652651705
    },
    {
      "route_index": 4,
      "nodes": [
        0,
        30,
        93,
        9,
        51,
        15,
        52,
        10,
        33,
        38,
        101
      ],
      "score": 158.0,
      "length": 68.69232859001369
    }
  ],
  "dataset": "chao",
  "instance_name": "p7.4.n.txt",
  "run_seed": 240
}