{
  "instance": {
    "num_nodes": 102,
    "team_size": 4,
    "max_route_distance": 95.0,
    "start_depot": 0,
    "end_depot": 101
  },
  "objective": {
    "total_score": 965.0
  },
  "performance": {
    "cpu_time_seconds": 0.38851099996827543,
    "iterations": 20,
    "iterations_to_convergence": 19,
    "last_improvement_iteration": 19,
    "stagnation_iterations": 1,
    "accepted_worse_moves": 0,
    "restarts_performed": 1,
    "num_lp_solves": null,
    "num_labels_generated": null
  },
  "routes": [
    {
      "route_index": 1,
      "nodes": [
        0,
        21,
        57,
        98,
        74,
        60,
        97,
        36,
        12,
        23,
        42,
        1,
        11,
        56,
        8,
        14,
        101
      ],
      "score": 300.0,
      "length": 92.43755112646592
    },
    {
      "route_index": 2,
      "nodes": [
        0,
        30,
        50,
        38,
        80,
        17,
        10,
        33,
        52,
        15,
        51,
        9,
        93,
        20,
        28,
        101
      ],
      "score": 233.0,
      "length": 91.14381926151351
    },
    {
      "route_index": 3,
      "nodes": [
        0,
        29,
        88,
        3,
        18,
        43,
        19,
        25,
        5,
        6,
        53,
        24,
        55,
        101
      ],
      "score": 219.0,
      "length": 94.87361992980169
    },
    {
      "route_index": 4,
      "nodes": [
        0,
        63,
        58,
        100,
        99,
        59,
        13,
        84,
        76,
        27,
        49,
        91,
        48,
        90,
        26,
        75,
        41,
        39,
        101
      ],
      "score": 213.0,
      "length": 93.61561066603859
    }
  ],
  "dataset": "chao",
  "instance_name": "p7.4.s.txt",
  "run_seed": 238008,
  "run_index": 1
}