{
  "instance": {
    "num_nodes": 102,
    "team_size": 4,
    "max_route_distance": 100.0,
    "start_depot": 0,
    "end_depot": 101
  },
  "objective": {
    "total_score": 970.0
  },
  "performance": {
    "cpu_time_seconds": 0.4466689000837505,
    "iterations": 20,
    "iterations_to_convergence": 19,
    "last_improvement_iteration": 19,
    "stagnation_iterations": 1,
    "accepted_worse_moves": 0,
    "restarts_performed": 1,
    "num_lp_solves": null,
    "num_labels_generated": null
  },
  "routes": [
    {
      "route_index": 1,
      "nodes": [
        0,
        55,
        14,
        58,
        100,
        56,
        11,
        99,
        98,
        59,
        13,
        62,
        27,
        49,
        91,
        48,
        90,
        26,
        75,
        41,
        39,
        101
      ],
      "score": 312.0,
      "length": 99.88083810987806
    },
    {
      "route_index": 2,
      "nodes": [
        0,
        28,
        20,
        40,
        93,
        9,
        51,
        15,
        52,
        10,
        17,
        33,
        38,
        50,
        30,
        101
      ],
      "score": 241.0,
      "length": 98.49190581217265
    },
    {
      "route_index": 3,
      "nodes": [
        0,
        29,
        3,
        95,
        64,
        24,
        54,
        1,
        42,
        23,
        97,
        60,
        74,
        8,
        57,
        21,
        101
      ],
      "score": 235.0,
      "length": 99.42546691809082
    },
    {
      "route_index": 4,
      "nodes": [
        0,
        88,
        61,
        89,
        31,
        18,
        43,
        25,
        5,
        6,
        53,
        81,
        101
      ],
      "score": 182.0,
      "length": 99.05738447404839
    }
  ],
  "dataset": "chao",
  "instance_name": "p7.4.t.txt",
  "run_seed": 239008,
  "run_index": 1
}