{"n": 22, "m": 2, "T_max": 95.0, "profits": [0.0, 6.0, 1.0, 8.0, 1.0, 10.0, 1.0, 6.0, 6.0, 3.0, 7.0, 3.0, 3.0, 1.0, 10.0, 5.0, 2.0, 8.0, 5.0, 8.0, 7.0, 0.0], "dist": [[0.0, 5.290139347397891, 0.4599594953522137, 4.491103886775438, 4.895129721739835, 3.3602310308230754, 2.02043323046398, 2.151964178305101, 1.9385382127453494, 6.198604727142748, 3.4306112107241398, 3.5680498990907306, 3.3565388530715237, 1.1789946686443455, 0.5333293924366854, 7.74568029015593, 2.6256003178494125, 6.480034701637763, 3.7091645432683933, 2.4921443646404406, 5.364725102860017, 3.319723876819626], [5.290139347397891, 0.0, 5.716171089818048, 2.9309026162973195, 6.446494344477534, 5.085165797149337, 4.464545713270223, 3.2779566167121055, 7.053719807781384, 1.1585733179704683, 6.959429647880026, 2.2498353513976137, 7.975512639962788, 5.527115858299547, 5.203868035448517, 2.8399726165364383, 7.797221760588158, 2.139196813246752, 1.6189465298369023, 7.064844921447331, 10.335034749112634, 8.170457307712612], [0.4599594953522137, 5.716171089818048, 0.0, 4.7592317371462896, 4.824595053140326, 3.38446681163787, 2.421562568044961, 2.609153593592102, 1.4813653641033102, 6.6422315627769, 3.1758205259168926, 4.027074446807452, 2.940937517708936, 1.0414869727782763, 0.882650537174638, 8.122913462506839, 2.317905799947673, 6.937943538310285, 4.147797537471962, 2.108067454559712, 5.0892427720588875, 2.8772884917247743], [4.491103886775438, 2.9309026162973195, 4.7592317371462896, 0.0, 3.5962046432502452, 2.5490569476684457, 4.893602231672723, 3.509273825190019, 5.661040613001829, 4.057357849299257, 4.637286276678388, 3.6781663139172167, 6.041807124762997, 4.0682771791979695, 4.712398558366788, 3.8909635749314555, 7.077136927877834, 5.060008172100135, 2.7791038701674236, 5.247472972545975, 9.8446541691599, 6.378411138068682], [4.895129721739835, 6.446494344477534, 4.824595053140326, 3.5962046432502452, 0.0, 1.7080142052297191, 6.461004761982997, 5.501713236896978, 4.708494265570987, 7.599751631959747, 2.3223530523983342, 6.427995441300621, 4.04005534843628, 3.783161592868213, 5.387591354153579, 7.257159201595489, 6.68823544512476, 8.512598663305079, 5.7666927797355925, 3.7279328380042536, 9.29017812965988, 4.540490510700697], [3.3602310308230754, 5.085165797149337, 3.38446681163787, 2.5490569476684457, 1.7080142052297191, 0.0, 4.776558429463072, 3.7948302855026737, 3.687258876813878, 6.240990712485354, 2.099979664781966, 4.771914213644201, 3.632439052394606, 2.378570061594566, 3.812466891668619, 6.438248750973247, 5.502734429884287, 7.050293416382044, 4.1815569284042144, 2.9691060218592935, 8.23527623036046, 4.037237957845219], [2.02043323046398, 4.464545713270223, 2.421562568044961, 4.893602231672723, 6.461004761982997, 4.776558429463072, 0.0, 1.4076738748445963, 3.8509809652430373, 5.080685793234269, 5.367885100096883, 2.2764862199879876, 5.362396946322391, 3.1034227756394737, 1.5408910382196235, 7.242791826552212, 3.6675825322917515, 5.042198370871536, 2.896096898879562, 4.511900773634974, 5.94091008649138, 5.281020409183858], [2.151964178305101, 3.2779566167121055, 2.609153593592102, 3.509273825190019, 5.501713236896978, 3.7948302855026737, 1.4076738748445963, 0.0, 4.066477018246717, 4.086455277834409, 4.876033403818741, 1.4237357296488653, 5.323223635883571, 2.807740877604393, 1.956249516459073, 5.954026513131727, 4.530102609774885, 4.3289373658965955, 1.6590187642769243, 4.401854526145711, 7.066877665299628, 5.378601168131349], [1.9385382127453494, 7.053719807781384, 1.4813653641033102, 5.661040613001829, 4.708494265570987, 3.687258876813878, 3.8509809652430373, 4.066477018246717, 0.0, 8.034886998234459, 2.5605161509730556, 5.4897139413209635, 1.6297377236388573, 1.6104273591328686, 2.3220939253459068, 9.28914914210924, 2.0160403538900766, 8.390543188671735, 5.535911259548478, 1.0955097344306635, 4.596396858066651, 1.4402463921136077], [6.198604727142748, 1.1585733179704683, 6.6422315627769, 4.057357849299257, 7.599751631959747, 6.240990712485354, 5.080685793234269, 4.086455277834409, 8.034886998234459, 0.0, 8.090491844193485, 2.807826135396386, 9.044253704912915, 6.5574617290995345, 6.04269117096329, 2.860489059361913, 8.600977297597975, 1.1683733989108789, 2.4995891615737955, 8.12475476528289, 11.02045779834567, 9.212176005403727], [3.4306112107241398, 6.959429647880026, 3.1758205259168926, 4.637286276678388, 2.3223530523983342, 2.099979664781966, 5.367885100096883, 4.876033403818741, 2.5605161509730556, 8.090491844193485, 0.0, 6.151391737910673, 1.7277218411406885, 2.2709712709635475, 3.9637464181217945, 8.52795953419388, 4.576114137475484, 8.766819459903743, 5.791067057913947, 1.4870055441872896, 7.04627890577367, 2.220110349175058], [3.5680498990907306, 2.2498353513976137, 4.027074446807452, 3.6781663139172167, 6.427995441300621, 4.771914213644201, 2.2764862199879876, 1.4237357296488653, 5.4897139413209635, 2.807826135396386, 6.151391737910673, 0.0, 6.726130720468062, 4.197710564513599, 3.3219060090799153, 5.08346668280342, 5.82395299385527, 2.9155552280575265, 0.9397649899090083, 5.800451648741609, 8.213274240945228, 6.797118642899505], [3.3565388530715237, 7.975512639962788, 2.940937517708936, 6.041807124762997, 4.04005534843628, 3.632439052394606, 5.362396946322391, 5.323223635883571, 1.6297377236388573, 9.044253704912915, 1.7277218411406885, 6.726130720468062, 0.0, 2.5320900807467512, 3.8230190484577076, 9.882145637934107, 3.3910332417690405, 9.550810297069805, 6.5934785154593225, 0.928453141409865, 5.534606895169276, 0.5186924141804338], [1.1789946686443455, 5.527115858299547, 1.0414869727782763, 4.0682771791979695, 3.783161592868213, 2.378570061594566, 3.1034227756394737, 2.807740877604393, 1.6104273591328686, 6.5574617290995345, 2.2709712709635475, 4.197710564513599, 2.5320900807467512, 0.0, 1.7097583178150952, 7.683311691664945, 3.1558234904867115, 7.022624457432297, 4.080781885598769, 1.6042645897191183, 5.9213486834062214, 2.655470334495128], [0.5333293924366854, 5.203868035448517, 0.882650537174638, 4.712398558366788, 5.387591354153579, 3.812466891668619, 1.5408910382196235, 1.956249516459073, 2.3220939253459068, 6.04269117096329, 3.9637464181217945, 3.3219060090799153, 3.8230190484577076, 1.7097583178150952, 0.0, 7.769825472019777, 2.596854959653137, 6.233567778736526, 3.592578232239334, 2.985934775215986, 5.243060805278841, 3.74389819440244], [7.74568029015593, 2.8399726165364383, 8.122913462506839, 3.8909635749314555, 7.257159201595489, 6.438248750973247, 7.242791826552212, 5.954026513131727, 9.28914914210924, 2.860489059361913, 8.52795953419388, 5.08346668280342, 9.882145637934107, 7.683311691664945, 7.769825472019777, 0.0, 10.350716342175117, 3.9090914402733663, 4.346850280000463, 9.043148154961008, 12.996831900706262, 10.181103915538566], [2.6256003178494125, 7.797221760588158, 2.317905799947673, 7.077136927877834, 6.68823544512476, 5.502734429884287, 3.6675825322917515, 4.530102609774885, 2.0160403538900766, 8.600977297597975, 4.576114137475484, 5.82395299385527, 3.3910332417690405, 3.1558234904867115, 2.596854959653137, 10.350716342175117, 0.0, 8.688612619891222, 6.181904968179519, 3.100021431607268, 2.7777324281316202, 2.985206716101101], [6.480034701637763, 2.139196813246752, 6.937943538310285, 5.060008172100135, 8.512598663305079, 7.050293416382044, 5.042198370871536, 4.3289373658965955, 8.390543188671735, 1.1683733989108789, 8.766819459903743, 2.9155552280575265, 9.550810297069805, 7.022624457432297, 6.233567778736526, 3.9090914402733663, 8.688612619891222, 0.0, 2.98348293073436, 8.622530296374373, 10.92729248869667, 9.66186740879856], [3.7091645432683933, 1.6189465298369023, 4.147797537471962, 2.7791038701674236, 5.7666927797355925, 4.1815569284042144, 2.896096898879562, 1.6590187642769243, 5.535911259548478, 2.4995891615737955, 5.791067057913947, 0.9397649899090083, 6.5934785154593225, 4.080781885598769, 3.592578232239334, 4.346850280000463, 6.181904968179519, 2.98348293073436, 0.0, 5.6675240685476505, 8.72029943762129, 6.7351512909988625], 