{
  "instance": {
    "num_nodes": 66,
    "team_size": 3,
    "max_route_distance": 36.7,
    "start_depot": 0,
    "end_depot": 65
  },
  "objective": {
    "total_score": 1400.0
  },
  "performance": {
    "cpu_time_seconds": 17.642883999971673,
    "iterations": 30,
    "iterations_to_convergence": 30,
    "last_improvement_iteration": 30,
    "stagnation_iterations": 0,
    "accepted_worse_moves": 0,
    "restarts_performed": 3,
    "num_lp_solves": 30,
    "num_labels_generated": 5207016,
    "columns_generated": 5040,
    "columns_in_pool": 1678,
    "fractional_columns_at_root": 0
  },
  "routes": [
    {
      "route_index": 1,
      "nodes": [
        0,
        21,
        13,
        14,
        6,
        5,
        4,
        3,
        2,
        1,
        9,
        17,
        18,
        10,
        11,
        12,
        20,
        28,
        65
      ],
      "score": 465.0,
      "length": 36.49535804129925
    },
    {
      "route_index": 2,
      "nodes": [
        0,
        36,
        44,
        52,
        51,
        50,
        42,
        34,
        33,
        41,
        49,
        57,
        58,
        59,
        60,
        61,
        53,
        45,
        65
      ],
      "score": 465.0,
      "length": 36.49535804129925
    },
    {
      "route_index": 3,
      "nodes": [
        0,
        29,
        30,
        31,
        23,
        15,
        7,
        8,
        16,
        24,
        32,
        40,
        48,
        56,
        55,
        47,
        39,
        38,
        37,
        65
      ],
      "score": 470.0,
      "length": 36.236067977499786
    }
  ],
  "dataset": "chao",
  "instance_name": "p5.3.v.txt",
  "run_seed": 107008,
  "run_index": 1
}