{
  "instance": {
    "num_nodes": 66,
    "team_size": 3,
    "max_route_distance": 38.3,
    "start_depot": 0,
    "end_depot": 65
  },
  "objective": {
    "total_score": 1410.0
  },
  "performance": {
    "cpu_time_seconds": 19.179047500016168,
    "iterations": 33,
    "iterations_to_convergence": 33,
    "last_improvement_iteration": 33,
    "stagnation_iterations": 0,
    "accepted_worse_moves": 0,
    "restarts_performed": 3,
    "num_lp_solves": 33,
    "num_labels_generated": 6256674,
    "columns_generated": 5065,
    "columns_in_pool": 1685,
    "fractional_columns_at_root": 6
  },
  "routes": [
    {
      "route_index": 1,
      "nodes": [
        0,
        20,
        11,
        10,
        9,
        1,
        2,
        3,
        4,
        5,
        6,
        7,
        8,
        15,
        14,
        13,
        21,
        29,
        65
      ],
      "score": 475.0,
      "length": 38.152212290791624
    },
    {
      "route_index": 2,
      "nodes": [
        0,
        37,
        45,
        54,
        55,
        47,
        39,
        31,
        32,
        40,
        48,
        56,
        64,
        63,
        62,
        61,
        52,
        44,
        65
      ],
      "score": 465.0,
      "length": 38.152212290791624
    },
    {
      "route_index": 3,
      "nodes": [
        0,
        28,
        27,
        26,
        18,
        17,
        25,
        33,
        41,
        49,
        57,
        58,
        59,
        51,
        50,
        42,
        34,
        35,
        36,
        65
      ],
      "score": 470.0,
      "length": 36.236067977499786
    }
  ],
  "dataset": "chao",
  "instance_name": "p5.3.w.txt",
  "run_seed": 108008,
  "run_index": 1
}