{
  "instance": {
    "num_nodes": 66,
    "team_size": 3,
    "max_route_distance": 36.7,
    "start_depot": 0,
    "end_depot": 65
  },
  "objective": {
    "total_score": 1400.0
  },
  "performance": {
    "cpu_time_seconds": 17.246622300124727,
    "iterations": 29,
    "iterations_to_convergence": 29,
    "last_improvement_iteration": 29,
    "stagnation_iterations": 0,
    "accepted_worse_moves": 0,
    "restarts_performed": 3,
    "num_lp_solves": 29,
    "num_labels_generated": 5160844,
    "columns_generated": 5027,
    "columns_in_pool": 1674,
    "fractional_columns_at_root": 0
  },
  "routes": [
    {
      "route_index": 1,
      "nodes": [
        0,
        37,
        45,
        53,
        54,
        55,
        47,
        48,
        56,
        64,
        63,
        62,
        61,
        60,
        59,
        51,
        52,
        44,
        65
      ],
      "score": 465.0,
      "length": 36.49535804129925
    },
    {
      "route_index": 2,
      "nodes": [
        0,
        20,
        12,
        4,
        5,
        6,
        7,
        8,
        16,
        24,
        32,
        31,
        23,
        15,
        14,
        13,
        21,
        29,
        65
      ],
      "score": 465.0,
      "length": 36.49535804129925
    },
    {
      "route_index": 3,
      "nodes": [
        0,
        28,
        27,
        26,
        18,
        10,
        9,
        17,
        25,
        33,
        41,
        49,
        57,
        58,
        50,
        42,
        34,
        35,
        36,
        65
      ],
      "score": 470.0,
      "length": 36.236067977499786
    }
  ],
  "dataset": "chao",
  "instance_name": "p5.3.v.txt",
  "run_seed": 107007,
  "run_index": 0
}