{
  "instance": {
    "num_nodes": 66,
    "team_size": 3,
    "max_route_distance": 41.7,
    "start_depot": 0,
    "end_depot": 65
  },
  "objective": {
    "total_score": 1570.0
  },
  "performance": {
    "cpu_time_seconds": 19.80498869996518,
    "iterations": 33,
    "iterations_to_convergence": 33,
    "last_improvement_iteration": 33,
    "stagnation_iterations": 0,
    "accepted_worse_moves": 0,
    "restarts_performed": 3,
    "num_lp_solves": 33,
    "num_labels_generated": 6226110,
    "columns_generated": 5024,
    "columns_in_pool": 1667,
    "fractional_columns_at_root": 0
  },
  "routes": [
    {
      "route_index": 1,
      "nodes": [
        0,
        21,
        13,
        14,
        6,
        5,
        4,
        3,
        2,
        1,
        9,
        17,
        25,
        26,
        18,
        10,
        11,
        12,
        20,
        65
      ],
      "score": 520.0,
      "length": 40.33263734820751
    },
    {
      "route_index": 2,
      "nodes": [
        0,
        45,
        53,
        54,
        62,
        61,
        60,
        59,
        58,
        57,
        49,
        41,
        33,
        34,
        42,
        50,
        51,
        52,
        44,
        65
      ],
      "score": 520.0,
      "length": 40.33263734820751
    },
    {
      "route_index": 3,
      "nodes": [
        0,
        30,
        31,
        23,
        15,
        7,
        8,
        16,
        24,
        32,
        40,
        48,
        56,
        64,
        63,
        55,
        47,
        39,
        38,
        65
      ],
      "score": 530.0,
      "length": 40.08276253029822
    }
  ],
  "dataset": "chao",
  "instance_name": "p5.3.y.txt",
  "run_seed": 110007,
  "run_index": 0
}