{
  "instance": {
    "num_nodes": 66,
    "team_size": 3,
    "max_route_distance": 38.3,
    "start_depot": 0,
    "end_depot": 65
  },
  "objective": {
    "total_score": 1420.0
  },
  "performance": {
    "cpu_time_seconds": 19.967754999990575,
    "iterations": 34,
    "iterations_to_convergence": 34,
    "last_improvement_iteration": 34,
    "stagnation_iterations": 0,
    "accepted_worse_moves": 0,
    "restarts_performed": 3,
    "num_lp_solves": 34,
    "num_labels_generated": 6439015,
    "columns_generated": 5082,
    "columns_in_pool": 1705,
    "fractional_columns_at_root": 0
  },
  "routes": [
    {
      "route_index": 1,
      "nodes": [
        0,
        36,
        44,
        51,
        50,
        42,
        34,
        33,
        41,
        49,
        57,
        58,
        59,
        60,
        61,
        62,
        53,
        45,
        65
      ],
      "score": 475.0,
      "length": 38.152212290791624
    },
    {
      "route_index": 2,
      "nodes": [
        0,
        21,
        13,
        14,
        7,
        6,
        5,
        4,
        3,
        2,
        1,
        9,
        17,
        18,
        10,
        11,
        20,
        28,
        65
      ],
      "score": 475.0,
      "length": 38.152212290791624
    },
    {
      "route_index": 3,
      "nodes": [
        0,
        29,
        30,
        31,
        23,
        15,
        16,
        24,
        32,
        40,
        48,
        56,
        64,
        63,
        55,
        47,
        39,
        38,
        37,
        65
      ],
      "score": 470.0,
      "length": 36.236067977499786
    }
  ],
  "dataset": "chao",
  "instance_name": "p5.3.w.txt",
  "run_seed": 108007,
  "run_index": 0
}