{
  "instance": {
    "num_nodes": 66,
    "team_size": 3,
    "max_route_distance": 33.3,
    "start_depot": 0,
    "end_depot": 65
  },
  "objective": {
    "total_score": 1220.0
  },
  "performance": {
    "cpu_time_seconds": 20.277008600067347,
    "iterations": 34,
    "iterations_to_convergence": 34,
    "last_improvement_iteration": 34,
    "stagnation_iterations": 0,
    "accepted_worse_moves": 0,
    "restarts_performed": 3,
    "num_lp_solves": 34,
    "num_labels_generated": 4829634,
    "columns_generated": 5071,
    "columns_in_pool": 1681,
    "fractional_columns_at_root": 0
  },
  "routes": [
    {
      "route_index": 1,
      "nodes": [
        0,
        36,
        44,
        52,
        51,
        59,
        60,
        61,
        62,
        63,
        64,
        56,
        55,
        54,
        53,
        45,
        37,
        65
      ],
      "score": 410.0,
      "length": 32.92080962648189
    },
    {
      "route_index": 2,
      "nodes": [
        0,
        28,
        27,
        26,
        18,
        17,
        25,
        33,
        41,
        49,
        57,
        58,
        50,
        42,
        34,
        35,
        65
      ],
      "score": 405.0,
      "length": 32.159415253899006
    },
    {
      "route_index": 3,
      "nodes": [
        0,
        29,
        30,
        31,
        23,
        15,
        7,
        8,
        16,
        24,
        32,
        40,
        48,
        47,
        39,
        38,
        65
      ],
      "score": 405.0,
      "length": 32.159415253899006
    }
  ],
  "dataset": "chao",
  "instance_name": "p5.3.t.txt",
  "run_seed": 105008,
  "run_index": 1
}