{
  "instance": {
    "num_nodes": 66,
    "team_size": 4,
    "max_route_distance": 27.5,
    "start_depot": 0,
    "end_depot": 65
  },
  "objective": {
    "total_score": 1260.0
  },
  "performance": {
    "cpu_time_seconds": 18.54049339995254,
    "iterations": 35,
    "iterations_to_convergence": 35,
    "last_improvement_iteration": 35,
    "stagnation_iterations": 0,
    "accepted_worse_moves": 0,
    "restarts_performed": 3,
    "num_lp_solves": 35,
    "num_labels_generated": 3342080,
    "columns_generated": 4764,
    "columns_in_pool": 1594,
    "fractional_columns_at_root": 0
  },
  "routes": [
    {
      "route_index": 1,
      "nodes": [
        0,
        20,
        11,
        10,
        9,
        1,
        2,
        3,
        4,
        5,
        13,
        21,
        29,
        65
      ],
      "score": 320.0,
      "length": 27.323785166045436
    },
    {
      "route_index": 2,
      "nodes": [
        0,
        37,
        45,
        54,
        55,
        56,
        64,
        63,
        62,
        61,
        60,
        52,
        44,
        65
      ],
      "score": 320.0,
      "length": 27.323785166045436
    },
    {
      "route_index": 3,
      "nodes": [
        0,
        28,
        27,
        26,
        18,
        17,
        25,
        33,
        41,
        49,
        42,
        34,
        35,
        36,
        65
      ],
      "score": 315.0,
      "length": 27.06449510224598
    },
    {
      "route_index": 4,
      "nodes": [
        0,
        30,
        31,
        23,
        15,
        16,
        24,
        32,
        40,
        48,
        39,
        38,
        65
      ],
      "score": 305.0,
      "length": 26.91118965504441
    }
  ],
  "dataset": "chao",
  "instance_name": "p5.4.v.txt",
  "run_seed": 133008,
  "run_index": 1
}