{
  "instance": {
    "num_nodes": 66,
    "team_size": 4,
    "max_route_distance": 28.8,
    "start_depot": 0,
    "end_depot": 65
  },
  "objective": {
    "total_score": 1380.0
  },
  "performance": {
    "cpu_time_seconds": 20.779228300089017,
    "iterations": 35,
    "iterations_to_convergence": 35,
    "last_improvement_iteration": 35,
    "stagnation_iterations": 0,
    "accepted_worse_moves": 0,
    "restarts_performed": 3,
    "num_lp_solves": 35,
    "num_labels_generated": 3850763,
    "columns_generated": 4860,
    "columns_in_pool": 1606,
    "fractional_columns_at_root": 0
  },
  "routes": [
    {
      "route_index": 1,
      "nodes": [
        0,
        20,
        12,
        4,
        5,
        6,
        7,
        8,
        16,
        15,
        14,
        13,
        21,
        29,
        65
      ],
      "score": 345.0,
      "length": 28.495358041299248
    },
    {
      "route_index": 2,
      "nodes": [
        0,
        28,
        27,
        26,
        18,
        10,
        2,
        1,
        9,
        17,
        25,
        33,
        34,
        35,
        36,
        65
      ],
      "score": 350.0,
      "length": 28.23606797749979
    },
    {
      "route_index": 3,
      "nodes": [
        0,
        30,
        31,
        32,
        40,
        48,
        56,
        64,
        63,
        55,
        47,
        39,
        38,
        65
      ],
      "score": 340.0,
      "length": 28.08276253029822
    },
    {
      "route_index": 4,
      "nodes": [
        0,
        44,
        52,
        51,
        50,
        49,
        57,
        58,
        59,
        60,
        61,
        53,
        45,
        37,
        65
      ],
      "score": 345.0,
      "length": 28.758088933390155
    }
  ],
  "dataset": "chao",
  "instance_name": "p5.4.w.txt",
  "run_seed": 134008,
  "run_index": 1
}