{
  "instance": {
    "num_nodes": 66,
    "team_size": 4,
    "max_route_distance": 25.0,
    "start_depot": 0,
    "end_depot": 65
  },
  "objective": {
    "total_score": 1100.0
  },
  "performance": {
    "cpu_time_seconds": 18.91654990008101,
    "iterations": 36,
    "iterations_to_convergence": 36,
    "last_improvement_iteration": 36,
    "stagnation_iterations": 0,
    "accepted_worse_moves": 0,
    "restarts_performed": 3,
    "num_lp_solves": 36,
    "num_labels_generated": 3060961,
    "columns_generated": 4522,
    "columns_in_pool": 1509,
    "fractional_columns_at_root": 0
  },
  "routes": [
    {
      "route_index": 1,
      "nodes": [
        0,
        30,
        31,
        23,
        24,
        32,
        40,
        48,
        47,
        39,
        38,
        37,
        65
      ],
      "score": 275.0,
      "length": 24.159415253899006
    },
    {
      "route_index": 2,
      "nodes": [
        0,
        28,
        27,
        26,
        18,
        17,
        25,
        33,
        41,
        42,
        34,
        35,
        65
      ],
      "score": 275.0,
      "length": 24.159415253899006
    },
    {
      "route_index": 3,
      "nodes": [
        0,
        20,
        12,
        11,
        10,
        2,
        3,
        4,
        5,
        13,
        21,
        29,
        65
      ],
      "score": 275.0,
      "length": 24.495358041299248
    },
    {
      "route_index": 4,
      "nodes": [
        0,
        45,
        53,
        61,
        60,
        59,
        58,
        50,
        51,
        52,
        44,
        36,
        65
      ],
      "score": 275.0,
      "length": 24.758088933390155
    }
  ],
  "dataset": "chao",
  "instance_name": "p5.4.t.txt",
  "run_seed": 131008,
  "run_index": 1
}