{
  "instance": {
    "num_nodes": 66,
    "team_size": 4,
    "max_route_distance": 30.0,
    "start_depot": 0,
    "end_depot": 65
  },
  "objective": {
    "total_score": 1400.0
  },
  "performance": {
    "cpu_time_seconds": 18.406921400106512,
    "iterations": 33,
    "iterations_to_convergence": 33,
    "last_improvement_iteration": 33,
    "stagnation_iterations": 0,
    "accepted_worse_moves": 0,
    "restarts_performed": 3,
    "num_lp_solves": 33,
    "num_labels_generated": 3773791,
    "columns_generated": 4966,
    "columns_in_pool": 1649,
    "fractional_columns_at_root": 0
  },
  "routes": [
    {
      "route_index": 1,
      "nodes": [
        0,
        45,
        53,
        62,
        61,
        60,
        59,
        58,
        57,
        49,
        50,
        51,
        44,
        65
      ],
      "score": 350.0,
      "length": 29.989491597699892
    },
    {
      "route_index": 2,
      "nodes": [
        0,
        21,
        14,
        15,
        16,
        8,
        7,
        6,
        5,
        4,
        3,
        11,
        20,
        65
      ],
      "score": 350.0,
      "length": 29.989491597699892
    },
    {
      "route_index": 3,
      "nodes": [
        0,
        29,
        30,
        31,
        32,
        40,
        48,
        56,
        64,
        63,
        55,
        47,
        39,
        38,
        37,
        65
      ],
      "score": 350.0,
      "length": 28.23606797749979
    },
    {
      "route_index": 4,
      "nodes": [
        0,
        28,
        27,
        26,
        18,
        10,
        2,
        1,
        9,
        17,
        25,
        33,
        34,
        35,
        36,
        65
      ],
      "score": 350.0,
      "length": 28.23606797749979
    }
  ],
  "dataset": "chao",
  "instance_name": "p5.4.x.txt",
  "run_seed": 135007,
  "run_index": 0
}