{
  "instance": {
    "num_nodes": 66,
    "team_size": 4,
    "max_route_distance": 25.0,
    "start_depot": 0,
    "end_depot": 65
  },
  "objective": {
    "total_score": 1100.0
  },
  "performance": {
    "cpu_time_seconds": 17.63951249991078,
    "iterations": 34,
    "iterations_to_convergence": 34,
    "last_improvement_iteration": 34,
    "stagnation_iterations": 0,
    "accepted_worse_moves": 0,
    "restarts_performed": 3,
    "num_lp_solves": 34,
    "num_labels_generated": 2824354,
    "columns_generated": 4519,
    "columns_in_pool": 1509,
    "fractional_columns_at_root": 0
  },
  "routes": [
    {
      "route_index": 1,
      "nodes": [
        0,
        36,
        44,
        52,
        51,
        50,
        58,
        59,
        60,
        61,
        53,
        45,
        37,
        65
      ],
      "score": 280.0,
      "length": 24.92080962648189
    },
    {
      "route_index": 2,
      "nodes": [
        0,
        28,
        27,
        26,
        18,
        17,
        25,
        33,
        41,
        42,
        34,
        35,
        65
      ],
      "score": 275.0,
      "length": 24.159415253899006
    },
    {
      "route_index": 3,
      "nodes": [
        0,
        30,
        31,
        23,
        15,
        16,
        24,
        32,
        40,
        39,
        38,
        65
      ],
      "score": 270.0,
      "length": 24.08276253029822
    },
    {
      "route_index": 4,
      "nodes": [
        0,
        20,
        12,
        11,
        3,
        4,
        5,
        6,
        14,
        13,
        21,
        29,
        65
      ],
      "score": 275.0,
      "length": 24.495358041299248
    }
  ],
  "dataset": "chao",
  "instance_name": "p5.4.t.txt",
  "run_seed": 131007,
  "run_index": 0
}