{
  "instance": {
    "num_nodes": 102,
    "team_size": 4,
    "max_route_distance": 90.0,
    "start_depot": 0,
    "end_depot": 101
  },
  "objective": {
    "total_score": 760.0
  },
  "performance": {
    "cpu_time_seconds": 18.1488528001355,
    "iterations": 36,
    "iterations_to_convergence": 36,
    "last_improvement_iteration": 36,
    "stagnation_iterations": 0,
    "accepted_worse_moves": 0,
    "restarts_performed": 3,
    "num_lp_solves": 36,
    "num_labels_generated": 10292898,
    "columns_generated": 3267,
    "columns_in_pool": 1089,
    "fractional_columns_at_root": 6
  },
  "routes": [
    {
      "route_index": 1,
      "nodes": [
        0,
        12,
        8,
        101
      ],
      "score": 63.0,
      "length": 71.18758925141218
    },
    {
      "route_index": 2,
      "nodes": [
        0,
        55,
        63,
        58,
        100,
        1,
        56,
        11,
        60,
        99,
        74,
        98,
        14,
        57,
        59,
        13,
        21,
        41,
        39,
        101
      ],
      "score": 304.0,
      "length": 88.13660824806912
    },
    {
      "route_index": 3,
      "nodes": [
        0,
        28,
        20,
        93,
        9,
        52,
        10,
        33,
        15,
        51,
        50,
        38,
        61,
        30,
        101
      ],
      "score": 217.0,
      "length": 89.05024869037393
    },
    {
      "route_index": 4,
      "nodes": [
        0,
        81,
        95,
        64,
        53,
        6,
        25,
        43,
        18,
        3,
        88,
        29,
        101
      ],
      "score": 176.0,
      "length": 89.85269400178943
    }
  ],
  "dataset": "chao",
  "instance_name": "p7.4.r.txt",
  "run_seed": 237007,
  "run_index": 0
}