{
  "instance": {
    "num_nodes": 152,
    "team_size": 3,
    "max_route_distance": 116.67,
    "start_depot": 0,
    "end_depot": 151
  },
  "objective": {
    "total_score": 732.0
  },
  "performance": {
    "cpu_time_seconds": 36.598908900050446,
    "iterations": 36,
    "iterations_to_convergence": 36,
    "last_improvement_iteration": 36,
    "stagnation_iterations": 0,
    "accepted_worse_moves": 0,
    "restarts_performed": 3,
    "num_lp_solves": 36,
    "num_labels_generated": 18531612,
    "columns_generated": 4611,
    "columns_in_pool": 1537,
    "fractional_columns_at_root": 0
  },
  "routes": [
    {
      "route_index": 1,
      "nodes": [
        0,
        39,
        23,
        151
      ],
      "score": 60.0,
      "length": 78.62841352460858
    },
    {
      "route_index": 2,
      "nodes": [
        0,
        89,
        147,
        6,
        94,
        96,
        118,
        5,
        99,
        93,
        85,
        98,
        37,
        59,
        95,
        97,
        87,
        13,
        112,
        151
      ],
      "score": 376.0,
      "length": 84.09374999505704
    },
    {
      "route_index": 3,
      "nodes": [
        0,
        53,
        105,
        26,
        149,
        109,
        80,
        150,
        68,
        79,
        3,
        77,
        116,
        76,
        12,
        138,
        28,
        111,
        27,
        151
      ],
      "score": 296.0,
      "length": 83.92502975792114
    }
  ],
  "dataset": "dang",
  "instance_name": "cmt151b_m3.txt",
  "run_seed": 9008,
  "run_index": 1
}