{
  "instance": {
    "num_nodes": 152,
    "team_size": 4,
    "max_route_distance": 131.25,
    "start_depot": 0,
    "end_depot": 151
  },
  "objective": {
    "total_score": 810.0
  },
  "performance": {
    "cpu_time_seconds": 47.47691850003321,
    "iterations": 36,
    "iterations_to_convergence": 36,
    "last_improvement_iteration": 36,
    "stagnation_iterations": 0,
    "accepted_worse_moves": 0,
    "restarts_performed": 3,
    "num_lp_solves": 36,
    "num_labels_generated": 18486468,
    "columns_generated": 4992,
    "columns_in_pool": 1664,
    "fractional_columns_at_root": 0
  },
  "routes": [
    {
      "route_index": 1,
      "nodes": [
        0,
        23,
        39,
        151
      ],
      "score": 60.0,
      "length": 78.62841352460858
    },
    {
      "route_index": 2,
      "nodes": [
        0,
        31,
        32,
        151
      ],
      "score": 50.0,
      "length": 68.92849839314596
    },
    {
      "route_index": 3,
      "nodes": [
        0,
        89,
        147,
        118,
        5,
        61,
        16,
        86,
        141,
        44,
        100,
        85,
        93,
        104,
        99,
        96,
        95,
        94,
        112,
        151
      ],
      "score": 404.0,
      "length": 90.48332417167666
    },
    {
      "route_index": 4,
      "nodes": [
        0,
        53,
        105,
        26,
        149,
        109,
        80,
        150,
        68,
        79,
        3,
        77,
        116,
        76,
        12,
        138,
        28,
        111,
        27,
        151
      ],
      "score": 296.0,
      "length": 83.92502975792114
    }
  ],
  "dataset": "dang",
  "instance_name": "cmt151c_m4.txt",
  "run_seed": 12008,
  "run_index": 1
}