{
  "instance": {
    "num_nodes": 201,
    "team_size": 4,
    "max_route_distance": 95.5,
    "start_depot": 0,
    "end_depot": 200
  },
  "objective": {
    "total_score": 1070.0
  },
  "performance": {
    "cpu_time_seconds": 44.50878220004961,
    "iterations": 36,
    "iterations_to_convergence": 36,
    "last_improvement_iteration": 36,
    "stagnation_iterations": 0,
    "accepted_worse_moves": 0,
    "restarts_performed": 3,
    "num_lp_solves": 36,
    "num_labels_generated": 25122636,
    "columns_generated": 3783,
    "columns_in_pool": 1261,
    "fractional_columns_at_root": 0
  },
  "routes": [
    {
      "route_index": 1,
      "nodes": [
        0,
        23,
        39,
        200
      ],
      "score": 60.0,
      "length": 78.62841352460858
    },
    {
      "route_index": 2,
      "nodes": [
        0,
        112,
        183,
        147,
        96,
        104,
        99,
        59,
        151,
        37,
        98,
        93,
        85,
        61,
        5,
        118,
        166,
        89,
        156,
        200
      ],
      "score": 370.0,
      "length": 70.9577773203132
    },
    {
      "route_index": 3,
      "nodes": [
        0,
        146,
        52,
        153,
        106,
        194,
        182,
        159,
        148,
        88,
        190,
        31,
        162,
        69,
        1,
        176,
        132,
        167,
        27,
        200
      ],
      "score": 298.0,
      "length": 80.95606713832669
    },
    {
      "route_index": 4,
      "nodes": [
        0,
        28,
        111,
        138,
        154,
        12,
        196,
        68,
        80,
        150,
        177,
        109,
        26,
        149,
        180,
        105,
        58,
        152,
        53,
        200
      ],
      "score": 342.0,
      "length": 80.21693881204847
    }
  ],
  "dataset": "dang",
  "instance_name": "cmt200b_m4.txt",
  "run_seed": 15007,
  "run_index": 0
}