{
  "instance": {
    "num_nodes": 152,
    "team_size": 3,
    "max_route_distance": 175.0,
    "start_depot": 0,
    "end_depot": 151
  },
  "objective": {
    "total_score": 732.0
  },
  "performance": {
    "cpu_time_seconds": 14.071414100006223,
    "iterations": 12,
    "iterations_to_convergence": 12,
    "last_improvement_iteration": 12,
    "stagnation_iterations": 0,
    "accepted_worse_moves": 0,
    "restarts_performed": 0,
    "num_lp_solves": 12,
    "num_labels_generated": 6184728,
    "columns_generated": 1732,
    "columns_in_pool": 1732,
    "fractional_columns_at_root": 0
  },
  "routes": [
    {
      "route_index": 1,
      "nodes": [
        0,
        39,
        23,
        151
      ],
      "score": 60.0,
      "length": 78.62841352460858
    },
    {
      "route_index": 2,
      "nodes": [
        0,
        89,
        147,
        118,
        5,
        96,
        104,
        99,
        93,
        85,
        100,
        37,
        98,
        59,
        97,
        87,
        95,
        94,
        112,
        151
      ],
      "score": 376.0,
      "length": 82.84330002602236
    },
    {
      "route_index": 3,
      "nodes": [
        0,
        53,
        105,
        26,
        149,
        109,
        80,
        150,
        68,
        79,
        3,
        77,
        116,
        76,
        12,
        138,
        28,
        111,
        27,
        151
      ],
      "score": 296.0,
      "length": 83.92502975792114
    }
  ],
  "dataset": "dang",
  "instance_name": "cmt151c_m3.txt",
  "run_seed": 11007,
  "run_index": 0
}