{
  "instance": {
    "num_nodes": 128,
    "team_size": 2,
    "max_route_distance": 29570.5,
    "start_depot": 0,
    "end_depot": 127
  },
  "objective": {
    "total_score": 2602.0
  },
  "performance": {
    "cpu_time_seconds": 0.6329764000001887,
    "iterations": 20,
    "iterations_to_convergence": 16,
    "last_improvement_iteration": 16,
    "stagnation_iterations": 4,
    "accepted_worse_moves": 11,
    "restarts_performed": 1,
    "num_lp_solves": null,
    "num_labels_generated": null
  },
  "routes": [
    {
      "route_index": 1,
      "nodes": [
        0,
        6,
        119,
        9,
        101,
        99,
        63,
        57,
        90,
        60,
        61,
        58,
        59,
        115,
        89,
        2,
        10,
        8,
        23,
        22,
        3,
        21,
        18,
        7,
        71,
        73,
        72,
        67,
        69,
        70,
        109,
        84,
        85,
        86,
        87,
        108,
        95,
        68,
        74,
        75,
        83,
        80,
        81,
        82,
        79,
        78,
        76,
        17,
        20,
        16,
        19,
        107,
        14,
        105,
        5,
        113,
        104,
        127
      ],
      "score": 1597.0,
      "length": 29479.484033986264
    },
    {
      "route_index": 2,
      "nodes": [
        0,
        15,
        36,
        35,
        40,
        29,
        30,
        26,
        25,
        37,
        38,
        41,
        33,
        42,
        39,
        34,
        50,
        56,
        53,
        43,
        44,
        102,
        94,
        92,
        93,
        110,
        111,
        45,
        117,
        47,
        52,
        48,
        46,
        123,
        51,
        100,
        4,
        55,
        120,
        49,
        114,
        12,
        127
      ],
      "score": 1005.0,
      "length": 29505.37934369511
    }
  ],
  "dataset": "vansteenwegen",
  "instance_name": "bier127_gen3_m2.txt",
  "run_seed": 5008,
  "run_index": 1
}