{
  "instance": {
    "num_nodes": 128,
    "team_size": 2,
    "max_route_distance": 29570.5,
    "start_depot": 0,
    "end_depot": 127
  },
  "objective": {
    "total_score": 2700.0
  },
  "performance": {
    "cpu_time_seconds": 0.6596181000004435,
    "iterations": 20,
    "iterations_to_convergence": 20,
    "last_improvement_iteration": 20,
    "stagnation_iterations": 0,
    "accepted_worse_moves": 8,
    "restarts_performed": 1,
    "num_lp_solves": null,
    "num_labels_generated": null
  },
  "routes": [
    {
      "route_index": 1,
      "nodes": [
        0,
        15,
        36,
        35,
        40,
        13,
        29,
        42,
        33,
        41,
        38,
        37,
        25,
        26,
        30,
        79,
        78,
        82,
        80,
        83,
        81,
        75,
        77,
        116,
        74,
        68,
        95,
        108,
        87,
        86,
        85,
        84,
        109,
        70,
        69,
        67,
        72,
        73,
        76,
        17,
        71,
        7,
        18,
        20,
        16,
        19,
        21,
        3,
        22,
        23,
        107,
        5,
        105,
        14,
        127
      ],
      "score": 1521.0,
      "length": 29543.846020765155
    },
    {
      "route_index": 2,
      "nodes": [
        0,
        104,
        113,
        10,
        8,
        2,
        9,
        101,
        99,
        89,
        115,
        59,
        58,
        61,
        60,
        90,
        57,
        63,
        112,
        125,
        65,
        54,
        46,
        48,
        52,
        47,
        117,
        45,
        111,
        110,
        93,
        44,
        102,
        43,
        53,
        56,
        120,
        55,
        123,
        51,
        100,
        4,
        49,
        114,
        12,
        119,
        6,
        127
      ],
      "score": 1179.0,
      "length": 29438.93245946008
    }
  ],
  "dataset": "vansteenwegen",
  "instance_name": "bier127_gen3_m2.txt",
  "run_seed": 5007,
  "run_index": 0
}