{
  "instance": {
    "num_nodes": 128,
    "team_size": 3,
    "max_route_distance": 19713.7,
    "start_depot": 0,
    "end_depot": 127
  },
  "objective": {
    "total_score": 2304.0
  },
  "performance": {
    "cpu_time_seconds": 0.7388969999992696,
    "iterations": 20,
    "iterations_to_convergence": 8,
    "last_improvement_iteration": 8,
    "stagnation_iterations": 12,
    "accepted_worse_moves": 10,
    "restarts_performed": 1,
    "num_lp_solves": null,
    "num_labels_generated": null
  },
  "routes": [
    {
      "route_index": 1,
      "nodes": [
        0,
        15,
        13,
        40,
        42,
        33,
        41,
        38,
        37,
        25,
        24,
        32,
        121,
        27,
        28,
        31,
        79,
        78,
        82,
        77,
        116,
        74,
        75,
        81,
        80,
        83,
        76,
        17,
        16,
        20,
        18,
        21,
        3,
        22,
        23,
        107,
        19,
        105,
        113,
        104,
        127
      ],
      "score": 906.0,
      "length": 19707.415673133397
    },
    {
      "route_index": 2,
      "nodes": [
        0,
        6,
        119,
        9,
        114,
        12,
        49,
        100,
        4,
        120,
        55,
        51,
        123,
        54,
        65,
        125,
        112,
        63,
        57,
        99,
        90,
        60,
        89,
        115,
        59,
        61,
        58,
        66,
        72,
        73,
        71,
        7,
        8,
        10,
        5,
        14,
        127
      ],
      "score": 761.0,
      "length": 19419.147729779637
    },
    {
      "route_index": 3,
      "nodes": [
        0,
        1,
        50,
        56,
        53,
        46,
        52,
        48,
        117,
        47,
        45,
        111,
        110,
        93,
        44,
        102,
        43,
        39,
        34,
        36,
        35,
        29,
        26,
        30,
        11,
        127
      ],
      "score": 637.0,
      "length": 19687.06677658348
    }
  ],
  "dataset": "vansteenwegen",
  "instance_name": "bier127_gen3_m3.txt",
  "run_seed": 6008,
  "run_index": 1
}