{
  "instance": {
    "num_nodes": 128,
    "team_size": 3,
    "max_route_distance": 19713.7,
    "start_depot": 0,
    "end_depot": 127
  },
  "objective": {
    "total_score": 5000.0
  },
  "performance": {
    "cpu_time_seconds": 0.7677841999993689,
    "iterations": 20,
    "iterations_to_convergence": 11,
    "last_improvement_iteration": 11,
    "stagnation_iterations": 9,
    "accepted_worse_moves": 9,
    "restarts_performed": 1,
    "num_lp_solves": null,
    "num_labels_generated": null
  },
  "routes": [
    {
      "route_index": 1,
      "nodes": [
        0,
        104,
        105,
        5,
        19,
        16,
        20,
        21,
        22,
        23,
        8,
        10,
        113,
        12,
        114,
        49,
        120,
        55,
        4,
        100,
        51,
        123,
        65,
        54,
        46,
        52,
        48,
        45,
        117,
        47,
        44,
        102,
        43,
        53,
        56,
        50,
        1,
        127
      ],
      "score": 1737.0,
      "length": 18901.612330980275
    },
    {
      "route_index": 2,
      "nodes": [
        0,
        11,
        30,
        26,
        79,
        78,
        82,
        83,
        80,
        81,
        75,
        77,
        116,
        74,
        68,
        69,
        67,
        70,
        58,
        59,
        61,
        60,
        90,
        57,
        63,
        99,
        101,
        9,
        119,
        127
      ],
      "score": 1642.0,
      "length": 19365.047576630124
    },
    {
      "route_index": 3,
      "nodes": [
        0,
        15,
        36,
        35,
        34,
        39,
        42,
        33,
        41,
        38,
        37,
        27,
        121,
        31,
        28,
        32,
        24,
        25,
        29,
        40,
        13,
        14,
        107,
        3,
        18,
        7,
        71,
        17,
        76,
        73,
        72,
        66,
        115,
        89,
        2,
        6,
        127
      ],
      "score": 1621.0,
      "length": 19474.023990955862
    }
  ],
  "dataset": "vansteenwegen",
  "instance_name": "bier127_gen2_m3.txt",
  "run_seed": 3007,
  "run_index": 0
}