{
  "instance": {
    "num_nodes": 128,
    "team_size": 4,
    "max_route_distance": 14785.2,
    "start_depot": 0,
    "end_depot": 127
  },
  "objective": {
    "total_score": 2165.0
  },
  "performance": {
    "cpu_time_seconds": 0.8083560999984911,
    "iterations": 20,
    "iterations_to_convergence": 20,
    "last_improvement_iteration": 20,
    "stagnation_iterations": 0,
    "accepted_worse_moves": 9,
    "restarts_performed": 1,
    "num_lp_solves": null,
    "num_labels_generated": null
  },
  "routes": [
    {
      "route_index": 1,
      "nodes": [
        0,
        12,
        114,
        4,
        55,
        120,
        34,
        39,
        42,
        33,
        38,
        37,
        121,
        32,
        28,
        24,
        25,
        29,
        26,
        30,
        11,
        13,
        40,
        35,
        36,
        15,
        127
      ],
      "score": 461.0,
      "length": 14572.014954857763
    },
    {
      "route_index": 2,
      "nodes": [
        0,
        104,
        113,
        10,
        8,
        66,
        72,
        73,
        67,
        70,
        69,
        68,
        74,
        75,
        80,
        83,
        81,
        76,
        20,
        16,
        19,
        3,
        21,
        18,
        22,
        23,
        107,
        5,
        105,
        14,
        127
      ],
      "score": 657.0,
      "length": 14557.273627263667
    },
    {
      "route_index": 3,
      "nodes": [
        0,
        6,
        119,
        9,
        101,
        99,
        63,
        57,
        90,
        60,
        61,
        58,
        59,
        115,
        7,
        71,
        17,
        82,
        77,
        116,
        79,
        78,
        127
      ],
      "score": 508.0,
      "length": 14741.56209987657
    },
    {
      "route_index": 4,
      "nodes": [
        0,
        1,
        50,
        56,
        53,
        43,
        102,
        44,
        93,
        45,
        117,
        47,
        52,
        48,
        46,
        54,
        65,
        123,
        51,
        100,
        49,
        127
      ],
      "score": 539.0,
      "length": 14732.84564552368
    }
  ],
  "dataset": "vansteenwegen",
  "instance_name": "bier127_gen3_m4.txt",
  "run_seed": 7008,
  "run_index": 1
}