{
  "instance": {
    "num_nodes": 128,
    "team_size": 3,
    "max_route_distance": 19713.7,
    "start_depot": 0,
    "end_depot": 127
  },
  "objective": {
    "total_score": 5120.0
  },
  "performance": {
    "cpu_time_seconds": 0.7202972000013688,
    "iterations": 20,
    "iterations_to_convergence": 18,
    "last_improvement_iteration": 18,
    "stagnation_iterations": 2,
    "accepted_worse_moves": 8,
    "restarts_performed": 1,
    "num_lp_solves": null,
    "num_labels_generated": null
  },
  "routes": [
    {
      "route_index": 1,
      "nodes": [
        0,
        6,
        119,
        9,
        114,
        12,
        49,
        55,
        52,
        48,
        45,
        117,
        47,
        53,
        44,
        102,
        43,
        34,
        35,
        40,
        29,
        13,
        11,
        30,
        26,
        79,
        78,
        82,
        81,
        83,
        80,
        76,
        17,
        20,
        16,
        19,
        14,
        127
      ],
      "score": 1938.0,
      "length": 19574.095045148275
    },
    {
      "route_index": 2,
      "nodes": [
        0,
        1,
        50,
        56,
        120,
        4,
        100,
        51,
        123,
        54,
        65,
        125,
        112,
        124,
        63,
        57,
        101,
        99,
        90,
        60,
        61,
        58,
        59,
        115,
        89,
        2,
        10,
        8,
        3,
        21,
        107,
        105,
        104,
        127
      ],
      "score": 1557.0,
      "length": 19385.254714637824
    },
    {
      "route_index": 3,
      "nodes": [
        0,
        15,
        36,
        42,
        33,
        41,
        38,
        37,
        25,
        24,
        32,
        121,
        27,
        28,
        31,
        116,
        77,
        75,
        74,
        69,
        70,
        67,
        72,
        66,
        7,
        71,
        18,
        22,
        23,
        5,
        113,
        127
      ],
      "score": 1625.0,
      "length": 19658.25364951161
    }
  ],
  "dataset": "vansteenwegen",
  "instance_name": "bier127_gen2_m3.txt",
  "run_seed": 3008,
  "run_index": 1
}