{
  "instance": {
    "num_nodes": 152,
    "team_size": 2,
    "max_route_distance": 262.5,
    "start_depot": 0,
    "end_depot": 151
  },
  "objective": {
    "total_score": 1797.0
  },
  "performance": {
    "cpu_time_seconds": 1.0558172000000923,
    "iterations": 20,
    "iterations_to_convergence": 17,
    "last_improvement_iteration": 17,
    "stagnation_iterations": 3,
    "accepted_worse_moves": 8,
    "restarts_performed": 1,
    "num_lp_solves": null,
    "num_labels_generated": null
  },
  "routes": [
    {
      "route_index": 1,
      "nodes": [
        0,
        89,
        18,
        60,
        118,
        96,
        99,
        104,
        59,
        97,
        87,
        137,
        13,
        58,
        53,
        105,
        26,
        54,
        130,
        134,
        80,
        150,
        68,
        116,
        76,
        77,
        3,
        129,
        79,
        50,
        102,
        33,
        81,
        120,
        9,
        135,
        35,
        71,
        103,
        66,
        20,
        128,
        131,
        32,
        90,
        108,
        10,
        62,
        148,
        88,
        31,
        127,
        69,
        132,
        27,
        146,
        151
      ],
      "score": 897.0,
      "length": 261.2582556392618
    },
    {
      "route_index": 2,
      "nodes": [
        0,
        112,
        147,
        6,
        94,
        95,
        92,
        37,
        100,
        98,
        93,
        85,
        61,
        5,
        84,
        83,
        114,
        8,
        125,
        45,
        17,
        113,
        86,
        16,
        141,
        44,
        119,
        14,
        142,
        42,
        144,
        57,
        2,
        115,
        145,
        41,
        22,
        133,
        74,
        75,
        56,
        23,
        67,
        39,
        139,
        4,
        110,
        72,
        73,
        21,
        149,
        109,
        12,
        138,
        111,
        28,
        151
      ],
      "score": 900.0,
      "length": 262.27938125040095
    }
  ],
  "dataset": "vansteenwegen",
  "instance_name": "cmt151c_m2.txt",
  "run_seed": 10007,
  "run_index": 0
}