{
  "instance": {
    "num_nodes": 152,
    "team_size": 4,
    "max_route_distance": 131.25,
    "start_depot": 0,
    "end_depot": 151
  },
  "objective": {
    "total_score": 1699.0
  },
  "performance": {
    "cpu_time_seconds": 0.9223038000000088,
    "iterations": 20,
    "iterations_to_convergence": 16,
    "last_improvement_iteration": 16,
    "stagnation_iterations": 4,
    "accepted_worse_moves": 12,
    "restarts_performed": 1,
    "num_lp_solves": null,
    "num_labels_generated": null
  },
  "routes": [
    {
      "route_index": 1,
      "nodes": [
        0,
        89,
        147,
        6,
        96,
        104,
        99,
        93,
        85,
        91,
        100,
        98,
        37,
        92,
        97,
        117,
        13,
        137,
        87,
        144,
        57,
        2,
        115,
        145,
        41,
        22,
        133,
        74,
        72,
        110,
        149,
        138,
        28,
        151
      ],
      "score": 429.0,
      "length": 128.12936852678888
    },
    {
      "route_index": 2,
      "nodes": [
        0,
        146,
        127,
        31,
        10,
        108,
        32,
        131,
        128,
        20,
        30,
        122,
        51,
        9,
        120,
        81,
        33,
        79,
        129,
        3,
        116,
        76,
        12,
        109,
        26,
        105,
        151
      ],
      "score": 401.0,
      "length": 130.70555687723515
    },
    {
      "route_index": 3,
      "nodes": [
        0,
        27,
        132,
        69,
        88,
        148,
        62,
        11,
        107,
        19,
        123,
        48,
        47,
        124,
        8,
        114,
        45,
        125,
        83,
        60,
        118,
        5,
        59,
        95,
        94,
        112,
        151
      ],
      "score": 475.0,
      "length": 129.50433448691868
    },
    {
      "route_index": 4,
      "nodes": [
        0,
        111,
        50,
        102,
        77,
        68,
        80,
        150,
        134,
        54,
        130,
        4,
        139,
        39,
        67,
        23,
        56,
        75,
        73,
        21,
        40,
        58,
        53,
        151
      ],
      "score": 394.0,
      "length": 130.58711197042425
    }
  ],
  "dataset": "vansteenwegen",
  "instance_name": "cmt151c_m4.txt",
  "run_seed": 12007,
  "run_index": 0
}