{
  "instance": {
    "num_nodes": 102,
    "team_size": 3,
    "max_route_distance": 126.33,
    "start_depot": 0,
    "end_depot": 101
  },
  "objective": {
    "total_score": 1240.0
  },
  "performance": {
    "cpu_time_seconds": 0.3323008999996091,
    "iterations": 20,
    "iterations_to_convergence": 7,
    "last_improvement_iteration": 7,
    "stagnation_iterations": 13,
    "accepted_worse_moves": 8,
    "restarts_performed": 1,
    "num_lp_solves": null,
    "num_labels_generated": null
  },
  "routes": [
    {
      "route_index": 1,
      "nodes": [
        0,
        67,
        65,
        63,
        74,
        62,
        66,
        69,
        41,
        42,
        43,
        47,
        49,
        46,
        45,
        48,
        50,
        51,
        31,
        32,
        33,
        34,
        29,
        27,
        25,
        24,
        20,
        101
      ],
      "score": 480.0,
      "length": 125.5647999735054
    },
    {
      "route_index": 2,
      "nodes": [
        0,
        5,
        3,
        7,
        4,
        6,
        9,
        8,
        10,
        11,
        12,
        14,
        16,
        19,
        15,
        13,
        17,
        18,
        30,
        28,
        26,
        23,
        22,
        21,
        101
      ],
      "score": 400.0,
      "length": 126.17662234401837
    },
    {
      "route_index": 3,
      "nodes": [
        0,
        75,
        1,
        2,
        98,
        96,
        97,
        93,
        92,
        94,
        95,
        88,
        85,
        84,
        86,
        87,
        89,
        91,
        90,
        101
      ],
      "score": 360.0,
      "length": 124.21485015600766
    }
  ],
  "dataset": "vansteenwegen",
  "instance_name": "cmt101c_m3.txt",
  "run_seed": 8007,
  "run_index": 0
}