{
  "instance": {
    "num_nodes": 152,
    "team_size": 3,
    "max_route_distance": 175.0,
    "start_depot": 0,
    "end_depot": 151
  },
  "objective": {
    "total_score": 1847.0
  },
  "performance": {
    "cpu_time_seconds": 0.9064459000001079,
    "iterations": 20,
    "iterations_to_convergence": 19,
    "last_improvement_iteration": 19,
    "stagnation_iterations": 1,
    "accepted_worse_moves": 7,
    "restarts_performed": 1,
    "num_lp_solves": null,
    "num_labels_generated": null
  },
  "routes": [
    {
      "route_index": 1,
      "nodes": [
        0,
        53,
        105,
        58,
        13,
        137,
        2,
        115,
        57,
        144,
        87,
        97,
        117,
        95,
        94,
        96,
        104,
        99,
        59,
        98,
        37,
        100,
        14,
        119,
        44,
        141,
        86,
        16,
        61,
        85,
        93,
        5,
        84,
        45,
        125,
        8,
        114,
        83,
        60,
        118,
        147,
        89,
        112,
        151
      ],
      "score": 740.0,
      "length": 174.79431033407857
    },
    {
      "route_index": 2,
      "nodes": [
        0,
        111,
        76,
        77,
        3,
        129,
        79,
        33,
        81,
        120,
        9,
        135,
        35,
        136,
        71,
        103,
        20,
        128,
        131,
        32,
        90,
        108,
        10,
        31,
        88,
        148,
        62,
        11,
        107,
        19,
        123,
        48,
        82,
        106,
        52,
        146,
        151
      ],
      "score": 547.0,
      "length": 174.19340671953924
    },
    {
      "route_index": 3,
      "nodes": [
        0,
        27,
        132,
        69,
        101,
        1,
        50,
        102,
        116,
        12,
        109,
        150,
        80,
        68,
        121,
        29,
        24,
        134,
        54,
        130,
        4,
        139,
        39,
        23,
        56,
        75,
        133,
        22,
        74,
        72,
        73,
        21,
        40,
        149,
        26,
        138,
        28,
        151
      ],
      "score": 560.0,
      "length": 174.78898850043603
    }
  ],
  "dataset": "vansteenwegen",
  "instance_name": "cmt151c_m3.txt",
  "run_seed": 11007,
  "run_index": 0
}