{
  "instance": {
    "num_nodes": 152,
    "team_size": 3,
    "max_route_distance": 175.0,
    "start_depot": 0,
    "end_depot": 151
  },
  "objective": {
    "total_score": 1740.0
  },
  "performance": {
    "cpu_time_seconds": 0.9729663999987679,
    "iterations": 20,
    "iterations_to_convergence": 19,
    "last_improvement_iteration": 19,
    "stagnation_iterations": 1,
    "accepted_worse_moves": 7,
    "restarts_performed": 1,
    "num_lp_solves": null,
    "num_labels_generated": null
  },
  "routes": [
    {
      "route_index": 1,
      "nodes": [
        0,
        27,
        28,
        111,
        76,
        77,
        3,
        129,
        79,
        33,
        81,
        120,
        9,
        135,
        35,
        136,
        71,
        103,
        20,
        128,
        131,
        32,
        90,
        108,
        10,
        88,
        106,
        52,
        89,
        147,
        6,
        95,
        117,
        13,
        137,
        58,
        53,
        151
      ],
      "score": 525.0,
      "length": 174.2785352297646
    },
    {
      "route_index": 2,
      "nodes": [
        0,
        105,
        26,
        149,
        12,
        109,
        54,
        130,
        134,
        80,
        150,
        68,
        116,
        102,
        50,
        1,
        132,
        69,
        127,
        31,
        148,
        62,
        123,
        19,
        47,
        124,
        48,
        82,
        83,
        60,
        118,
        5,
        104,
        99,
        96,
        151
      ],
      "score": 597.0,
      "length": 174.89986319627488
    },
    {
      "route_index": 3,
      "nodes": [
        0,
        112,
        94,
        59,
        93,
        85,
        98,
        37,
        92,
        97,
        87,
        144,
        2,
        115,
        73,
        72,
        74,
        75,
        133,
        22,
        145,
        57,
        42,
        142,
        14,
        119,
        44,
        141,
        16,
        86,
        113,
        17,
        45,
        125,
        8,
        114,
        18,
        146,
        151
      ],
      "score": 618.0,
      "length": 174.80211983602172
    }
  ],
  "dataset": "vansteenwegen",
  "instance_name": "cmt151c_m3.txt",
  "run_seed": 11008,
  "run_index": 1
}