{
  "instance": {
    "num_nodes": 201,
    "team_size": 2,
    "max_route_distance": 286.5,
    "start_depot": 0,
    "end_depot": 200
  },
  "objective": {
    "total_score": 2713.0
  },
  "performance": {
    "cpu_time_seconds": 1.7020923000000039,
    "iterations": 20,
    "iterations_to_convergence": 19,
    "last_improvement_iteration": 19,
    "stagnation_iterations": 1,
    "accepted_worse_moves": 6,
    "restarts_performed": 1,
    "num_lp_solves": null,
    "num_labels_generated": null
  },
  "routes": [
    {
      "route_index": 1,
      "nodes": [
        0,
        156,
        112,
        89,
        147,
        6,
        183,
        94,
        13,
        117,
        95,
        59,
        99,
        104,
        93,
        85,
        61,
        16,
        141,
        191,
        44,
        119,
        192,
        91,
        193,
        100,
        98,
        37,
        92,
        151,
        97,
        87,
        144,
        2,
        178,
        115,
        73,
        21,
        198,
        72,
        74,
        171,
        22,
        133,
        75,
        197,
        56,
        186,
        23,
        39,
        187,
        139,
        4,
        155,
        110,
        179,
        149,
        195,
        109,
        177,
        54,
        130,
        134,
        163,
        150,
        80,
        68,
        121,
        29,
        169,
        129,
        79,
        158,
        3,
        77,
        116,
        196,
        76,
        184,
        12,
        138,
        154,
        26,
        180,
        105,
        152,
        58,
        53,
        200
      ],
      "score": 1483.0,
      "length": 286.2066808185293
    },
    {
      "route_index": 2,
      "nodes": [
        0,
        146,
        52,
        194,
        106,
        153,
        18,
        166,
        60,
        118,
        5,
        83,
        199,
        125,
        45,
        174,
        8,
        114,
        82,
        48,
        124,
        47,
        168,
        123,
        19,
        107,
        175,
        11,
        182,
        148,
        62,
        159,
        10,
        189,
        108,
        90,
        32,
        131,
        160,
        128,
        20,
        188,
        66,
        103,
        161,
        71,
        136,
        35,
        135,
        34,
        164,
        120,
        9,
        81,
        185,
        33,
        157,
        102,
        50,
        111,
        176,
        1,
        132,
        69,
        101,
        162,
        31,
        190,
        127,
        167,
        27,
        200
      ],
      "score": 1230.0,
      "length": 285.08356968877126
    }
  ],
  "dataset": "vansteenwegen",
  "instance_name": "cmt200c_m2.txt",
  "run_seed": 16007,
  "run_index": 0
}