{
  "instance": {
    "num_nodes": 201,
    "team_size": 4,
    "max_route_distance": 143.25,
    "start_depot": 0,
    "end_depot": 200
  },
  "objective": {
    "total_score": 2318.0
  },
  "performance": {
    "cpu_time_seconds": 1.6162838000000193,
    "iterations": 20,
    "iterations_to_convergence": 20,
    "last_improvement_iteration": 20,
    "stagnation_iterations": 0,
    "accepted_worse_moves": 2,
    "restarts_performed": 1,
    "num_lp_solves": null,
    "num_labels_generated": null
  },
  "routes": [
    {
      "route_index": 1,
      "nodes": [
        0,
        28,
        184,
        76,
        196,
        116,
        77,
        158,
        3,
        79,
        129,
        68,
        150,
        80,
        177,
        109,
        12,
        195,
        149,
        198,
        21,
        73,
        72,
        197,
        75,
        133,
        22,
        74,
        171,
        115,
        178,
        2,
        144,
        87,
        97,
        151,
        92,
        59,
        104,
        99,
        96,
        6,
        147,
        156,
        200
      ],
      "score": 703.0,
      "length": 142.80220385573216
    },
    {
      "route_index": 2,
      "nodes": [
        0,
        53,
        152,
        58,
        40,
        180,
        26,
        138,
        154,
        111,
        132,
        69,
        101,
        122,
        30,
        20,
        188,
        128,
        160,
        131,
        32,
        90,
        63,
        126,
        108,
        10,
        189,
        159,
        62,
        182,
        7,
        194,
        106,
        153,
        18,
        166,
        89,
        200
      ],
      "score": 576.0,
      "length": 142.66454004572924
    },
    {
      "route_index": 3,
      "nodes": [
        0,
        176,
        50,
        102,
        157,
        1,
        162,
        31,
        190,
        88,
        148,
        11,
        175,
        107,
        19,
        123,
        48,
        82,
        83,
        60,
        118,
        5,
        173,
        61,
        85,
        93,
        94,
        183,
        112,
        200
      ],
      "score": 564.0,
      "length": 141.72428604982827
    },
    {
      "route_index": 4,
      "nodes": [
        0,
        105,
        137,
        13,
        117,
        95,
        98,
        37,
        100,
        193,
        91,
        192,
        14,
        119,
        44,
        191,
        141,
        16,
        86,
        113,
        17,
        45,
        125,
        174,
        8,
        114,
        52,
        127,
        167,
        27,
        146,
        200
      ],
      "score": 475.0,
      "length": 141.21536709591535
    }
  ],
  "dataset": "vansteenwegen",
  "instance_name": "cmt200c_m4.txt",
  "run_seed": 18007,
  "run_index": 0
}