{
  "instance": {
    "num_nodes": 201,
    "team_size": 3,
    "max_route_distance": 191.0,
    "start_depot": 0,
    "end_depot": 200
  },
  "objective": {
    "total_score": 2472.0
  },
  "performance": {
    "cpu_time_seconds": 1.6738795999990543,
    "iterations": 20,
    "iterations_to_convergence": 17,
    "last_improvement_iteration": 17,
    "stagnation_iterations": 3,
    "accepted_worse_moves": 8,
    "restarts_performed": 1,
    "num_lp_solves": null,
    "num_labels_generated": null
  },
  "routes": [
    {
      "route_index": 1,
      "nodes": [
        0,
        156,
        112,
        147,
        6,
        183,
        94,
        95,
        117,
        13,
        137,
        87,
        97,
        92,
        151,
        37,
        98,
        59,
        99,
        104,
        96,
        118,
        60,
        166,
        52,
        190,
        31,
        162,
        101,
        69,
        132,
        176,
        111,
        76,
        196,
        68,
        80,
        150,
        177,
        163,
        134,
        54,
        130,
        155,
        4,
        110,
        198,
        179,
        195,
        149,
        26,
        105,
        200
      ],
      "score": 867.0,
      "length": 189.07997573745052
    },
    {
      "route_index": 2,
      "nodes": [
        0,
        27,
        167,
        127,
        88,
        148,
        62,
        11,
        175,
        107,
        19,
        123,
        168,
        47,
        48,
        82,
        114,
        199,
        83,
        5,
        93,
        85,
        91,
        193,
        100,
        192,
        119,
        14,
        142,
        42,
        172,
        144,
        2,
        178,
        115,
        171,
        74,
        22,
        133,
        75,
        197,
        72,
        73,
        21,
        180,
        40,
        58,
        152,
        53,
        200
      ],
      "score": 808.0,
      "length": 189.57846211903905
    },
    {
      "route_index": 3,
      "nodes": [
        0,
        28,
        138,
        154,
        12,
        184,
        116,
        77,
        3,
        158,
        79,
        129,
        169,
        78,
        34,
        164,
        120,
        9,
        161,
        103,
        51,
        81,
        185,
        33,
        157,
        102,
        50,
        1,
        122,
        30,
        20,
        188,
        128,
        160,
        131,
        32,
        90,
        108,
        10,
        189,
        159,
        182,
        7,
        194,
        106,
        153,
        18,
        89,
        200
      ],
      "score": 797.0,
      "length": 188.73793705877003
    }
  ],
  "dataset": "vansteenwegen",
  "instance_name": "cmt200c_m3.txt",
  "run_seed": 17007,
  "run_index": 0
}