{
  "instance": {
    "num_nodes": 201,
    "team_size": 4,
    "max_route_distance": 95.5,
    "start_depot": 0,
    "end_depot": 200
  },
  "objective": {
    "total_score": 1480.0
  },
  "performance": {
    "cpu_time_seconds": 1.0386985000004643,
    "iterations": 20,
    "iterations_to_convergence": 18,
    "last_improvement_iteration": 18,
    "stagnation_iterations": 2,
    "accepted_worse_moves": 8,
    "restarts_performed": 1,
    "num_lp_solves": null,
    "num_labels_generated": null
  },
  "routes": [
    {
      "route_index": 1,
      "nodes": [
        0,
        111,
        50,
        102,
        157,
        1,
        132,
        69,
        146,
        89,
        147,
        6,
        59,
        97,
        137,
        58,
        152,
        53,
        200
      ],
      "score": 260.0,
      "length": 92.30221563197978
    },
    {
      "route_index": 2,
      "nodes": [
        0,
        13,
        117,
        95,
        151,
        92,
        93,
        85,
        193,
        100,
        98,
        37,
        87,
        144,
        2,
        178,
        115,
        171,
        74,
        72,
        198,
        180,
        105,
        200
      ],
      "score": 394.0,
      "length": 94.92499657235722
    },
    {
      "route_index": 3,
      "nodes": [
        0,
        27,
        167,
        127,
        190,
        88,
        194,
        106,
        153,
        82,
        114,
        8,
        174,
        45,
        125,
        199,
        83,
        60,
        118,
        5,
        104,
        99,
        96,
        94,
        183,
        112,
        200
      ],
      "score": 451.0,
      "length": 95.39239490356765
    },
    {
      "route_index": 4,
      "nodes": [
        0,
        28,
        154,
        138,
        12,
        184,
        116,
        196,
        76,
        176,
        101,
        162,
        31,
        189,
        10,
        159,
        62,
        148,
        182,
        52,
        156,
        200
      ],
      "score": 375.0,
      "length": 94.38384285769288
    }
  ],
  "dataset": "vansteenwegen",
  "instance_name": "cmt200b_m4.txt",
  "run_seed": 15007,
  "run_index": 0
}