{
  "instance": {
    "num_nodes": 201,
    "team_size": 3,
    "max_route_distance": 191.0,
    "start_depot": 0,
    "end_depot": 200
  },
  "objective": {
    "total_score": 2502.0
  },
  "performance": {
    "cpu_time_seconds": 1.6240573000013683,
    "iterations": 20,
    "iterations_to_convergence": 20,
    "last_improvement_iteration": 20,
    "stagnation_iterations": 0,
    "accepted_worse_moves": 4,
    "restarts_performed": 1,
    "num_lp_solves": null,
    "num_labels_generated": null
  },
  "routes": [
    {
      "route_index": 1,
      "nodes": [
        0,
        27,
        167,
        52,
        153,
        106,
        194,
        82,
        48,
        123,
        19,
        107,
        175,
        11,
        159,
        62,
        148,
        182,
        88,
        127,
        190,
        31,
        162,
        69,
        132,
        176,
        50,
        102,
        157,
        76,
        196,
        116,
        184,
        12,
        195,
        149,
        180,
        40,
        58,
        152,
        137,
        87,
        97,
        92,
        151,
        59,
        99,
        104,
        96,
        94,
        183,
        112,
        156,
        200
      ],
      "score": 938.0,
      "length": 189.48229641580298
    },
    {
      "route_index": 2,
      "nodes": [
        0,
        13,
        117,
        95,
        37,
        98,
        93,
        85,
        91,
        193,
        100,
        144,
        2,
        115,
        178,
        57,
        172,
        42,
        142,
        14,
        192,
        119,
        44,
        191,
        141,
        86,
        113,
        16,
        61,
        173,
        84,
        5,
        118,
        60,
        83,
        199,
        125,
        45,
        174,
        8,
        114,
        18,
        166,
        147,
        89,
        146,
        200
      ],
      "score": 728.0,
      "length": 190.71798213652337
    },
    {
      "route_index": 3,
      "nodes": [
        0,
        28,
        154,
        138,
        109,
        177,
        80,
        150,
        68,
        77,
        3,
        158,
        129,
        79,
        185,
        33,
        81,
        120,
        164,
        34,
        78,
        169,
        121,
        29,
        24,
        163,
        134,
        54,
        130,
        155,
        4,
        139,
        187,
        39,
        23,
        186,
        56,
        197,
        75,
        133,
        22,
        171,
        74,
        72,
        73,
        21,
        198,
        179,
        26,
        105,
        53,
        200
      ],
      "score": 836.0,
      "length": 189.85309403316765
    }
  ],
  "dataset": "vansteenwegen",
  "instance_name": "cmt200c_m3.txt",
  "run_seed": 17008,
  "run_index": 1
}