{
  "instance": {
    "num_nodes": 201,
    "team_size": 3,
    "max_route_distance": 127.33,
    "start_depot": 0,
    "end_depot": 200
  },
  "objective": {
    "total_score": 1821.0
  },
  "performance": {
    "cpu_time_seconds": 1.2775111999999353,
    "iterations": 20,
    "iterations_to_convergence": 18,
    "last_improvement_iteration": 18,
    "stagnation_iterations": 2,
    "accepted_worse_moves": 10,
    "restarts_performed": 1,
    "num_lp_solves": null,
    "num_labels_generated": null
  },
  "routes": [
    {
      "route_index": 1,
      "nodes": [
        0,
        156,
        112,
        147,
        6,
        183,
        94,
        95,
        97,
        92,
        151,
        59,
        93,
        85,
        98,
        37,
        100,
        193,
        91,
        191,
        44,
        141,
        16,
        61,
        5,
        118,
        18,
        153,
        106,
        194,
        88,
        190,
        162,
        69,
        132,
        176,
        111,
        200
      ],
      "score": 654.0,
      "length": 127.1187289844932
    },
    {
      "route_index": 2,
      "nodes": [
        0,
        53,
        58,
        152,
        40,
        180,
        21,
        73,
        171,
        74,
        72,
        198,
        179,
        149,
        195,
        109,
        177,
        80,
        150,
        68,
        77,
        158,
        3,
        79,
        185,
        81,
        33,
        157,
        102,
        50,
        76,
        196,
        116,
        184,
        12,
        154,
        138,
        28,
        200
      ],
      "score": 647.0,
      "length": 127.00962505625364
    },
    {
      "route_index": 3,
      "nodes": [
        0,
        89,
        166,
        60,
        83,
        199,
        125,
        45,
        174,
        8,
        114,
        82,
        48,
        124,
        47,
        168,
        19,
        123,
        182,
        148,
        62,
        159,
        108,
        189,
        10,
        31,
        127,
        167,
        27,
        146,
        200
      ],
      "score": 520.0,
      "length": 127.07624486286957
    }
  ],
  "dataset": "vansteenwegen",
  "instance_name": "cmt200b_m3.txt",
  "run_seed": 14007,
  "run_index": 0
}