{
  "instance": {
    "num_nodes": 201,
    "team_size": 4,
    "max_route_distance": 95.5,
    "start_depot": 0,
    "end_depot": 200
  },
  "objective": {
    "total_score": 1542.0
  },
  "performance": {
    "cpu_time_seconds": 1.2955765999995492,
    "iterations": 20,
    "iterations_to_convergence": 20,
    "last_improvement_iteration": 20,
    "stagnation_iterations": 0,
    "accepted_worse_moves": 6,
    "restarts_performed": 1,
    "num_lp_solves": null,
    "num_labels_generated": null
  },
  "routes": [
    {
      "route_index": 1,
      "nodes": [
        0,
        146,
        69,
        132,
        176,
        50,
        102,
        157,
        33,
        81,
        120,
        185,
        79,
        129,
        158,
        3,
        116,
        184,
        138,
        152,
        58,
        53,
        200
      ],
      "score": 339.0,
      "length": 93.00320464947325
    },
    {
      "route_index": 2,
      "nodes": [
        0,
        156,
        112,
        183,
        94,
        96,
        104,
        99,
        93,
        85,
        59,
        92,
        151,
        97,
        2,
        178,
        115,
        171,
        74,
        72,
        73,
        21,
        180,
        26,
        154,
        28,
        200
      ],
      "score": 466.0,
      "length": 94.96642855965048
    },
    {
      "route_index": 3,
      "nodes": [
        0,
        27,
        167,
        127,
        190,
        31,
        162,
        1,
        76,
        196,
        77,
        68,
        150,
        80,
        163,
        134,
        177,
        109,
        12,
        195,
        149,
        105,
        200
      ],
      "score": 388.0,
      "length": 94.80187546958456
    },
    {
      "route_index": 4,
      "nodes": [
        0,
        89,
        147,
        166,
        60,
        118,
        5,
        173,
        61,
        16,
        141,
        191,
        91,
        193,
        100,
        98,
        37,
        172,
        144,
        87,
        137,
        13,
        200
      ],
      "score": 349.0,
      "length": 94.12228425145818
    }
  ],
  "dataset": "vansteenwegen",
  "instance_name": "cmt200b_m4.txt",
  "run_seed": 15008,
  "run_index": 1
}