{
  "instance": {
    "num_nodes": 102,
    "team_size": 3,
    "max_route_distance": 157.33,
    "start_depot": 0,
    "end_depot": 101
  },
  "objective": {
    "total_score": 1224.0
  },
  "performance": {
    "cpu_time_seconds": 0.3393426999991789,
    "iterations": 20,
    "iterations_to_convergence": 10,
    "last_improvement_iteration": 10,
    "stagnation_iterations": 10,
    "accepted_worse_moves": 12,
    "restarts_performed": 1,
    "num_lp_solves": null,
    "num_labels_generated": null
  },
  "routes": [
    {
      "route_index": 1,
      "nodes": [
        0,
        28,
        26,
        12,
        68,
        80,
        54,
        4,
        39,
        23,
        56,
        75,
        22,
        74,
        72,
        21,
        73,
        2,
        57,
        87,
        97,
        92,
        37,
        98,
        99,
        96,
        94,
        6,
        101
      ],
      "score": 408.0,
      "length": 154.83970063108012
    },
    {
      "route_index": 2,
      "nodes": [
        0,
        89,
        18,
        82,
        48,
        47,
        8,
        45,
        83,
        60,
        5,
        61,
        16,
        86,
        44,
        14,
        100,
        91,
        85,
        93,
        59,
        95,
        13,
        58,
        40,
        53,
        101
      ],
      "score": 469.0,
      "length": 155.94019000636754
    },
    {
      "route_index": 3,
      "nodes": [
        0,
        27,
        69,
        1,
        50,
        76,
        77,
        3,
        79,
        33,
        81,
        9,
        71,
        66,
        20,
        30,
        32,
        90,
        63,
        10,
        62,
        88,
        31,
        52,
        101
      ],
      "score": 347.0,
      "length": 154.73827544992002
    }
  ],
  "dataset": "vansteenwegen",
  "instance_name": "eil101c_m3.txt",
  "run_seed": 21007,
  "run_index": 0
}