{
  "instance": {
    "num_nodes": 102,
    "team_size": 3,
    "max_route_distance": 105.0,
    "start_depot": 0,
    "end_depot": 101
  },
  "objective": {
    "total_score": 898.0
  },
  "performance": {
    "cpu_time_seconds": 0.2892251999983273,
    "iterations": 20,
    "iterations_to_convergence": 20,
    "last_improvement_iteration": 20,
    "stagnation_iterations": 0,
    "accepted_worse_moves": 9,
    "restarts_performed": 1,
    "num_lp_solves": null,
    "num_labels_generated": null
  },
  "routes": [
    {
      "route_index": 1,
      "nodes": [
        0,
        13,
        94,
        95,
        87,
        97,
        92,
        98,
        37,
        100,
        91,
        44,
        86,
        16,
        61,
        85,
        93,
        59,
        99,
        96,
        6,
        89,
        101
      ],
      "score": 360.0,
      "length": 101.87150428643514
    },
    {
      "route_index": 2,
      "nodes": [
        0,
        27,
        69,
        31,
        88,
        62,
        10,
        30,
        51,
        9,
        81,
        33,
        79,
        3,
        77,
        76,
        28,
        101
      ],
      "score": 256.0,
      "length": 104.08447183595011
    },
    {
      "route_index": 3,
      "nodes": [
        0,
        26,
        12,
        68,
        80,
        54,
        4,
        39,
        56,
        75,
        22,
        74,
        72,
        73,
        21,
        40,
        58,
        53,
        101
      ],
      "score": 282.0,
      "length": 102.83894438592478
    }
  ],
  "dataset": "vansteenwegen",
  "instance_name": "eil101b_m3.txt",
  "run_seed": 19008,
  "run_index": 1
}