{
  "instance": {
    "num_nodes": 102,
    "team_size": 3,
    "max_route_distance": 157.33,
    "start_depot": 0,
    "end_depot": 101
  },
  "objective": {
    "total_score": 1149.0
  },
  "performance": {
    "cpu_time_seconds": 0.34114430000045104,
    "iterations": 20,
    "iterations_to_convergence": 10,
    "last_improvement_iteration": 10,
    "stagnation_iterations": 10,
    "accepted_worse_moves": 10,
    "restarts_performed": 1,
    "num_lp_solves": null,
    "num_labels_generated": null
  },
  "routes": [
    {
      "route_index": 1,
      "nodes": [
        0,
        89,
        5,
        61,
        85,
        93,
        99,
        59,
        94,
        13,
        87,
        2,
        73,
        75,
        56,
        23,
        67,
        39,
        4,
        54,
        26,
        101
      ],
      "score": 409.0,
      "length": 156.7989938221338
    },
    {
      "route_index": 2,
      "nodes": [
        0,
        27,
        52,
        18,
        82,
        48,
        47,
        19,
        11,
        62,
        10,
        31,
        69,
        1,
        50,
        33,
        81,
        79,
        3,
        77,
        68,
        80,
        12,
        76,
        28,
        101
      ],
      "score": 413.0,
      "length": 157.29109859692767
    },
    {
      "route_index": 3,
      "nodes": [
        0,
        53,
        58,
        40,
        21,
        72,
        74,
        22,
        41,
        57,
        15,
        43,
        42,
        14,
        44,
        38,
        86,
        16,
        91,
        100,
        98,
        37,
        92,
        97,
        95,
        96,
        6,
        101
      ],
      "score": 327.0,
      "length": 157.15073277960255
    }
  ],
  "dataset": "vansteenwegen",
  "instance_name": "eil101c_m3.txt",
  "run_seed": 21008,
  "run_index": 1
}