{
  "instance": {
    "num_nodes": 102,
    "team_size": 3,
    "max_route_distance": 105.0,
    "start_depot": 0,
    "end_depot": 101
  },
  "objective": {
    "total_score": 849.0
  },
  "performance": {
    "cpu_time_seconds": 0.3005441000004794,
    "iterations": 20,
    "iterations_to_convergence": 17,
    "last_improvement_iteration": 17,
    "stagnation_iterations": 3,
    "accepted_worse_moves": 12,
    "restarts_performed": 1,
    "num_lp_solves": null,
    "num_labels_generated": null
  },
  "routes": [
    {
      "route_index": 1,
      "nodes": [
        0,
        94,
        95,
        59,
        96,
        99,
        5,
        84,
        61,
        16,
        85,
        93,
        98,
        100,
        37,
        92,
        97,
        87,
        13,
        58,
        40,
        53,
        101
      ],
      "score": 362.0,
      "length": 103.87727980143951
    },
    {
      "route_index": 2,
      "nodes": [
        0,
        89,
        18,
        83,
        45,
        8,
        82,
        48,
        47,
        19,
        62,
        88,
        31,
        69,
        27,
        101
      ],
      "score": 236.0,
      "length": 104.87196596725299
    },
    {
      "route_index": 3,
      "nodes": [
        0,
        26,
        12,
        80,
        68,
        77,
        3,
        79,
        33,
        81,
        9,
        51,
        30,
        1,
        50,
        28,
        101
      ],
      "score": 251.0,
      "length": 103.39569801933096
    }
  ],
  "dataset": "vansteenwegen",
  "instance_name": "eil101b_m3.txt",
  "run_seed": 19007,
  "run_index": 0
}