{
  "instance": {
    "num_nodes": 251,
    "team_size": 2,
    "max_route_distance": 297.5,
    "start_depot": 0,
    "end_depot": 250
  },
  "objective": {
    "total_score": 3735.0
  },
  "performance": {
    "cpu_time_seconds": 1.1922931999997672,
    "iterations": 20,
    "iterations_to_convergence": 20,
    "last_improvement_iteration": 20,
    "stagnation_iterations": 0,
    "accepted_worse_moves": 11,
    "restarts_performed": 1,
    "num_lp_solves": null,
    "num_labels_generated": null
  },
  "routes": [
    {
      "route_index": 1,
      "nodes": [
        0,
        64,
        125,
        2,
        170,
        58,
        183,
        36,
        220,
        150,
        230,
        153,
        9,
        26,
        148,
        114,
        101,
        193,
        203,
        57,
        131,
        214,
        11,
        235,
        241,
        225,
        242,
        38,
        223,
        43,
        62,
        237,
        177,
        69,
        249,
        157,
        82,
        224,
        163,
        250
      ],
      "score": 2188.0,
      "length": 292.90413259160283
    },
    {
      "route_index": 2,
      "nodes": [
        0,
        73,
        198,
        207,
        191,
        79,
        19,
        185,
        72,
        21,
        138,
        100,
        145,
        115,
        81,
        186,
        140,
        141,
        104,
        215,
        3,
        118,
        123,
        8,
        190,
        250
      ],
      "score": 1547.0,
      "length": 297.2491151975184
    }
  ],
  "dataset": "vansteenwegen",
  "instance_name": "gil262a_m2.txt",
  "run_seed": 28007,
  "run_index": 0
}