{
  "instance": {
    "num_nodes": 263,
    "team_size": 2,
    "max_route_distance": 594.5,
    "start_depot": 0,
    "end_depot": 262
  },
  "objective": {
    "total_score": 6264.0
  },
  "performance": {
    "cpu_time_seconds": 2.2461555000008957,
    "iterations": 20,
    "iterations_to_convergence": 16,
    "last_improvement_iteration": 16,
    "stagnation_iterations": 4,
    "accepted_worse_moves": 7,
    "restarts_performed": 1,
    "num_lp_solves": null,
    "num_labels_generated": null
  },
  "routes": [
    {
      "route_index": 1,
      "nodes": [
        0,
        138,
        201,
        154,
        75,
        153,
        86,
        33,
        27,
        155,
        215,
        45,
        92,
        186,
        160,
        178,
        127,
        142,
        47,
        22,
        235,
        119,
        21,
        43,
        36,
        164,
        221,
        84,
        170,
        180,
        58,
        161,
        74,
        218,
        14,
        101,
        242,
        15,
        2,
        115,
        125,
        214,
        103,
        73,
        139,
        185,
        20,
        137,
        253,
        233,
        141,
        67,
        262
      ],
      "score": 2924.0,
      "length": 592.8681006699669
    },
    {
      "route_index": 2,
      "nodes": [
        0,
        230,
        231,
        98,
        69,
        107,
        243,
        114,
        144,
        99,
        80,
        3,
        257,
        187,
        94,
        181,
        259,
        238,
        118,
        217,
        183,
        191,
        143,
        179,
        62,
        199,
        250,
        24,
        245,
        6,
        163,
        171,
        71,
        184,
        18,
        165,
        206,
        72,
        197,
        203,
        53,
        260,
        26,
        172,
        136,
        17,
        29,
        190,
        4,
        132,
        11,
        48,
        60,
        89,
        210,
        204,
        30,
        70,
        228,
        262
      ],
      "score": 3340.0,
      "length": 591.972611169553
    }
  ],
  "dataset": "vansteenwegen",
  "instance_name": "gil262_gen2_m2.txt",
  "run_seed": 24007,
  "run_index": 0
}