{
  "instance": {
    "num_nodes": 251,
    "team_size": 4,
    "max_route_distance": 148.75,
    "start_depot": 0,
    "end_depot": 250
  },
  "objective": {
    "total_score": 2848.0
  },
  "performance": {
    "cpu_time_seconds": 0.8524386000008235,
    "iterations": 20,
    "iterations_to_convergence": 14,
    "last_improvement_iteration": 14,
    "stagnation_iterations": 6,
    "accepted_worse_moves": 14,
    "restarts_performed": 1,
    "num_lp_solves": null,
    "num_labels_generated": null
  },
  "routes": [
    {
      "route_index": 1,
      "nodes": [
        0,
        190,
        8,
        112,
        96,
        73,
        198,
        30,
        18,
        137,
        54,
        204,
        250
      ],
      "score": 559.0,
      "length": 145.87425979072114
    },
    {
      "route_index": 2,
      "nodes": [
        0,
        64,
        193,
        101,
        203,
        57,
        131,
        214,
        11,
        241,
        225,
        223,
        43,
        62,
        237,
        249,
        157,
        82,
        224,
        163,
        250
      ],
      "score": 1054.0,
      "length": 144.2319880490441
    },
    {
      "route_index": 3,
      "nodes": [
        0,
        207,
        191,
        19,
        185,
        72,
        166,
        250
      ],
      "score": 392.0,
      "length": 148.5695916406335
    },
    {
      "route_index": 4,
      "nodes": [
        0,
        195,
        217,
        83,
        36,
        220,
        150,
        183,
        58,
        2,
        170,
        114,
        125,
        250
      ],
      "score": 843.0,
      "length": 148.61762878127996
    }
  ],
  "dataset": "vansteenwegen",
  "instance_name": "gil262a_m4.txt",
  "run_seed": 29007,
  "run_index": 0
}