{
  "instance": {
    "num_nodes": 251,
    "team_size": 2,
    "max_route_distance": 892.0,
    "start_depot": 0,
    "end_depot": 250
  },
  "objective": {
    "total_score": 9515.0
  },
  "performance": {
    "cpu_time_seconds": 3.000130899999931,
    "iterations": 20,
    "iterations_to_convergence": 15,
    "last_improvement_iteration": 15,
    "stagnation_iterations": 5,
    "accepted_worse_moves": 7,
    "restarts_performed": 1,
    "num_lp_solves": null,
    "num_labels_generated": null
  },
  "routes": [
    {
      "route_index": 1,
      "nodes": [
        0,
        204,
        198,
        73,
        207,
        185,
        19,
        79,
        191,
        5,
        133,
        12,
        49,
        124,
        137,
        18,
        30,
        54,
        173,
        217,
        83,
        206,
        65,
        220,
        36,
        150,
        183,
        58,
        2,
        170,
        230,
        189,
        121,
        248,
        89,
        167,
        153,
        9,
        26,
        148,
        114,
        101,
        193,
        203,
        57,
        214,
        131,
        10,
        42,
        197,
        194,
        80,
        113,
        103,
        168,
        66,
        56,
        242,
        38,
        39,
        233,
        176,
        136,
        226,
        32,
        78,
        24,
        40,
        245,
        147,
        201,
        67,
        97,
        132,
        171,
        181,
        169,
        162,
        59,
        75,
        219,
        15,
        102,
        52,
        16,
        116,
        215,
        3,
        118,
        123,
        177,
        69,
        163,
        250
      ],
      "score": 4865.0,
      "length": 891.5484027716767
    },
    {
      "route_index": 2,
      "nodes": [
        0,
        190,
        8,
        112,
        96,
        166,
        72,
        21,
        138,
        209,
        99,
        70,
        232,
        142,
        68,
        231,
        202,
        155,
        108,
        244,
        154,
        115,
        145,
        100,
        4,
        81,
        186,
        172,
        140,
        74,
        104,
        141,
        25,
        246,
        160,
        95,
        34,
        182,
        28,
        156,
        152,
        180,
        63,
        216,
        46,
        179,
        161,
        187,
        45,
        212,
        107,
        240,
        117,
        98,
        174,
        143,
        128,
        48,
        196,
        236,
        111,
        85,
        222,
        37,
        6,
        243,
        84,
        135,
        146,
        237,
        62,
        249,
        43,
        223,
        225,
        241,
        11,
        235,
        82,
        157,
        224,
        64,
        125,
        250
      ],
      "score": 4650.0,
      "length": 890.9362246680554
    }
  ],
  "dataset": "vansteenwegen",
  "instance_name": "gil262c_m2.txt",
  "run_seed": 33008,
  "run_index": 1
}