{
  "instance": {
    "num_nodes": 263,
    "team_size": 3,
    "max_route_distance": 396.333,
    "start_depot": 0,
    "end_depot": 262
  },
  "objective": {
    "total_score": 4767.0
  },
  "performance": {
    "cpu_time_seconds": 1.589538000000175,
    "iterations": 20,
    "iterations_to_convergence": 16,
    "last_improvement_iteration": 16,
    "stagnation_iterations": 4,
    "accepted_worse_moves": 5,
    "restarts_performed": 1,
    "num_lp_solves": null,
    "num_labels_generated": null
  },
  "routes": [
    {
      "route_index": 1,
      "nodes": [
        0,
        220,
        128,
        129,
        48,
        123,
        172,
        26,
        194,
        1,
        124,
        63,
        72,
        197,
        206,
        18,
        184,
        71,
        20,
        99,
        144,
        114,
        243,
        107,
        69,
        98,
        231,
        201,
        138,
        262
      ],
      "score": 1660.0,
      "length": 395.6083655924492
    },
    {
      "route_index": 2,
      "nodes": [
        0,
        230,
        67,
        141,
        233,
        253,
        137,
        185,
        80,
        3,
        163,
        6,
        245,
        24,
        140,
        103,
        214,
        125,
        115,
        2,
        117,
        122,
        7,
        189,
        111,
        95,
        165,
        261,
        78,
        70,
        262
      ],
      "score": 1656.0,
      "length": 396.0634976038958
    },
    {
      "route_index": 3,
      "nodes": [
        0,
        228,
        30,
        204,
        210,
        132,
        4,
        17,
        53,
        203,
        68,
        176,
        236,
        61,
        248,
        42,
        224,
        240,
        10,
        234,
        81,
        223,
        162,
        249,
        260,
        136,
        11,
        60,
        89,
        262
      ],
      "score": 1451.0,
      "length": 396.2860282386129
    }
  ],
  "dataset": "vansteenwegen",
  "instance_name": "gil262_gen2_m3.txt",
  "run_seed": 25008,
  "run_index": 1
}