{
  "instance": {
    "num_nodes": 251,
    "team_size": 2,
    "max_route_distance": 297.5,
    "start_depot": 0,
    "end_depot": 250
  },
  "objective": {
    "total_score": 3526.0
  },
  "performance": {
    "cpu_time_seconds": 0.8479396000002453,
    "iterations": 20,
    "iterations_to_convergence": 14,
    "last_improvement_iteration": 14,
    "stagnation_iterations": 6,
    "accepted_worse_moves": 9,
    "restarts_performed": 1,
    "num_lp_solves": null,
    "num_labels_generated": null
  },
  "routes": [
    {
      "route_index": 1,
      "nodes": [
        0,
        163,
        69,
        177,
        237,
        249,
        62,
        146,
        135,
        84,
        102,
        15,
        219,
        52,
        243,
        169,
        171,
        181,
        162,
        75,
        59,
        226,
        136,
        176,
        233,
        39,
        38,
        223,
        43,
        225,
        241,
        11,
        235,
        82,
        157,
        224,
        64,
        250
      ],
      "score": 1877.0,
      "length": 294.1874599552702
    },
    {
      "route_index": 2,
      "nodes": [
        0,
        125,
        114,
        148,
        26,
        9,
        153,
        230,
        170,
        2,
        58,
        183,
        150,
        220,
        36,
        83,
        217,
        27,
        173,
        137,
        124,
        49,
        12,
        133,
        5,
        191,
        30,
        18,
        54,
        198,
        73,
        204,
        250
      ],
      "score": 1649.0,
      "length": 295.6308819217334
    }
  ],
  "dataset": "vansteenwegen",
  "instance_name": "gil262a_m2.txt",
  "run_seed": 28008,
  "run_index": 1
}