{
  "instance": {
    "num_nodes": 251,
    "team_size": 3,
    "max_route_distance": 594.67,
    "start_depot": 0,
    "end_depot": 250
  },
  "objective": {
    "total_score": 8847.0
  },
  "performance": {
    "cpu_time_seconds": 3.1696817000010924,
    "iterations": 20,
    "iterations_to_convergence": 15,
    "last_improvement_iteration": 15,
    "stagnation_iterations": 5,
    "accepted_worse_moves": 7,
    "restarts_performed": 1,
    "num_lp_solves": null,
    "num_labels_generated": null
  },
  "routes": [
    {
      "route_index": 1,
      "nodes": [
        0,
        69,
        177,
        82,
        235,
        241,
        225,
        122,
        146,
        135,
        84,
        39,
        233,
        176,
        136,
        226,
        59,
        171,
        181,
        169,
        6,
        37,
        116,
        126,
        215,
        74,
        104,
        141,
        25,
        246,
        160,
        164,
        140,
        81,
        4,
        145,
        209,
        138,
        21,
        72,
        185,
        19,
        79,
        211,
        90,
        61,
        12,
        133,
        5,
        191,
        18,
        30,
        207,
        166,
        96,
        73,
        198,
        204,
        250
      ],
      "score": 2557.0,
      "length": 592.6117495028814
    },
    {
      "route_index": 2,
      "nodes": [
        0,
        249,
        62,
        237,
        123,
        118,
        3,
        16,
        243,
        52,
        102,
        15,
        219,
        75,
        162,
        132,
        97,
        29,
        227,
        20,
        109,
        110,
        60,
        158,
        134,
        147,
        245,
        201,
        67,
        32,
        78,
        24,
        40,
        17,
        175,
        55,
        47,
        168,
        66,
        103,
        113,
        80,
        194,
        197,
        42,
        10,
        131,
        214,
        57,
        203,
        13,
        167,
        89,
        248,
        121,
        189,
        153,
        9,
        26,
        170,
        2,
        195,
        125,
        64,
        250
      ],
      "score": 3371.0,
      "length": 592.5455094473668
    },
    {
      "route_index": 3,
      "nodes": [
        0,
        163,
        224,
        157,
        43,
        223,
        38,
        242,
        11,
        193,
        101,
        114,
        148,
        230,
        58,
        183,
        150,
        36,
        220,
        65,
        206,
        83,
        217,
        27,
        173,
        137,
        124,
        49,
        130,
        129,
        221,
        205,
        31,
        71,
        229,
        139,
        202,
        231,
        68,
        142,
        232,
        99,
        70,
        108,
        244,
        154,
        115,
        100,
        186,
        172,
        213,
        112,
        8,
        190,
        250
      ],
      "score": 2919.0,
      "length": 594.3243233693727
    }
  ],
  "dataset": "vansteenwegen",
  "instance_name": "gil262c_m3.txt",
  "run_seed": 34007,
  "run_index": 0
}