{
  "instance": {
    "num_nodes": 263,
    "team_size": 3,
    "max_route_distance": 396.333,
    "start_depot": 0,
    "end_depot": 262
  },
  "objective": {
    "total_score": 76.0
  },
  "performance": {
    "cpu_time_seconds": 1.2096002999987832,
    "iterations": 20,
    "iterations_to_convergence": 15,
    "last_improvement_iteration": 15,
    "stagnation_iterations": 5,
    "accepted_worse_moves": 5,
    "restarts_performed": 1,
    "num_lp_solves": null,
    "num_labels_generated": null
  },
  "routes": [
    {
      "route_index": 1,
      "nodes": [
        0,
        230,
        154,
        75,
        153,
        99,
        137,
        20,
        18,
        184,
        212,
        7,
        189,
        111,
        95,
        72,
        203,
        197,
        206,
        165,
        190,
        4,
        89,
        60,
        220,
        262
      ],
      "score": 24.0,
      "length": 394.5269161062709
    },
    {
      "route_index": 2,
      "nodes": [
        0,
        30,
        204,
        210,
        256,
        136,
        172,
        26,
        260,
        53,
        17,
        29,
        261,
        71,
        171,
        139,
        163,
        185,
        80,
        3,
        114,
        144,
        208,
        233,
        141,
        67,
        70,
        228,
        262
      ],
      "score": 27.0,
      "length": 393.6458996754107
    },
    {
      "route_index": 3,
      "nodes": [
        0,
        138,
        201,
        231,
        69,
        98,
        253,
        32,
        78,
        132,
        11,
        48,
        123,
        216,
        57,
        182,
        149,
        219,
        35,
        82,
        205,
        64,
        227,
        52,
        129,
        128,
        262
      ],
      "score": 25.0,
      "length": 393.9070073707364
    }
  ],
  "dataset": "vansteenwegen",
  "instance_name": "gil262_gen1_m3.txt",
  "run_seed": 22008,
  "run_index": 1
}