{
  "instance": {
    "num_nodes": 263,
    "team_size": 4,
    "max_route_distance": 297.25,
    "start_depot": 0,
    "end_depot": 262
  },
  "objective": {
    "total_score": 72.0
  },
  "performance": {
    "cpu_time_seconds": 1.4770165999998426,
    "iterations": 20,
    "iterations_to_convergence": 14,
    "last_improvement_iteration": 14,
    "stagnation_iterations": 6,
    "accepted_worse_moves": 8,
    "restarts_performed": 1,
    "num_lp_solves": null,
    "num_labels_generated": null
  },
  "routes": [
    {
      "route_index": 1,
      "nodes": [
        0,
        138,
        230,
        231,
        98,
        69,
        107,
        243,
        114,
        144,
        99,
        80,
        3,
        187,
        257,
        159,
        139,
        171,
        253,
        233,
        262
      ],
      "score": 19.0,
      "length": 291.73080047431847
    },
    {
      "route_index": 2,
      "nodes": [
        0,
        220,
        128,
        129,
        48,
        123,
        256,
        136,
        172,
        26,
        260,
        53,
        17,
        190,
        261,
        78,
        228,
        262
      ],
      "score": 16.0,
      "length": 277.0371853701146
    },
    {
      "route_index": 3,
      "nodes": [
        0,
        201,
        154,
        75,
        153,
        86,
        33,
        94,
        181,
        27,
        6,
        163,
        185,
        20,
        137,
        208,
        141,
        67,
        262
      ],
      "score": 17.0,
      "length": 292.1754691434415
    },
    {
      "route_index": 4,
      "nodes": [
        0,
        30,
        204,
        210,
        89,
        60,
        11,
        132,
        4,
        29,
        203,
        197,
        72,
        95,
        206,
        165,
        18,
        184,
        71,
        32,
        70,
        262
      ],
      "score": 20.0,
      "length": 282.5189862032043
    }
  ],
  "dataset": "vansteenwegen",
  "instance_name": "gil262_gen1_m4.txt",
  "run_seed": 23008,
  "run_index": 1
}