{
  "instance": {
    "num_nodes": 251,
    "team_size": 4,
    "max_route_distance": 297.25,
    "start_depot": 0,
    "end_depot": 250
  },
  "objective": {
    "total_score": 5263.0
  },
  "performance": {
    "cpu_time_seconds": 1.9066591999999218,
    "iterations": 20,
    "iterations_to_convergence": 12,
    "last_improvement_iteration": 12,
    "stagnation_iterations": 8,
    "accepted_worse_moves": 7,
    "restarts_performed": 1,
    "num_lp_solves": null,
    "num_labels_generated": null
  },
  "routes": [
    {
      "route_index": 1,
      "nodes": [
        0,
        190,
        8,
        123,
        118,
        3,
        116,
        126,
        25,
        141,
        104,
        215,
        213,
        112,
        96,
        73,
        198,
        204,
        27,
        36,
        220,
        150,
        183,
        58,
        250
      ],
      "score": 1192.0,
      "length": 290.92037134507063
    },
    {
      "route_index": 2,
      "nodes": [
        0,
        64,
        125,
        193,
        101,
        114,
        148,
        26,
        9,
        153,
        230,
        170,
        2,
        173,
        137,
        49,
        129,
        221,
        12,
        191,
        207,
        166,
        250
      ],
      "score": 1203.0,
      "length": 292.73547384944715
    },
    {
      "route_index": 3,
      "nodes": [
        0,
        69,
        177,
        237,
        249,
        62,
        146,
        135,
        84,
        16,
        243,
        6,
        169,
        181,
        171,
        59,
        162,
        75,
        219,
        15,
        102,
        39,
        38,
        242,
        122,
        43,
        223,
        225,
        241,
        11,
        214,
        131,
        57,
        203,
        235,
        82,
        157,
        224,
        163,
        250
      ],
      "score": 2037.0,
      "length": 296.19753579367836
    },
    {
      "route_index": 4,
      "nodes": [
        0,
        195,
        217,
        83,
        206,
        65,
        228,
        53,
        124,
        130,
        61,
        90,
        211,
        133,
        5,
        79,
        72,
        185,
        19,
        30,
        18,
        54,
        250
      ],
      "score": 831.0,
      "length": 282.1810277588939
    }
  ],
  "dataset": "vansteenwegen",
  "instance_name": "gil262b_m4.txt",
  "run_seed": 32007,
  "run_index": 0
}