{
  "instance": {
    "num_nodes": 251,
    "team_size": 2,
    "max_route_distance": 594.5,
    "start_depot": 0,
    "end_depot": 250
  },
  "objective": {
    "total_score": 7424.0
  },
  "performance": {
    "cpu_time_seconds": 2.3598679000006086,
    "iterations": 20,
    "iterations_to_convergence": 17,
    "last_improvement_iteration": 17,
    "stagnation_iterations": 3,
    "accepted_worse_moves": 9,
    "restarts_performed": 1,
    "num_lp_solves": null,
    "num_labels_generated": null
  },
  "routes": [
    {
      "route_index": 1,
      "nodes": [
        0,
        64,
        125,
        2,
        170,
        114,
        148,
        26,
        9,
        153,
        230,
        58,
        183,
        150,
        36,
        220,
        65,
        206,
        83,
        217,
        173,
        54,
        137,
        18,
        30,
        191,
        207,
        96,
        112,
        190,
        8,
        215,
        104,
        141,
        246,
        25,
        37,
        165,
        6,
        52,
        219,
        15,
        102,
        39,
        38,
        242,
        223,
        43,
        225,
        241,
        11,
        214,
        131,
        57,
        203,
        235,
        82,
        157,
        249,
        62,
        224,
        163,
        250
      ],
      "score": 3601.0,
      "length": 592.761808378597
    },
    {
      "route_index": 2,
      "nodes": [
        0,
        73,
        198,
        166,
        19,
        185,
        72,
        138,
        21,
        186,
        100,
        145,
        115,
        81,
        4,
        188,
        34,
        95,
        28,
        156,
        152,
        180,
        63,
        216,
        46,
        179,
        161,
        187,
        45,
        128,
        48,
        23,
        196,
        174,
        143,
        98,
        240,
        117,
        92,
        178,
        210,
        41,
        110,
        60,
        109,
        20,
        227,
        29,
        97,
        132,
        59,
        162,
        181,
        171,
        169,
        243,
        16,
        3,
        118,
        123,
        135,
        146,
        237,
        177,
        69,
        250
      ],
      "score": 3823.0,
      "length": 592.7655793296593
    }
  ],
  "dataset": "vansteenwegen",
  "instance_name": "gil262b_m2.txt",
  "run_seed": 30008,
  "run_index": 1
}