{
  "instance": {
    "num_nodes": 251,
    "team_size": 4,
    "max_route_distance": 148.75,
    "start_depot": 0,
    "end_depot": 250
  },
  "objective": {
    "total_score": 2757.0
  },
  "performance": {
    "cpu_time_seconds": 0.7813748999997188,
    "iterations": 20,
    "iterations_to_convergence": 18,
    "last_improvement_iteration": 18,
    "stagnation_iterations": 2,
    "accepted_worse_moves": 8,
    "restarts_performed": 1,
    "num_lp_solves": null,
    "num_labels_generated": null
  },
  "routes": [
    {
      "route_index": 1,
      "nodes": [
        0,
        64,
        193,
        101,
        203,
        57,
        131,
        214,
        11,
        235,
        241,
        225,
        223,
        43,
        82,
        157,
        249,
        62,
        237,
        177,
        69,
        250
      ],
      "score": 950.0,
      "length": 148.53383979004116
    },
    {
      "route_index": 2,
      "nodes": [
        0,
        163,
        224,
        96,
        166,
        185,
        19,
        207,
        198,
        73,
        250
      ],
      "score": 611.0,
      "length": 147.90480466791254
    },
    {
      "route_index": 3,
      "nodes": [
        0,
        2,
        170,
        183,
        36,
        220,
        150,
        58,
        230,
        9,
        26,
        148,
        114,
        125,
        250
      ],
      "score": 841.0,
      "length": 146.89868025486786
    },
    {
      "route_index": 4,
      "nodes": [
        0,
        195,
        217,
        83,
        173,
        137,
        18,
        30,
        54,
        204,
        250
      ],
      "score": 355.0,
      "length": 143.41667489400052
    }
  ],
  "dataset": "vansteenwegen",
  "instance_name": "gil262a_m4.txt",
  "run_seed": 29008,
  "run_index": 1
}