{
  "instance": {
    "num_nodes": 251,
    "team_size": 4,
    "max_route_distance": 297.25,
    "start_depot": 0,
    "end_depot": 250
  },
  "objective": {
    "total_score": 5859.0
  },
  "performance": {
    "cpu_time_seconds": 2.088432099999409,
    "iterations": 20,
    "iterations_to_convergence": 18,
    "last_improvement_iteration": 18,
    "stagnation_iterations": 2,
    "accepted_worse_moves": 7,
    "restarts_performed": 1,
    "num_lp_solves": null,
    "num_labels_generated": null
  },
  "routes": [
    {
      "route_index": 1,
      "nodes": [
        0,
        163,
        224,
        82,
        235,
        241,
        242,
        56,
        66,
        168,
        103,
        113,
        80,
        194,
        197,
        42,
        10,
        238,
        131,
        214,
        57,
        203,
        101,
        114,
        148,
        26,
        9,
        153,
        230,
        58,
        183,
        150,
        220,
        36,
        217,
        195,
        250
      ],
      "score": 1880.0,
      "length": 297.0729161450914
    },
    {
      "route_index": 2,
      "nodes": [
        0,
        73,
        198,
        207,
        166,
        96,
        8,
        135,
        146,
        84,
        16,
        243,
        52,
        162,
        59,
        226,
        136,
        176,
        233,
        38,
        43,
        157,
        249,
        62,
        237,
        177,
        69,
        250
      ],
      "score": 1252.0,
      "length": 285.0304013855273
    },
    {
      "route_index": 3,
      "nodes": [
        0,
        190,
        123,
        118,
        3,
        6,
        37,
        165,
        222,
        85,
        169,
        171,
        181,
        75,
        219,
        15,
        102,
        39,
        122,
        223,
        225,
        11,
        193,
        170,
        2,
        125,
        64,
        250
      ],
      "score": 1335.0,
      "length": 296.57020962672726
    },
    {
      "route_index": 4,
      "nodes": [
        0,
        112,
        213,
        215,
        104,
        74,
        140,
        186,
        81,
        4,
        115,
        145,
        100,
        138,
        21,
        72,
        185,
        19,
        79,
        191,
        30,
        18,
        137,
        54,
        204,
        250
      ],
      "score": 1392.0,
      "length": 295.9506414822684
    }
  ],
  "dataset": "vansteenwegen",
  "instance_name": "gil262b_m4.txt",
  "run_seed": 32008,
  "run_index": 1
}