{
  "instance": {
    "num_nodes": 251,
    "team_size": 3,
    "max_route_distance": 396.33,
    "start_depot": 0,
    "end_depot": 250
  },
  "objective": {
    "total_score": 5960.0
  },
  "performance": {
    "cpu_time_seconds": 2.006048199998986,
    "iterations": 20,
    "iterations_to_convergence": 13,
    "last_improvement_iteration": 13,
    "stagnation_iterations": 7,
    "accepted_worse_moves": 8,
    "restarts_performed": 1,
    "num_lp_solves": null,
    "num_labels_generated": null
  },
  "routes": [
    {
      "route_index": 1,
      "nodes": [
        0,
        69,
        177,
        237,
        62,
        249,
        43,
        223,
        242,
        56,
        66,
        168,
        103,
        113,
        80,
        194,
        197,
        42,
        10,
        238,
        13,
        167,
        89,
        121,
        248,
        153,
        9,
        26,
        230,
        58,
        183,
        150,
        220,
        36,
        217,
        27,
        198,
        73,
        96,
        112,
        8,
        190,
        250
      ],
      "score": 2021.0,
      "length": 392.93508139291004
    },
    {
      "route_index": 2,
      "nodes": [
        0,
        163,
        224,
        82,
        157,
        122,
        39,
        102,
        15,
        219,
        75,
        162,
        59,
        226,
        136,
        176,
        38,
        225,
        241,
        235,
        11,
        214,
        131,
        57,
        203,
        193,
        101,
        114,
        148,
        170,
        2,
        83,
        206,
        65,
        173,
        137,
        18,
        30,
        54,
        204,
        250
      ],
      "score": 2134.0,
      "length": 394.00167312791984
    },
    {
      "route_index": 3,
      "nodes": [
        0,
        207,
        166,
        19,
        185,
        72,
        21,
        138,
        100,
        145,
        115,
        4,
        81,
        186,
        140,
        7,
        246,
        25,
        141,
        104,
        126,
        116,
        37,
        222,
        85,
        171,
        181,
        169,
        243,
        16,
        3,
        118,
        123,
        250
      ],
      "score": 1805.0,
      "length": 396.25352571299084
    }
  ],
  "dataset": "vansteenwegen",
  "instance_name": "gil262b_m3.txt",
  "run_seed": 31008,
  "run_index": 1
}