{
  "instance": {
    "num_nodes": 251,
    "team_size": 3,
    "max_route_distance": 396.33,
    "start_depot": 0,
    "end_depot": 250
  },
  "objective": {
    "total_score": 6316.0
  },
  "performance": {
    "cpu_time_seconds": 2.1750045999997383,
    "iterations": 20,
    "iterations_to_convergence": 16,
    "last_improvement_iteration": 16,
    "stagnation_iterations": 4,
    "accepted_worse_moves": 3,
    "restarts_performed": 1,
    "num_lp_solves": null,
    "num_labels_generated": null
  },
  "routes": [
    {
      "route_index": 1,
      "nodes": [
        0,
        2,
        170,
        36,
        183,
        58,
        230,
        153,
        9,
        26,
        148,
        114,
        101,
        193,
        82,
        235,
        11,
        241,
        225,
        38,
        39,
        102,
        15,
        219,
        52,
        75,
        162,
        59,
        171,
        181,
        169,
        165,
        6,
        243,
        16,
        84,
        146,
        135,
        3,
        118,
        123,
        8,
        190,
        250
      ],
      "score": 2150.0,
      "length": 393.7517435474459
    },
    {
      "route_index": 2,
      "nodes": [
        0,
        204,
        54,
        137,
        18,
        30,
        191,
        5,
        133,
        12,
        49,
        130,
        129,
        221,
        61,
        90,
        211,
        79,
        33,
        138,
        209,
        108,
        244,
        115,
        145,
        100,
        4,
        81,
        186,
        21,
        72,
        185,
        19,
        166,
        207,
        198,
        73,
        250
      ],
      "score": 1959.0,
      "length": 392.65990080195155
    },
    {
      "route_index": 3,
      "nodes": [
        0,
        163,
        224,
        69,
        177,
        237,
        62,
        249,
        157,
        43,
        223,
        122,
        242,
        56,
        66,
        168,
        103,
        113,
        80,
        194,
        197,
        42,
        10,
        238,
        131,
        214,
        57,
        203,
        13,
        167,
        89,
        248,
        121,
        189,
        150,
        220,
        65,
        206,
        83,
        217,
        27,
        195,
        125,
        64,
        250
      ],
      "score": 2207.0,
      "length": 395.8745708756672
    }
  ],
  "dataset": "vansteenwegen",
  "instance_name": "gil262b_m3.txt",
  "run_seed": 31007,
  "run_index": 0
}