{
  "instance": {
    "num_nodes": 230,
    "team_size": 3,
    "max_route_distance": 588.333,
    "start_depot": 0,
    "end_depot": 229
  },
  "objective": {
    "total_score": 7355.0
  },
  "performance": {
    "cpu_time_seconds": 3.83201790000021,
    "iterations": 20,
    "iterations_to_convergence": 1,
    "last_improvement_iteration": 1,
    "stagnation_iterations": 19,
    "accepted_worse_moves": 5,
    "restarts_performed": 1,
    "num_lp_solves": null,
    "num_labels_generated": null
  },
  "routes": [
    {
      "route_index": 1,
      "nodes": [
        0,
        2,
        16,
        17,
        19,
        20,
        21,
        22,
        23,
        83,
        82,
        55,
        56,
        58,
        53,
        52,
        57,
        61,
        60,
        63,
        64,
        65,
        62,
        80,
        81,
        86,
        84,
        85,
        88,
        87,
        79,
        78,
        77,
        76,
        75,
        74,
        73,
        90,
        91,
        92,
        93,
        99,
        100,
        102,
        101,
        105,
        111,
        112,
        115,
        118,
        121,
        122,
        120,
        119,
        116,
        113,
        138,
        142,
        143,
        144,
        145,
        146,
        147,
        148,
        149,
        156,
        155,
        158,
        159,
        160,
        161,
        152,
        153,
        151,
        135,
        136,
        137,
        128,
        129,
        131,
        132,
        171,
        162,
        174,
        177,
        181,
        179,
        180,
        178,
        176,
        167,
        169,
        168,
        170,
        127,
        126,
        125,
        124,
        165,
        123,
        109,
        108,
        107,
        103,
        104,
        106,
        98,
        97,
        96,
        95,
        94,
        36,
        35,
        34,
        33,
        32,
        29,
        27,
        1,
        229
      ],
      "score": 3325.0,
      "length": 535.5463999050295
    },
    {
      "route_index": 2,
      "nodes": [
        0,
        3,
        4,
        5,
        8,
        6,
        7,
        9,
        10,
        18,
        50,
        51,
        54,
        59,
        66,
        67,
        68,
        70,
        69,
        71,
        72,
        114,
        110,
        154,
        200,
        199,
        198,
        197,
        196,
        186,
        195,
        194,
        193,
        191,
        192,
        190,
        189,
        188,
        187,
        48,
        43,
        42,
        44,
        41,
        46,
        47,
        49,
        45,
        183,
        182,
        184,
        185,
        175,
        164,
        163,
        172,
        173,
        166,
        39,
        40,
        38,
        31,
        28,
        30,
        26,
        25,
        13,
        12,
        15,
        229
      ],
      "score": 2223.0,
      "length": 583.1441678923263
    },
    {
      "route_index": 3,
      "nodes": [
        0,
        14,
        37,
        130,
        133,
        134,
        157,
        202,
        201,
        222,
        221,
        220,
        210,
        209,
        219,
        218,
        215,
        214,
        213,
        212,
        208,
        207,
        206,
        205,
        204,
        211,
        203,
        150,
        140,
        139,
        141,
        117,
        89,
        24,
        11,
        229
      ],
      "score": 1807.0,
      "length": 510.94763159832553
    }
  ],
  "dataset": "vansteenwegen",
  "instance_name": "gr229_gen3_m3.txt",
  "run_seed": 39007,
  "run_index": 0
}