{
  "instance": {
    "num_nodes": 230,
    "team_size": 3,
    "max_route_distance": 588.333,
    "start_depot": 0,
    "end_depot": 229
  },
  "objective": {
    "total_score": 11120.0
  },
  "performance": {
    "cpu_time_seconds": 4.677922199998648,
    "iterations": 20,
    "iterations_to_convergence": 0,
    "last_improvement_iteration": 0,
    "stagnation_iterations": 20,
    "accepted_worse_moves": 5,
    "restarts_performed": 2,
    "num_lp_solves": null,
    "num_labels_generated": null
  },
  "routes": [
    {
      "route_index": 1,
      "nodes": [
        0,
        2,
        3,
        4,
        6,
        5,
        8,
        50,
        10,
        9,
        17,
        16,
        15,
        19,
        18,
        52,
        53,
        54,
        58,
        59,
        60,
        61,
        63,
        64,
        65,
        62,
        66,
        67,
        68,
        70,
        69,
        71,
        72,
        77,
        76,
        75,
        74,
        89,
        87,
        78,
        79,
        80,
        82,
        81,
        86,
        85,
        88,
        92,
        93,
        99,
        100,
        102,
        101,
        105,
        106,
        112,
        115,
        118,
        121,
        122,
        120,
        119,
        116,
        113,
        128,
        137,
        141,
        139,
        142,
        143,
        144,
        145,
        146,
        147,
        148,
        150,
        140,
        136,
        131,
        130,
        132,
        171,
        163,
        172,
        164,
        198,
        197,
        195,
        194,
        193,
        192,
        185,
        181,
        179,
        180,
        176,
        169,
        170,
        127,
        126,
        165,
        124,
        123,
        109,
        108,
        107,
        104,
        103,
        96,
        95,
        97,
        98,
        94,
        36,
        35,
        91,
        24,
        84,
        83,
        55,
        23,
        22,
        21,
        20,
        14,
        26,
        25,
        13,
        12,
        11,
        1,
        229
      ],
      "score": 7167.0,
      "length": 580.374880313842
    },
    {
      "route_index": 2,
      "nodes": [
        0,
        32,
        33,
        111,
        114,
        117,
        110,
        125,
        37,
        39,
        167,
        178,
        177,
        175,
        174,
        173,
        162,
        134,
        133,
        135,
        138,
        151,
        152,
        153,
        154,
        149,
        204,
        211,
        210,
        202,
        155,
        158,
        159,
        199,
        196,
        186,
        191,
        190,
        189,
        188,
        187,
        48,
        46,
        41,
        47,
        49,
        183,
        184,
        182,
        40,
        38,
        31,
        30,
        28,
        27,
        229
      ],
      "score": 2712.0,
      "length": 586.5230118219481
    },
    {
      "route_index": 3,
      "nodes": [
        0,
        29,
        45,
        44,
        43,
        42,
        222,
        221,
        218,
        219,
        215,
        214,
        213,
        212,
        207,
        206,
        205,
        208,
        209,
        220,
        201,
        200,
        157,
        203,
        156,
        160,
        161,
        129,
        168,
        166,
        34,
        73,
        90,
        56,
        57,
        51,
        7,
        229
      ],
      "score": 1241.0,
      "length": 587.4450436073643
    }
  ],
  "dataset": "vansteenwegen",
  "instance_name": "gr229_gen2_m3.txt",
  "run_seed": 37007,
  "run_index": 0
}