{
  "instance": {
    "num_nodes": 230,
    "team_size": 4,
    "max_route_distance": 441.25,
    "start_depot": 0,
    "end_depot": 229
  },
  "objective": {
    "total_score": 11083.0
  },
  "performance": {
    "cpu_time_seconds": 2.3907901999991736,
    "iterations": 20,
    "iterations_to_convergence": 10,
    "last_improvement_iteration": 10,
    "stagnation_iterations": 10,
    "accepted_worse_moves": 2,
    "restarts_performed": 1,
    "num_lp_solves": null,
    "num_labels_generated": null
  },
  "routes": [
    {
      "route_index": 1,
      "nodes": [
        0,
        12,
        15,
        20,
        22,
        23,
        83,
        86,
        88,
        89,
        91,
        35,
        29,
        28,
        109,
        125,
        129,
        131,
        136,
        135,
        151,
        148,
        204,
        147,
        146,
        144,
        140,
        139,
        138,
        137,
        128,
        113,
        116,
        112,
        106,
        105,
        100,
        73,
        72,
        71,
        69,
        70,
        68,
        67,
        66,
        62,
        65,
        64,
        63,
        61,
        60,
        59,
        58,
        57,
        18,
        17,
        10,
        9,
        7,
        6,
        2,
        229
      ],
      "score": 2694.0,
      "length": 419.4350373365841
    },
    {
      "route_index": 2,
      "nodes": [
        0,
        3,
        4,
        5,
        8,
        50,
        51,
        52,
        53,
        54,
        56,
        82,
        81,
        80,
        79,
        87,
        78,
        77,
        76,
        75,
        74,
        117,
        118,
        120,
        121,
        122,
        141,
        143,
        145,
        153,
        152,
        160,
        134,
        133,
        171,
        162,
        163,
        198,
        197,
        196,
        194,
        192,
        49,
        47,
        46,
        41,
        45,
        183,
        182,
        185,
        175,
        174,
        177,
        178,
        176,
        169,
        168,
        170,
        165,
        37,
        33,
        32,
        26,
        25,
        1,
        229
      ],
      "score": 3441.0,
      "length": 419.7641591035677
    },
    {
      "route_index": 3,
      "nodes": [
        0,
        13,
        14,
        34,
        36,
        94,
        95,
        97,
        104,
        107,
        108,
        110,
        126,
        127,
        130,
        132,
        161,
        159,
        158,
        155,
        156,
        157,
        200,
        202,
        210,
        209,
        220,
        221,
        222,
        43,
        44,
        48,
        187,
        188,
        189,
        190,
        191,
        193,
        195,
        186,
        184,
        181,
        179,
        180,
        40,
        39,
        38,
        31,
        30,
        27,
        229
      ],
      "score": 2375.0,
      "length": 423.54576147744416
    },
    {
      "route_index": 4,
      "nodes": [
        0,
        21,
        24,
        92,
        93,
        99,
        98,
        96,
        103,
        123,
        124,
        166,
        167,
        173,
        172,
        164,
        199,
        201,
        219,
        218,
        215,
        214,
        213,
        212,
        208,
        207,
        206,
        205,
        211,
        203,
        149,
        154,
        150,
        142,
        119,
        115,
        114,
        111,
        101,
        102,
        90,
        85,
        84,
        55,
        19,
        16,
        11,
        229
      ],
      "score": 2573.0,
      "length": 434.049958682121
    }
  ],
  "dataset": "vansteenwegen",
  "instance_name": "gr229_gen2_m4.txt",
  "run_seed": 38007,
  "run_index": 0
}