{
  "instance": {
    "num_nodes": 151,
    "team_size": 2,
    "max_route_distance": 6631.0,
    "start_depot": 0,
    "end_depot": 150
  },
  "objective": {
    "total_score": 4258.0
  },
  "performance": {
    "cpu_time_seconds": 0.6150895999999193,
    "iterations": 20,
    "iterations_to_convergence": 7,
    "last_improvement_iteration": 7,
    "stagnation_iterations": 13,
    "accepted_worse_moves": 10,
    "restarts_performed": 1,
    "num_lp_solves": null,
    "num_labels_generated": null
  },
  "routes": [
    {
      "route_index": 1,
      "nodes": [
        0,
        129,
        141,
        104,
        147,
        132,
        41,
        121,
        30,
        79,
        138,
        55,
        142,
        96,
        74,
        18,
        52,
        133,
        15,
        21,
        87,
        136,
        17,
        23,
        37,
        35,
        126,
        58,
        140,
        73,
        20,
        71,
        9,
        89,
        48,
        5,
        62,
        150
      ],
      "score": 2004.0,
      "length": 6595.200507614307
    },
    {
      "route_index": 2,
      "nodes": [
        0,
        92,
        27,
        57,
        60,
        80,
        24,
        124,
        50,
        86,
        144,
        8,
        6,
        116,
        54,
        82,
        33,
        45,
        2,
        42,
        122,
        114,
        119,
        148,
        11,
        19,
        26,
        85,
        149,
        61,
        59,
        76,
        109,
        22,
        97,
        90,
        108,
        31,
        46,
        150
      ],
      "score": 2254.0,
      "length": 6624.423607576383
    }
  ],
  "dataset": "vansteenwegen",
  "instance_name": "kroA150_gen2_m2.txt",
  "run_seed": 41008,
  "run_index": 1
}