{
  "instance": {
    "num_nodes": 151,
    "team_size": 2,
    "max_route_distance": 6631.0,
    "start_depot": 0,
    "end_depot": 150
  },
  "objective": {
    "total_score": 4072.0
  },
  "performance": {
    "cpu_time_seconds": 0.5855904999989434,
    "iterations": 20,
    "iterations_to_convergence": 17,
    "last_improvement_iteration": 17,
    "stagnation_iterations": 3,
    "accepted_worse_moves": 7,
    "restarts_performed": 1,
    "num_lp_solves": null,
    "num_labels_generated": null
  },
  "routes": [
    {
      "route_index": 1,
      "nodes": [
        0,
        112,
        71,
        20,
        73,
        58,
        140,
        16,
        14,
        10,
        31,
        108,
        90,
        97,
        22,
        109,
        76,
        59,
        61,
        149,
        85,
        26,
        19,
        11,
        148,
        54,
        82,
        33,
        116,
        6,
        8,
        144,
        86,
        50,
        124,
        24,
        80,
        60,
        57,
        27,
        92,
        129,
        150
      ],
      "score": 2272.0,
      "length": 6600.871919055481
    },
    {
      "route_index": 2,
      "nodes": [
        0,
        91,
        7,
        41,
        121,
        30,
        79,
        138,
        55,
        142,
        118,
        96,
        3,
        64,
        123,
        25,
        128,
        65,
        69,
        21,
        15,
        87,
        52,
        133,
        78,
        136,
        17,
        23,
        37,
        83,
        9,
        89,
        48,
        5,
        62,
        150
      ],
      "score": 1800.0,
      "length": 6472.473623592803
    }
  ],
  "dataset": "vansteenwegen",
  "instance_name": "kroA150_gen2_m2.txt",
  "run_seed": 41007,
  "run_index": 0
}