{
  "instance": {
    "num_nodes": 201,
    "team_size": 2,
    "max_route_distance": 7359.5,
    "start_depot": 0,
    "end_depot": 200
  },
  "objective": {
    "total_score": 3174.0
  },
  "performance": {
    "cpu_time_seconds": 1.3583847999998397,
    "iterations": 20,
    "iterations_to_convergence": 12,
    "last_improvement_iteration": 12,
    "stagnation_iterations": 8,
    "accepted_worse_moves": 10,
    "restarts_performed": 1,
    "num_lp_solves": null,
    "num_labels_generated": null
  },
  "routes": [
    {
      "route_index": 1,
      "nodes": [
        0,
        45,
        24,
        8,
        33,
        6,
        83,
        57,
        51,
        115,
        162,
        53,
        153,
        190,
        176,
        142,
        163,
        49,
        158,
        184,
        42,
        195,
        185,
        59,
        164,
        73,
        113,
        167,
        132,
        65,
        144,
        198,
        130,
        177,
        93,
        179,
        175,
        26,
        70,
        160,
        11,
        97,
        31,
        166,
        174,
        58,
        135,
        75,
        98,
        7,
        28,
        94,
        200
      ],
      "score": 1666.0,
      "length": 7324.970425952434
    },
    {
      "route_index": 2,
      "nodes": [
        0,
        122,
        9,
        67,
        110,
        188,
        189,
        116,
        39,
        38,
        169,
        52,
        148,
        69,
        197,
        66,
        196,
        4,
        131,
        193,
        61,
        68,
        149,
        100,
        25,
        99,
        55,
        80,
        178,
        112,
        78,
        187,
        46,
        140,
        64,
        123,
        126,
        74,
        29,
        79,
        19,
        180,
        133,
        48,
        85,
        137,
        165,
        151,
        107,
        20,
        89,
        200
      ],
      "score": 1508.0,
      "length": 7309.327437231669
    }
  ],
  "dataset": "vansteenwegen",
  "instance_name": "kroB200_gen3_m2.txt",
  "run_seed": 47007,
  "run_index": 0
}