{
  "instance": {
    "num_nodes": 201,
    "team_size": 4,
    "max_route_distance": 3679.75,
    "start_depot": 0,
    "end_depot": 200
  },
  "objective": {
    "total_score": 3975.0
  },
  "performance": {
    "cpu_time_seconds": 0.9264766000014788,
    "iterations": 20,
    "iterations_to_convergence": 20,
    "last_improvement_iteration": 20,
    "stagnation_iterations": 0,
    "accepted_worse_moves": 7,
    "restarts_performed": 1,
    "num_lp_solves": null,
    "num_labels_generated": null
  },
  "routes": [
    {
      "route_index": 1,
      "nodes": [
        0,
        20,
        122,
        9,
        141,
        84,
        121,
        92,
        10,
        157,
        128,
        90,
        96,
        98,
        28,
        135,
        58,
        174,
        106,
        11,
        94,
        200
      ],
      "score": 1134.0,
      "length": 3677.9404132593877
    },
    {
      "route_index": 2,
      "nodes": [
        0,
        31,
        97,
        173,
        160,
        70,
        175,
        8,
        24,
        45,
        145,
        180,
        133,
        48,
        85,
        137,
        165,
        107,
        89,
        200
      ],
      "score": 1222.0,
      "length": 3572.8676967288725
    },
    {
      "route_index": 3,
      "nodes": [
        0,
        26,
        179,
        93,
        33,
        71,
        36,
        183,
        140,
        64,
        123,
        126,
        79,
        19,
        37,
        151,
        200
      ],
      "score": 785.0,
      "length": 3652.5867111403577
    },
    {
      "route_index": 4,
      "nodes": [
        0,
        2,
        72,
        52,
        169,
        148,
        69,
        197,
        38,
        39,
        193,
        116,
        189,
        188,
        110,
        67,
        200
      ],
      "score": 834.0,
      "length": 3674.9521560046164
    }
  ],
  "dataset": "vansteenwegen",
  "instance_name": "kroB200_gen2_m4.txt",
  "run_seed": 46007,
  "run_index": 0
}