{
  "instance": {
    "num_nodes": 201,
    "team_size": 2,
    "max_route_distance": 7359.5,
    "start_depot": 0,
    "end_depot": 200
  },
  "objective": {
    "total_score": 4944.0
  },
  "performance": {
    "cpu_time_seconds": 1.0174877999997989,
    "iterations": 20,
    "iterations_to_convergence": 18,
    "last_improvement_iteration": 18,
    "stagnation_iterations": 2,
    "accepted_worse_moves": 9,
    "restarts_performed": 1,
    "num_lp_solves": null,
    "num_labels_generated": null
  },
  "routes": [
    {
      "route_index": 1,
      "nodes": [
        0,
        173,
        11,
        160,
        70,
        106,
        174,
        58,
        75,
        96,
        7,
        2,
        141,
        188,
        39,
        116,
        193,
        66,
        196,
        4,
        131,
        61,
        25,
        99,
        55,
        80,
        178,
        112,
        78,
        187,
        64,
        123,
        126,
        74,
        29,
        180,
        133,
        67,
        9,
        122,
        20,
        200
      ],
      "score": 2148.0,
      "length": 7354.339201873791
    },
    {
      "route_index": 2,
      "nodes": [
        0,
        94,
        97,
        31,
        166,
        135,
        28,
        98,
        90,
        128,
        27,
        157,
        10,
        92,
        121,
        84,
        72,
        52,
        169,
        148,
        69,
        197,
        38,
        189,
        110,
        48,
        85,
        137,
        165,
        37,
        19,
        79,
        36,
        114,
        190,
        153,
        53,
        162,
        115,
        51,
        57,
        83,
        6,
        33,
        8,
        24,
        45,
        145,
        89,
        200
      ],
      "score": 2796.0,
      "length": 7312.022360310239
    }
  ],
  "dataset": "vansteenwegen",
  "instance_name": "kroB200_gen2_m2.txt",
  "run_seed": 45008,
  "run_index": 1
}