{
  "instance": {
    "num_nodes": 201,
    "team_size": 2,
    "max_route_distance": 7359.5,
    "start_depot": 0,
    "end_depot": 200
  },
  "objective": {
    "total_score": 5427.0
  },
  "performance": {
    "cpu_time_seconds": 1.4061337000002823,
    "iterations": 20,
    "iterations_to_convergence": 4,
    "last_improvement_iteration": 4,
    "stagnation_iterations": 16,
    "accepted_worse_moves": 9,
    "restarts_performed": 1,
    "num_lp_solves": null,
    "num_labels_generated": null
  },
  "routes": [
    {
      "route_index": 1,
      "nodes": [
        0,
        94,
        106,
        70,
        26,
        60,
        175,
        179,
        93,
        130,
        198,
        177,
        73,
        164,
        59,
        185,
        195,
        6,
        83,
        57,
        51,
        115,
        162,
        53,
        153,
        190,
        138,
        172,
        114,
        71,
        36,
        183,
        140,
        64,
        187,
        123,
        126,
        79,
        19,
        37,
        145,
        45,
        24,
        8,
        160,
        11,
        173,
        200
      ],
      "score": 2559.0,
      "length": 7356.290999341773
    },
    {
      "route_index": 2,
      "nodes": [
        0,
        89,
        20,
        107,
        165,
        137,
        180,
        29,
        74,
        133,
        48,
        85,
        67,
        9,
        141,
        188,
        110,
        189,
        116,
        193,
        131,
        4,
        196,
        66,
        38,
        197,
        69,
        148,
        169,
        52,
        72,
        84,
        121,
        92,
        10,
        2,
        157,
        27,
        128,
        90,
        96,
        75,
        98,
        7,
        28,
        135,
        58,
        174,
        166,
        31,
        97,
        200
      ],
      "score": 2868.0,
      "length": 7295.439657431583
    }
  ],
  "dataset": "vansteenwegen",
  "instance_name": "kroB200_gen2_m2.txt",
  "run_seed": 45007,
  "run_index": 0
}