{
  "instance": {
    "num_nodes": 201,
    "team_size": 4,
    "max_route_distance": 3679.75,
    "start_depot": 0,
    "end_depot": 200
  },
  "objective": {
    "total_score": 4122.0
  },
  "performance": {
    "cpu_time_seconds": 0.9825995999999577,
    "iterations": 20,
    "iterations_to_convergence": 15,
    "last_improvement_iteration": 15,
    "stagnation_iterations": 5,
    "accepted_worse_moves": 10,
    "restarts_performed": 1,
    "num_lp_solves": null,
    "num_labels_generated": null
  },
  "routes": [
    {
      "route_index": 1,
      "nodes": [
        0,
        145,
        33,
        57,
        83,
        6,
        56,
        177,
        198,
        130,
        93,
        179,
        175,
        26,
        70,
        160,
        11,
        173,
        200
      ],
      "score": 907.0,
      "length": 3518.4470880472477
    },
    {
      "route_index": 2,
      "nodes": [
        0,
        20,
        165,
        137,
        85,
        48,
        67,
        110,
        189,
        169,
        52,
        72,
        84,
        121,
        2,
        7,
        98,
        28,
        94,
        200
      ],
      "score": 1038.0,
      "length": 3666.070842408639
    },
    {
      "route_index": 3,
      "nodes": [
        0,
        89,
        107,
        151,
        37,
        19,
        79,
        180,
        133,
        29,
        74,
        126,
        123,
        78,
        187,
        64,
        140,
        183,
        36,
        71,
        24,
        8,
        45,
        200
      ],
      "score": 1133.0,
      "length": 3606.5681404704833
    },
    {
      "route_index": 4,
      "nodes": [
        0,
        97,
        106,
        31,
        166,
        174,
        58,
        135,
        75,
        96,
        90,
        128,
        27,
        157,
        10,
        92,
        141,
        9,
        122,
        200
      ],
      "score": 1044.0,
      "length": 3381.9243917908584
    }
  ],
  "dataset": "vansteenwegen",
  "instance_name": "kroB200_gen2_m4.txt",
  "run_seed": 46008,
  "run_index": 1
}