{
  "instance": {
    "num_nodes": 201,
    "team_size": 3,
    "max_route_distance": 4906.33,
    "start_depot": 0,
    "end_depot": 200
  },
  "objective": {
    "total_score": 2317.0
  },
  "performance": {
    "cpu_time_seconds": 1.2685641000007308,
    "iterations": 20,
    "iterations_to_convergence": 20,
    "last_improvement_iteration": 20,
    "stagnation_iterations": 0,
    "accepted_worse_moves": 12,
    "restarts_performed": 1,
    "num_lp_solves": null,
    "num_labels_generated": null
  },
  "routes": [
    {
      "route_index": 1,
      "nodes": [
        0,
        20,
        107,
        165,
        137,
        85,
        48,
        133,
        180,
        29,
        74,
        100,
        99,
        55,
        80,
        112,
        78,
        178,
        46,
        172,
        36,
        71,
        33,
        8,
        24,
        45,
        89,
        200
      ],
      "score": 709.0,
      "length": 4875.541188283128
    },
    {
      "route_index": 2,
      "nodes": [
        0,
        94,
        122,
        9,
        67,
        110,
        193,
        39,
        116,
        189,
        188,
        72,
        84,
        121,
        92,
        10,
        157,
        27,
        128,
        90,
        96,
        75,
        98,
        7,
        28,
        135,
        58,
        174,
        166,
        31,
        97,
        173,
        200
      ],
      "score": 632.0,
      "length": 4854.953913553351
    },
    {
      "route_index": 3,
      "nodes": [
        0,
        145,
        168,
        114,
        138,
        87,
        22,
        21,
        170,
        142,
        176,
        190,
        153,
        53,
        162,
        115,
        51,
        57,
        83,
        6,
        56,
        93,
        179,
        175,
        26,
        160,
        200
      ],
      "score": 976.0,
      "length": 4883.962419525495
    }
  ],
  "dataset": "vansteenwegen",
  "instance_name": "kroB200_gen3_m3.txt",
  "run_seed": 48008,
  "run_index": 1
}