{
  "instance": {
    "num_nodes": 201,
    "team_size": 2,
    "max_route_distance": 7359.5,
    "start_depot": 0,
    "end_depot": 200
  },
  "objective": {
    "total_score": 95.0
  },
  "performance": {
    "cpu_time_seconds": 1.1539408000007825,
    "iterations": 20,
    "iterations_to_convergence": 11,
    "last_improvement_iteration": 11,
    "stagnation_iterations": 9,
    "accepted_worse_moves": 7,
    "restarts_performed": 1,
    "num_lp_solves": null,
    "num_labels_generated": null
  },
  "routes": [
    {
      "route_index": 1,
      "nodes": [
        0,
        89,
        20,
        151,
        37,
        19,
        79,
        71,
        36,
        183,
        140,
        64,
        123,
        126,
        187,
        78,
        112,
        178,
        46,
        80,
        55,
        99,
        25,
        61,
        131,
        4,
        196,
        66,
        193,
        116,
        189,
        188,
        39,
        38,
        197,
        69,
        148,
        169,
        52,
        72,
        84,
        121,
        92,
        10,
        2,
        94,
        200
      ],
      "score": 45.0,
      "length": 7326.867389653918
    },
    {
      "route_index": 2,
      "nodes": [
        0,
        97,
        31,
        166,
        174,
        58,
        75,
        135,
        28,
        7,
        98,
        96,
        90,
        128,
        27,
        157,
        141,
        9,
        67,
        110,
        68,
        149,
        100,
        74,
        29,
        180,
        133,
        48,
        85,
        137,
        165,
        107,
        145,
        45,
        24,
        8,
        26,
        175,
        179,
        93,
        177,
        198,
        130,
        156,
        171,
        34,
        60,
        70,
        160,
        11,
        173,
        200
      ],
      "score": 50.0,
      "length": 7299.727725730756
    }
  ],
  "dataset": "vansteenwegen",
  "instance_name": "kroB200_gen1_m2.txt",
  "run_seed": 44007,
  "run_index": 0
}