{
  "instance": {
    "num_nodes": 201,
    "team_size": 2,
    "max_route_distance": 7359.5,
    "start_depot": 0,
    "end_depot": 200
  },
  "objective": {
    "total_score": 100.0
  },
  "performance": {
    "cpu_time_seconds": 1.3036209999991115,
    "iterations": 20,
    "iterations_to_convergence": 14,
    "last_improvement_iteration": 14,
    "stagnation_iterations": 6,
    "accepted_worse_moves": 7,
    "restarts_performed": 1,
    "num_lp_solves": null,
    "num_labels_generated": null
  },
  "routes": [
    {
      "route_index": 1,
      "nodes": [
        0,
        94,
        97,
        31,
        166,
        174,
        58,
        75,
        135,
        28,
        7,
        98,
        96,
        90,
        128,
        27,
        157,
        2,
        10,
        92,
        121,
        84,
        72,
        52,
        169,
        148,
        69,
        197,
        38,
        188,
        189,
        116,
        39,
        193,
        66,
        196,
        4,
        131,
        61,
        25,
        99,
        55,
        100,
        149,
        68,
        74,
        29,
        180,
        133,
        165,
        151,
        107,
        89,
        200
      ],
      "score": 52.0,
      "length": 7257.038883379307
    },
    {
      "route_index": 2,
      "nodes": [
        0,
        20,
        122,
        141,
        9,
        67,
        48,
        85,
        137,
        37,
        19,
        79,
        126,
        123,
        64,
        187,
        78,
        112,
        80,
        178,
        46,
        140,
        183,
        36,
        71,
        114,
        138,
        190,
        153,
        53,
        162,
        115,
        51,
        57,
        83,
        6,
        56,
        93,
        179,
        175,
        26,
        8,
        24,
        145,
        45,
        70,
        160,
        11,
        173,
        200
      ],
      "score": 48.0,
      "length": 7335.458323166235
    }
  ],
  "dataset": "vansteenwegen",
  "instance_name": "kroB200_gen1_m2.txt",
  "run_seed": 44008,
  "run_index": 1
}