{
  "instance": {
    "num_nodes": 201,
    "team_size": 3,
    "max_route_distance": 4906.33,
    "start_depot": 0,
    "end_depot": 200
  },
  "objective": {
    "total_score": 2364.0
  },
  "performance": {
    "cpu_time_seconds": 1.0374512999987928,
    "iterations": 20,
    "iterations_to_convergence": 14,
    "last_improvement_iteration": 14,
    "stagnation_iterations": 6,
    "accepted_worse_moves": 9,
    "restarts_performed": 1,
    "num_lp_solves": null,
    "num_labels_generated": null
  },
  "routes": [
    {
      "route_index": 1,
      "nodes": [
        0,
        20,
        165,
        137,
        85,
        48,
        133,
        180,
        29,
        74,
        100,
        149,
        68,
        193,
        39,
        38,
        197,
        69,
        148,
        169,
        52,
        72,
        84,
        121,
        92,
        10,
        157,
        27,
        128,
        90,
        96,
        7,
        97,
        200
      ],
      "score": 811.0,
      "length": 4905.433282092435
    },
    {
      "route_index": 2,
      "nodes": [
        0,
        122,
        9,
        67,
        110,
        188,
        189,
        116,
        66,
        196,
        4,
        131,
        61,
        25,
        99,
        55,
        80,
        178,
        112,
        78,
        187,
        64,
        123,
        126,
        79,
        19,
        37,
        151,
        107,
        89,
        200
      ],
      "score": 893.0,
      "length": 4784.275605483564
    },
    {
      "route_index": 3,
      "nodes": [
        0,
        94,
        28,
        98,
        75,
        135,
        58,
        174,
        166,
        31,
        106,
        60,
        34,
        171,
        156,
        130,
        198,
        177,
        73,
        164,
        59,
        56,
        93,
        179,
        175,
        26,
        70,
        160,
        11,
        173,
        200
      ],
      "score": 660.0,
      "length": 4828.899030184734
    }
  ],
  "dataset": "vansteenwegen",
  "instance_name": "kroB200_gen3_m3.txt",
  "run_seed": 48007,
  "run_index": 0
}