{
  "instance": {
    "num_nodes": 137,
    "team_size": 2,
    "max_route_distance": 24193.0,
    "start_depot": 0,
    "end_depot": 136
  },
  "objective": {
    "total_score": 3306.0
  },
  "performance": {
    "cpu_time_seconds": 0.441309399999227,
    "iterations": 20,
    "iterations_to_convergence": 20,
    "last_improvement_iteration": 20,
    "stagnation_iterations": 0,
    "accepted_worse_moves": 12,
    "restarts_performed": 1,
    "num_lp_solves": null,
    "num_labels_generated": null
  },
  "routes": [
    {
      "route_index": 1,
      "nodes": [
        0,
        27,
        26,
        15,
        19,
        31,
        36,
        60,
        75,
        70,
        82,
        86,
        99,
        104,
        109,
        128,
        108,
        105,
        98,
        85,
        83,
        71,
        64,
        62,
        63,
        52,
        50,
        37,
        30,
        18,
        16,
        136
      ],
      "score": 1819.0,
      "length": 23904.278054431867
    },
    {
      "route_index": 2,
      "nodes": [
        0,
        5,
        4,
        28,
        40,
        41,
        49,
        53,
        65,
        48,
        42,
        58,
        43,
        35,
        32,
        24,
        20,
        13,
        2,
        9,
        8,
        14,
        1,
        7,
        6,
        136
      ],
      "score": 1487.0,
      "length": 23929.39540261321
    }
  ],
  "dataset": "vansteenwegen",
  "instance_name": "pr136_gen2_m2.txt",
  "run_seed": 50008,
  "run_index": 1
}