{
  "instance": {
    "num_nodes": 137,
    "team_size": 2,
    "max_route_distance": 24193.0,
    "start_depot": 0,
    "end_depot": 136
  },
  "objective": {
    "total_score": 60.0
  },
  "performance": {
    "cpu_time_seconds": 0.4148349999995844,
    "iterations": 20,
    "iterations_to_convergence": 7,
    "last_improvement_iteration": 7,
    "stagnation_iterations": 13,
    "accepted_worse_moves": 8,
    "restarts_performed": 1,
    "num_lp_solves": null,
    "num_labels_generated": null
  },
  "routes": [
    {
      "route_index": 1,
      "nodes": [
        0,
        40,
        41,
        36,
        49,
        53,
        65,
        70,
        82,
        86,
        99,
        94,
        75,
        74,
        83,
        85,
        95,
        98,
        96,
        97,
        72,
        73,
        71,
        64,
        62,
        63,
        38,
        39,
        52,
        50,
        37,
        30,
        18,
        16,
        136
      ],
      "score": 33.0,
      "length": 24028.49794896683
    },
    {
      "route_index": 2,
      "nodes": [
        0,
        5,
        4,
        29,
        28,
        27,
        26,
        19,
        15,
        14,
        25,
        24,
        32,
        23,
        22,
        21,
        12,
        3,
        11,
        10,
        20,
        13,
        2,
        9,
        8,
        1,
        7,
        6,
        136
      ],
      "score": 27.0,
      "length": 24072.897268328223
    }
  ],
  "dataset": "vansteenwegen",
  "instance_name": "pr136_gen1_m2.txt",
  "run_seed": 49008,
  "run_index": 1
}