{
  "instance": {
    "num_nodes": 137,
    "team_size": 2,
    "max_route_distance": 24193.0,
    "start_depot": 0,
    "end_depot": 136
  },
  "objective": {
    "total_score": 62.0
  },
  "performance": {
    "cpu_time_seconds": 0.4400444000002608,
    "iterations": 20,
    "iterations_to_convergence": 8,
    "last_improvement_iteration": 8,
    "stagnation_iterations": 12,
    "accepted_worse_moves": 11,
    "restarts_performed": 1,
    "num_lp_solves": null,
    "num_labels_generated": null
  },
  "routes": [
    {
      "route_index": 1,
      "nodes": [
        0,
        5,
        4,
        17,
        29,
        28,
        39,
        38,
        63,
        62,
        73,
        72,
        97,
        96,
        95,
        94,
        75,
        74,
        60,
        61,
        40,
        41,
        31,
        19,
        15,
        1,
        7,
        6,
        136
      ],
      "score": 27.0,
      "length": 23963.92464392597
    },
    {
      "route_index": 2,
      "nodes": [
        0,
        27,
        26,
        36,
        49,
        53,
        65,
        70,
        82,
        86,
        99,
        104,
        116,
        120,
        134,
        128,
        109,
        108,
        129,
        135,
        130,
        119,
        117,
        107,
        105,
        98,
        85,
        83,
        71,
        64,
        52,
        50,
        37,
        30,
        18,
        16,
        136
      ],
      "score": 35.0,
      "length": 24117.19057819847
    }
  ],
  "dataset": "vansteenwegen",
  "instance_name": "pr136_gen1_m2.txt",
  "run_seed": 49007,
  "run_index": 0
}