{
  "instance": {
    "num_nodes": 265,
    "team_size": 4,
    "max_route_distance": 6142.0,
    "start_depot": 0,
    "end_depot": 264
  },
  "objective": {
    "total_score": 5023.0
  },
  "performance": {
    "cpu_time_seconds": 2.266968800000541,
    "iterations": 20,
    "iterations_to_convergence": 18,
    "last_improvement_iteration": 18,
    "stagnation_iterations": 2,
    "accepted_worse_moves": 8,
    "restarts_performed": 1,
    "num_lp_solves": null,
    "num_labels_generated": null
  },
  "routes": [
    {
      "route_index": 1,
      "nodes": [
        0,
        38,
        34,
        30,
        109,
        110,
        107,
        106,
        111,
        112,
        113,
        114,
        115,
        116,
        117,
        128,
        118,
        119,
        120,
        59,
        60,
        39,
        264
      ],
      "score": 990.0,
      "length": 5052.930121586983
    },
    {
      "route_index": 2,
      "nodes": [
        0,
        37,
        61,
        62,
        63,
        65,
        29,
        24,
        69,
        70,
        71,
        102,
        101,
        99,
        94,
        95,
        96,
        74,
        73,
        17,
        72,
        18,
        23,
        22,
        26,
        27,
        32,
        264
      ],
      "score": 1292.0,
      "length": 5932.081657756821
    },
    {
      "route_index": 3,
      "nodes": [
        0,
        40,
        41,
        58,
        48,
        56,
        57,
        121,
        122,
        123,
        124,
        125,
        126,
        54,
        53,
        52,
        55,
        49,
        50,
        51,
        46,
        47,
        45,
        44,
        43,
        42,
        264
      ],
      "score": 1327.0,
      "length": 6072.717252098692
    },
    {
      "route_index": 4,
      "nodes": [
        0,
        33,
        31,
        28,
        25,
        21,
        20,
        19,
        16,
        15,
        14,
        13,
        12,
        76,
        75,
        97,
        98,
        100,
        105,
        104,
        103,
        108,
        67,
        68,
        66,
        64,
        35,
        36,
        264
      ],
      "score": 1414.0,
      "length": 5975.65081079218
    }
  ],
  "dataset": "vansteenwegen",
  "instance_name": "pr264_gen2_m4.txt",
  "run_seed": 54008,
  "run_index": 1
}