{
  "instance": {
    "num_nodes": 265,
    "team_size": 3,
    "max_route_distance": 8189.33,
    "start_depot": 0,
    "end_depot": 264
  },
  "objective": {
    "total_score": 2618.0
  },
  "performance": {
    "cpu_time_seconds": 3.181722700001046,
    "iterations": 20,
    "iterations_to_convergence": 20,
    "last_improvement_iteration": 20,
    "stagnation_iterations": 0,
    "accepted_worse_moves": 7,
    "restarts_performed": 1,
    "num_lp_solves": null,
    "num_labels_generated": null
  },
  "routes": [
    {
      "route_index": 1,
      "nodes": [
        0,
        37,
        35,
        30,
        64,
        63,
        109,
        66,
        65,
        29,
        24,
        68,
        67,
        70,
        69,
        18,
        16,
        13,
        73,
        74,
        75,
        96,
        95,
        94,
        99,
        98,
        97,
        71,
        102,
        101,
        100,
        105,
        104,
        103,
        108,
        107,
        106,
        111,
        110,
        114,
        113,
        112,
        117,
        116,
        115,
        62,
        61,
        36,
        264
      ],
      "score": 881.0,
      "length": 8188.6353025839535
    },
    {
      "route_index": 2,
      "nodes": [
        0,
        39,
        60,
        59,
        120,
        119,
        118,
        58,
        56,
        57,
        121,
        122,
        123,
        124,
        127,
        125,
        126,
        54,
        53,
        52,
        55,
        49,
        50,
        51,
        46,
        47,
        48,
        45,
        44,
        43,
        42,
        41,
        40,
        264
      ],
      "score": 641.0,
      "length": 7659.151808691611
    },
    {
      "route_index": 3,
      "nodes": [
        0,
        38,
        34,
        31,
        28,
        25,
        23,
        72,
        17,
        12,
        76,
        78,
        77,
        80,
        79,
        90,
        89,
        88,
        87,
        86,
        85,
        82,
        81,
        5,
        4,
        3,
        8,
        7,
        6,
        11,
        10,
        9,
        14,
        15,
        20,
        19,
        22,
        26,
        27,
        32,
        33,
        264
      ],
      "score": 1096.0,
      "length": 8129.249646880829
    }
  ],
  "dataset": "vansteenwegen",
  "instance_name": "pr264_gen3_m3.txt",
  "run_seed": 55007,
  "run_index": 0
}