{
  "instance": {
    "num_nodes": 265,
    "team_size": 3,
    "max_route_distance": 8189.33,
    "start_depot": 0,
    "end_depot": 264
  },
  "objective": {
    "total_score": 5717.0
  },
  "performance": {
    "cpu_time_seconds": 2.640478200000871,
    "iterations": 20,
    "iterations_to_convergence": 3,
    "last_improvement_iteration": 3,
    "stagnation_iterations": 17,
    "accepted_worse_moves": 9,
    "restarts_performed": 1,
    "num_lp_solves": null,
    "num_labels_generated": null
  },
  "routes": [
    {
      "route_index": 1,
      "nodes": [
        0,
        38,
        34,
        35,
        61,
        62,
        114,
        63,
        64,
        30,
        31,
        28,
        29,
        65,
        68,
        24,
        25,
        22,
        23,
        69,
        18,
        73,
        74,
        97,
        98,
        99,
        71,
        102,
        101,
        100,
        105,
        104,
        108,
        67,
        66,
        109,
        110,
        111,
        113,
        117,
        118,
        119,
        120,
        59,
        60,
        36,
        37,
        39,
        40,
        264
      ],
      "score": 2416.0,
      "length": 8016.057855812872
    },
    {
      "route_index": 2,
      "nodes": [
        0,
        115,
        116,
        112,
        106,
        107,
        103,
        70,
        72,
        17,
        12,
        76,
        75,
        96,
        95,
        94,
        92,
        89,
        86,
        85,
        82,
        79,
        80,
        77,
        11,
        10,
        9,
        14,
        13,
        16,
        19,
        20,
        21,
        26,
        27,
        32,
        33,
        264
      ],
      "score": 2007.0,
      "length": 8152.701284004151
    },
    {
      "route_index": 3,
      "nodes": [
        0,
        41,
        58,
        56,
        57,
        121,
        122,
        123,
        124,
        127,
        125,
        126,
        53,
        52,
        54,
        55,
        49,
        50,
        51,
        46,
        47,
        48,
        45,
        44,
        43,
        42,
        264
      ],
      "score": 1294.0,
      "length": 6556.548056495911
    }
  ],
  "dataset": "vansteenwegen",
  "instance_name": "pr264_gen2_m3.txt",
  "run_seed": 53007,
  "run_index": 0
}