{
  "instance": {
    "num_nodes": 265,
    "team_size": 3,
    "max_route_distance": 8189.33,
    "start_depot": 0,
    "end_depot": 264
  },
  "objective": {
    "total_score": 2430.0
  },
  "performance": {
    "cpu_time_seconds": 3.042953399999533,
    "iterations": 20,
    "iterations_to_convergence": 8,
    "last_improvement_iteration": 8,
    "stagnation_iterations": 12,
    "accepted_worse_moves": 3,
    "restarts_performed": 1,
    "num_lp_solves": null,
    "num_labels_generated": null
  },
  "routes": [
    {
      "route_index": 1,
      "nodes": [
        0,
        37,
        35,
        64,
        30,
        31,
        29,
        28,
        27,
        26,
        24,
        70,
        69,
        23,
        18,
        72,
        74,
        97,
        96,
        95,
        94,
        99,
        98,
        102,
        101,
        100,
        105,
        104,
        107,
        106,
        111,
        110,
        109,
        114,
        113,
        112,
        117,
        116,
        115,
        118,
        119,
        120,
        59,
        39,
        264
      ],
      "score": 746.0,
      "length": 7770.183244456528
    },
    {
      "route_index": 2,
      "nodes": [
        0,
        40,
        41,
        42,
        43,
        44,
        45,
        47,
        46,
        51,
        50,
        49,
        55,
        52,
        53,
        54,
        126,
        125,
        127,
        124,
        123,
        122,
        121,
        57,
        56,
        48,
        58,
        60,
        62,
        61,
        34,
        38,
        264
      ],
      "score": 632.0,
      "length": 7977.210141650479
    },
    {
      "route_index": 3,
      "nodes": [
        0,
        33,
        32,
        25,
        22,
        21,
        20,
        19,
        16,
        15,
        14,
        13,
        11,
        10,
        9,
        8,
        7,
        6,
        80,
        79,
        90,
        89,
        88,
        93,
        92,
        91,
        78,
        77,
        75,
        76,
        12,
        17,
        73,
        71,
        103,
        108,
        67,
        68,
        65,
        66,
        63,
        36,
        264
      ],
      "score": 1052.0,
      "length": 8153.248849614973
    }
  ],
  "dataset": "vansteenwegen",
  "instance_name": "pr264_gen3_m3.txt",
  "run_seed": 55008,
  "run_index": 1
}