{
  "instance": {
    "num_nodes": 265,
    "team_size": 4,
    "max_route_distance": 6142.0,
    "start_depot": 0,
    "end_depot": 264
  },
  "objective": {
    "total_score": 96.0
  },
  "performance": {
    "cpu_time_seconds": 2.109921299999769,
    "iterations": 20,
    "iterations_to_convergence": 8,
    "last_improvement_iteration": 8,
    "stagnation_iterations": 12,
    "accepted_worse_moves": 6,
    "restarts_performed": 1,
    "num_lp_solves": null,
    "num_labels_generated": null
  },
  "routes": [
    {
      "route_index": 1,
      "nodes": [
        0,
        39,
        36,
        60,
        59,
        62,
        115,
        116,
        114,
        63,
        64,
        29,
        68,
        69,
        70,
        103,
        102,
        71,
        74,
        73,
        72,
        18,
        19,
        20,
        22,
        23,
        24,
        25,
        28,
        32,
        33,
        264
      ],
      "score": 30.0,
      "length": 5972.107305859834
    },
    {
      "route_index": 2,
      "nodes": [
        0,
        35,
        30,
        65,
        66,
        67,
        108,
        110,
        111,
        113,
        112,
        117,
        118,
        119,
        120,
        42,
        41,
        40,
        264
      ],
      "score": 17.0,
      "length": 5517.137414327233
    },
    {
      "route_index": 3,
      "nodes": [
        0,
        37,
        61,
        109,
        107,
        106,
        104,
        105,
        100,
        101,
        97,
        98,
        99,
        94,
        95,
        96,
        75,
        76,
        12,
        17,
        16,
        15,
        21,
        26,
        27,
        31,
        34,
        38,
        264
      ],
      "score": 27.0,
      "length": 6064.3723636404175
    },
    {
      "route_index": 4,
      "nodes": [
        0,
        58,
        56,
        57,
        121,
        122,
        123,
        124,
        125,
        126,
        54,
        53,
        52,
        55,
        49,
        50,
        51,
        46,
        47,
        48,
        45,
        44,
        43,
        264
      ],
      "score": 22.0,
      "length": 6040.806255662828
    }
  ],
  "dataset": "vansteenwegen",
  "instance_name": "pr264_gen1_m4.txt",
  "run_seed": 51007,
  "run_index": 0
}