{
  "instance": {
    "num_nodes": 265,
    "team_size": 3,
    "max_route_distance": 8189.33,
    "start_depot": 0,
    "end_depot": 264
  },
  "objective": {
    "total_score": 6107.0
  },
  "performance": {
    "cpu_time_seconds": 2.5684022000004916,
    "iterations": 20,
    "iterations_to_convergence": 14,
    "last_improvement_iteration": 14,
    "stagnation_iterations": 6,
    "accepted_worse_moves": 9,
    "restarts_performed": 1,
    "num_lp_solves": null,
    "num_labels_generated": null
  },
  "routes": [
    {
      "route_index": 1,
      "nodes": [
        0,
        38,
        35,
        61,
        62,
        64,
        63,
        114,
        117,
        118,
        119,
        58,
        57,
        121,
        122,
        123,
        124,
        125,
        126,
        54,
        53,
        52,
        55,
        49,
        50,
        51,
        46,
        47,
        48,
        45,
        44,
        43,
        42,
        41,
        40,
        264
      ],
      "score": 1897.0,
      "length": 8147.533619493425
    },
    {
      "route_index": 2,
      "nodes": [
        0,
        34,
        31,
        29,
        65,
        66,
        109,
        108,
        67,
        68,
        24,
        25,
        23,
        69,
        70,
        103,
        102,
        71,
        72,
        18,
        16,
        13,
        12,
        73,
        74,
        97,
        96,
        95,
        94,
        99,
        98,
        101,
        100,
        105,
        104,
        107,
        106,
        111,
        110,
        112,
        113,
        116,
        115,
        120,
        59,
        60,
        36,
        39,
        264
      ],
      "score": 2240.0,
      "length": 8081.528521397406
    },
    {
      "route_index": 3,
      "nodes": [
        0,
        33,
        32,
        27,
        26,
        21,
        20,
        15,
        14,
        9,
        10,
        11,
        80,
        6,
        4,
        5,
        81,
        82,
        85,
        84,
        86,
        87,
        89,
        88,
        93,
        92,
        91,
        78,
        77,
        75,
        76,
        17,
        19,
        22,
        28,
        30,
        37,
        264
      ],
      "score": 1970.0,
      "length": 8123.313523536485
    }
  ],
  "dataset": "vansteenwegen",
  "instance_name": "pr264_gen2_m3.txt",
  "run_seed": 53008,
  "run_index": 1
}