{
  "instance": {
    "num_nodes": 265,
    "team_size": 4,
    "max_route_distance": 6142.0,
    "start_depot": 0,
    "end_depot": 264
  },
  "objective": {
    "total_score": 5217.0
  },
  "performance": {
    "cpu_time_seconds": 2.1778945999994903,
    "iterations": 20,
    "iterations_to_convergence": 10,
    "last_improvement_iteration": 10,
    "stagnation_iterations": 10,
    "accepted_worse_moves": 5,
    "restarts_performed": 1,
    "num_lp_solves": null,
    "num_labels_generated": null
  },
  "routes": [
    {
      "route_index": 1,
      "nodes": [
        0,
        36,
        60,
        61,
        64,
        66,
        67,
        70,
        71,
        73,
        78,
        77,
        11,
        10,
        9,
        14,
        13,
        16,
        19,
        23,
        24,
        65,
        30,
        35,
        264
      ],
      "score": 1317.0,
      "length": 6100.883306871616
    },
    {
      "route_index": 2,
      "nodes": [
        0,
        40,
        41,
        58,
        56,
        57,
        121,
        122,
        123,
        124,
        125,
        126,
        54,
        53,
        52,
        55,
        49,
        50,
        51,
        46,
        47,
        48,
        45,
        44,
        43,
        42,
        264
      ],
      "score": 1327.0,
      "length": 6051.813044357188
    },
    {
      "route_index": 3,
      "nodes": [
        0,
        39,
        59,
        120,
        119,
        118,
        117,
        116,
        115,
        62,
        63,
        112,
        110,
        111,
        106,
        107,
        105,
        100,
        102,
        72,
        18,
        69,
        21,
        26,
        28,
        29,
        31,
        34,
        38,
        264
      ],
      "score": 1347.0,
      "length": 6028.352425584148
    },
    {
      "route_index": 4,
      "nodes": [
        0,
        33,
        32,
        27,
        25,
        22,
        20,
        15,
        17,
        12,
        76,
        75,
        96,
        95,
        94,
        99,
        98,
        97,
        74,
        101,
        104,
        103,
        108,
        109,
        113,
        114,
        37,
        264
      ],
      "score": 1226.0,
      "length": 6133.1402933827
    }
  ],
  "dataset": "vansteenwegen",
  "instance_name": "pr264_gen2_m4.txt",
  "run_seed": 54007,
  "run_index": 0
}