{
  "instance": {
    "num_nodes": 265,
    "team_size": 4,
    "max_route_distance": 6142.0,
    "start_depot": 0,
    "end_depot": 264
  },
  "objective": {
    "total_score": 99.0
  },
  "performance": {
    "cpu_time_seconds": 2.4300302999999985,
    "iterations": 20,
    "iterations_to_convergence": 3,
    "last_improvement_iteration": 3,
    "stagnation_iterations": 17,
    "accepted_worse_moves": 8,
    "restarts_performed": 1,
    "num_lp_solves": null,
    "num_labels_generated": null
  },
  "routes": [
    {
      "route_index": 1,
      "nodes": [
        0,
        39,
        36,
        60,
        59,
        120,
        119,
        118,
        128,
        117,
        116,
        115,
        62,
        61,
        30,
        64,
        63,
        110,
        111,
        106,
        107,
        108,
        66,
        65,
        24,
        25,
        26,
        27,
        32,
        33,
        37,
        264
      ],
      "score": 30.0,
      "length": 6117.053196285442
    },
    {
      "route_index": 2,
      "nodes": [
        0,
        38,
        34,
        31,
        28,
        21,
        23,
        18,
        16,
        17,
        73,
        94,
        99,
        71,
        102,
        101,
        100,
        105,
        104,
        103,
        70,
        29,
        35,
        264
      ],
      "score": 22.0,
      "length": 6139.399787585066
    },
    {
      "route_index": 3,
      "nodes": [
        0,
        42,
        43,
        44,
        45,
        48,
        47,
        46,
        51,
        50,
        49,
        52,
        53,
        55,
        54,
        126,
        125,
        124,
        123,
        122,
        121,
        57,
        56,
        58,
        41,
        40,
        264
      ],
      "score": 25.0,
      "length": 6112.368171903588
    },
    {
      "route_index": 4,
      "nodes": [
        0,
        114,
        113,
        112,
        109,
        67,
        68,
        69,
        72,
        74,
        97,
        98,
        95,
        96,
        75,
        76,
        12,
        13,
        14,
        15,
        20,
        19,
        22,
        264
      ],
      "score": 22.0,
      "length": 6112.841240972925
    }
  ],
  "dataset": "vansteenwegen",
  "instance_name": "pr264_gen1_m4.txt",
  "run_seed": 51008,
  "run_index": 1
}