{
  "instance": {
    "num_nodes": 300,
    "team_size": 2,
    "max_route_distance": 12048.0,
    "start_depot": 0,
    "end_depot": 299
  },
  "objective": {
    "total_score": 129.0
  },
  "performance": {
    "cpu_time_seconds": 3.0046480000000884,
    "iterations": 20,
    "iterations_to_convergence": 18,
    "last_improvement_iteration": 18,
    "stagnation_iterations": 2,
    "accepted_worse_moves": 5,
    "restarts_performed": 1,
    "num_lp_solves": null,
    "num_labels_generated": null
  },
  "routes": [
    {
      "route_index": 1,
      "nodes": [
        0,
        146,
        147,
        151,
        152,
        153,
        154,
        155,
        156,
        158,
        209,
        210,
        159,
        160,
        139,
        138,
        96,
        95,
        94,
        97,
        100,
        99,
        98,
        83,
        82,
        19,
        80,
        81,
        78,
        79,
        75,
        77,
        76,
        74,
        71,
        72,
        73,
        28,
        27,
        26,
        25,
        24,
        23,
        22,
        20,
        17,
        18,
        16,
        14,
        15,
        84,
        85,
        93,
        90,
        88,
        89,
        87,
        13,
        12,
        11,
        10,
        9,
        8,
        7,
        6,
        4,
        5,
        1,
        2,
        3,
        299
      ],
      "score": 69.0,
      "length": 11978.101745975533
    },
    {
      "route_index": 2,
      "nodes": [
        0,
        148,
        149,
        150,
        297,
        295,
        296,
        293,
        294,
        292,
        291,
        289,
        290,
        288,
        287,
        286,
        216,
        215,
        217,
        220,
        218,
        285,
        284,
        283,
        279,
        282,
        281,
        280,
        277,
        278,
        274,
        275,
        276,
        231,
        232,
        229,
        198,
        199,
        227,
        202,
        228,
        298,
        226,
        225,
        222,
        203,
        204,
        205,
        206,
        223,
        207,
        219,
        208,
        221,
        211,
        212,
        157,
        142,
        143,
        145,
        144,
        299
      ],
      "score": 60.0,
      "length": 12036.537115762672
    }
  ],
  "dataset": "vansteenwegen",
  "instance_name": "pr299_gen1_m2.txt",
  "run_seed": 56008,
  "run_index": 1
}