{
  "instance": {
    "num_nodes": 300,
    "team_size": 4,
    "max_route_distance": 6024.0,
    "start_depot": 0,
    "end_depot": 299
  },
  "objective": {
    "total_score": 2076.0
  },
  "performance": {
    "cpu_time_seconds": 1.8220695999989402,
    "iterations": 20,
    "iterations_to_convergence": 20,
    "last_improvement_iteration": 20,
    "stagnation_iterations": 0,
    "accepted_worse_moves": 7,
    "restarts_performed": 1,
    "num_lp_solves": null,
    "num_labels_generated": null
  },
  "routes": [
    {
      "route_index": 1,
      "nodes": [
        0,
        6,
        87,
        89,
        90,
        93,
        85,
        84,
        15,
        16,
        18,
        17,
        19,
        21,
        22,
        20,
        14,
        12,
        11,
        10,
        9,
        8,
        7,
        4,
        5,
        1,
        2,
        3,
        299
      ],
      "score": 632.0,
      "length": 6009.127802298319
    },
    {
      "route_index": 2,
      "nodes": [
        0,
        148,
        149,
        150,
        151,
        297,
        295,
        296,
        293,
        294,
        292,
        291,
        289,
        213,
        155,
        154,
        153,
        152,
        147,
        146,
        299
      ],
      "score": 441.0,
      "length": 5989.974887258882
    },
    {
      "route_index": 3,
      "nodes": [
        0,
        92,
        142,
        158,
        159,
        210,
        209,
        207,
        206,
        203,
        222,
        223,
        219,
        221,
        157,
        299
      ],
      "score": 483.0,
      "length": 6012.798324375481
    },
    {
      "route_index": 4,
      "nodes": [
        0,
        13,
        86,
        82,
        83,
        80,
        78,
        81,
        101,
        100,
        99,
        98,
        97,
        94,
        95,
        88,
        91,
        299
      ],
      "score": 520.0,
      "length": 5979.44279610908
    }
  ],
  "dataset": "vansteenwegen",
  "instance_name": "pr299_gen3_m4.txt",
  "run_seed": 63007,
  "run_index": 0
}