{
  "instance": {
    "num_nodes": 300,
    "team_size": 4,
    "max_route_distance": 6024.0,
    "start_depot": 0,
    "end_depot": 299
  },
  "objective": {
    "total_score": 81.0
  },
  "performance": {
    "cpu_time_seconds": 1.8074644999996963,
    "iterations": 20,
    "iterations_to_convergence": 10,
    "last_improvement_iteration": 10,
    "stagnation_iterations": 10,
    "accepted_worse_moves": 5,
    "restarts_performed": 1,
    "num_lp_solves": null,
    "num_labels_generated": null
  },
  "routes": [
    {
      "route_index": 1,
      "nodes": [
        0,
        3,
        91,
        9,
        10,
        11,
        13,
        87,
        90,
        93,
        94,
        97,
        98,
        95,
        96,
        138,
        139,
        160,
        140,
        141,
        142,
        92,
        299
      ],
      "score": 21.0,
      "length": 5984.02190420768
    },
    {
      "route_index": 2,
      "nodes": [
        0,
        148,
        149,
        150,
        297,
        295,
        296,
        293,
        294,
        292,
        291,
        289,
        214,
        213,
        155,
        154,
        153,
        152,
        151,
        147,
        146,
        299
      ],
      "score": 20.0,
      "length": 6018.452562403304
    },
    {
      "route_index": 3,
      "nodes": [
        0,
        6,
        88,
        89,
        85,
        84,
        86,
        82,
        83,
        80,
        81,
        78,
        21,
        19,
        17,
        18,
        16,
        15,
        14,
        12,
        8,
        7,
        4,
        5,
        1,
        2,
        299
      ],
      "score": 25.0,
      "length": 5980.299726722297
    },
    {
      "route_index": 4,
      "nodes": [
        0,
        144,
        145,
        156,
        212,
        211,
        221,
        208,
        219,
        207,
        209,
        210,
        159,
        158,
        157,
        143,
        299
      ],
      "score": 15.0,
      "length": 5926.083698153857
    }
  ],
  "dataset": "vansteenwegen",
  "instance_name": "pr299_gen1_m4.txt",
  "run_seed": 58007,
  "run_index": 0
}