{
  "instance": {
    "num_nodes": 300,
    "team_size": 4,
    "max_route_distance": 6024.0,
    "start_depot": 0,
    "end_depot": 299
  },
  "objective": {
    "total_score": 76.0
  },
  "performance": {
    "cpu_time_seconds": 1.8413225999993301,
    "iterations": 20,
    "iterations_to_convergence": 14,
    "last_improvement_iteration": 14,
    "stagnation_iterations": 6,
    "accepted_worse_moves": 7,
    "restarts_performed": 1,
    "num_lp_solves": null,
    "num_labels_generated": null
  },
  "routes": [
    {
      "route_index": 1,
      "nodes": [
        0,
        91,
        88,
        90,
        89,
        85,
        93,
        140,
        141,
        156,
        155,
        143,
        145,
        144,
        147,
        146,
        148,
        299
      ],
      "score": 16.0,
      "length": 6003.566065028738
    },
    {
      "route_index": 2,
      "nodes": [
        0,
        6,
        13,
        15,
        18,
        19,
        80,
        81,
        78,
        21,
        23,
        22,
        20,
        17,
        16,
        14,
        12,
        11,
        10,
        9,
        8,
        7,
        4,
        5,
        1,
        2,
        3,
        299
      ],
      "score": 26.0,
      "length": 5958.8496581461195
    },
    {
      "route_index": 3,
      "nodes": [
        0,
        149,
        150,
        297,
        295,
        296,
        293,
        294,
        292,
        291,
        289,
        290,
        214,
        213,
        154,
        153,
        152,
        151,
        299
      ],
      "score": 17.0,
      "length": 6017.154833307345
    },
    {
      "route_index": 4,
      "nodes": [
        0,
        92,
        142,
        157,
        158,
        160,
        139,
        138,
        96,
        95,
        94,
        97,
        98,
        83,
        82,
        86,
        84,
        87,
        299
      ],
      "score": 17.0,
      "length": 5896.363997673421
    }
  ],
  "dataset": "vansteenwegen",
  "instance_name": "pr299_gen1_m4.txt",
  "run_seed": 58008,
  "run_index": 1
}