{
  "instance": {
    "num_nodes": 300,
    "team_size": 2,
    "max_route_distance": 12048.0,
    "start_depot": 0,
    "end_depot": 299
  },
  "objective": {
    "total_score": 4230.0
  },
  "performance": {
    "cpu_time_seconds": 3.214663400000063,
    "iterations": 20,
    "iterations_to_convergence": 20,
    "last_improvement_iteration": 20,
    "stagnation_iterations": 0,
    "accepted_worse_moves": 8,
    "restarts_performed": 1,
    "num_lp_solves": null,
    "num_labels_generated": null
  },
  "routes": [
    {
      "route_index": 1,
      "nodes": [
        0,
        3,
        2,
        1,
        5,
        4,
        91,
        7,
        8,
        9,
        10,
        11,
        13,
        87,
        89,
        90,
        85,
        84,
        15,
        16,
        18,
        17,
        19,
        78,
        81,
        79,
        74,
        76,
        77,
        102,
        131,
        128,
        103,
        129,
        130,
        164,
        165,
        200,
        198,
        199,
        227,
        228,
        202,
        201,
        163,
        162,
        136,
        137,
        135,
        134,
        132,
        101,
        99,
        98,
        97,
        94,
        95,
        96,
        138,
        139,
        160,
        159,
        158,
        141,
        142,
        143,
        92,
        299
      ],
      "score": 2231.0,
      "length": 12027.777593694282
    },
    {
      "route_index": 2,
      "nodes": [
        0,
        147,
        146,
        148,
        149,
        150,
        151,
        152,
        153,
        154,
        155,
        213,
        156,
        157,
        212,
        216,
        215,
        217,
        211,
        221,
        220,
        219,
        208,
        209,
        207,
        223,
        206,
        203,
        222,
        225,
        226,
        224,
        218,
        285,
        284,
        283,
        279,
        282,
        281,
        280,
        277,
        278,
        274,
        275,
        276,
        231,
        232,
        229,
        230,
        298,
        204,
        205,
        210,
        140,
        6,
        299
      ],
      "score": 1999.0,
      "length": 12004.54935116793
    }
  ],
  "dataset": "vansteenwegen",
  "instance_name": "pr299_gen3_m2.txt",
  "run_seed": 61008,
  "run_index": 1
}