{
  "instance": {
    "num_nodes": 300,
    "team_size": 3,
    "max_route_distance": 8032.0,
    "start_depot": 0,
    "end_depot": 299
  },
  "objective": {
    "total_score": 2798.0
  },
  "performance": {
    "cpu_time_seconds": 2.2466088000001037,
    "iterations": 20,
    "iterations_to_convergence": 18,
    "last_improvement_iteration": 18,
    "stagnation_iterations": 2,
    "accepted_worse_moves": 5,
    "restarts_performed": 1,
    "num_lp_solves": null,
    "num_labels_generated": null
  },
  "routes": [
    {
      "route_index": 1,
      "nodes": [
        0,
        3,
        2,
        1,
        5,
        4,
        7,
        8,
        9,
        10,
        11,
        12,
        15,
        16,
        18,
        19,
        17,
        20,
        22,
        23,
        24,
        25,
        21,
        78,
        80,
        98,
        97,
        94,
        93,
        90,
        88,
        143,
        145,
        144,
        152,
        151,
        150,
        149,
        148,
        299
      ],
      "score": 929.0,
      "length": 7995.136222666359
    },
    {
      "route_index": 2,
      "nodes": [
        0,
        92,
        142,
        157,
        212,
        216,
        215,
        217,
        211,
        221,
        220,
        219,
        223,
        222,
        225,
        226,
        298,
        205,
        204,
        203,
        206,
        207,
        209,
        210,
        159,
        160,
        139,
        95,
        85,
        89,
        87,
        91,
        299
      ],
      "score": 1073.0,
      "length": 8026.92651867715
    },
    {
      "route_index": 3,
      "nodes": [
        0,
        146,
        147,
        153,
        154,
        155,
        156,
        141,
        140,
        138,
        96,
        100,
        99,
        101,
        75,
        77,
        76,
        71,
        74,
        79,
        81,
        83,
        82,
        86,
        84,
        13,
        6,
        299
      ],
      "score": 796.0,
      "length": 7919.563616739639
    }
  ],
  "dataset": "vansteenwegen",
  "instance_name": "pr299_gen3_m3.txt",
  "run_seed": 62008,
  "run_index": 1
}