{
  "instance": {
    "num_nodes": 300,
    "team_size": 3,
    "max_route_distance": 8032.0,
    "start_depot": 0,
    "end_depot": 299
  },
  "objective": {
    "total_score": 2975.0
  },
  "performance": {
    "cpu_time_seconds": 2.145195799999783,
    "iterations": 20,
    "iterations_to_convergence": 19,
    "last_improvement_iteration": 19,
    "stagnation_iterations": 1,
    "accepted_worse_moves": 4,
    "restarts_performed": 1,
    "num_lp_solves": null,
    "num_labels_generated": null
  },
  "routes": [
    {
      "route_index": 1,
      "nodes": [
        0,
        3,
        2,
        1,
        5,
        4,
        6,
        7,
        8,
        9,
        10,
        11,
        12,
        13,
        87,
        89,
        88,
        90,
        85,
        93,
        86,
        82,
        83,
        80,
        81,
        78,
        79,
        74,
        76,
        77,
        75,
        101,
        100,
        99,
        98,
        97,
        94,
        95,
        96,
        138,
        139,
        160,
        140,
        141,
        91,
        299
      ],
      "score": 1207.0,
      "length": 8025.223025301845
    },
    {
      "route_index": 2,
      "nodes": [
        0,
        143,
        156,
        212,
        211,
        221,
        206,
        204,
        203,
        219,
        220,
        217,
        215,
        216,
        287,
        288,
        290,
        289,
        291,
        292,
        294,
        293,
        296,
        295,
        297,
        150,
        149,
        148,
        299
      ],
      "score": 861.0,
      "length": 7976.19682922094
    },
    {
      "route_index": 3,
      "nodes": [
        0,
        147,
        152,
        153,
        154,
        155,
        213,
        286,
        285,
        284,
        283,
        279,
        282,
        280,
        281,
        224,
        226,
        225,
        222,
        223,
        207,
        209,
        208,
        158,
        157,
        142,
        92,
        299
      ],
      "score": 907.0,
      "length": 8026.913294128014
    }
  ],
  "dataset": "vansteenwegen",
  "instance_name": "pr299_gen3_m3.txt",
  "run_seed": 62007,
  "run_index": 0
}