{
  "instance": {
    "num_nodes": 300,
    "team_size": 2,
    "max_route_distance": 12048.0,
    "start_depot": 0,
    "end_depot": 299
  },
  "objective": {
    "total_score": 120.0
  },
  "performance": {
    "cpu_time_seconds": 2.771991800000251,
    "iterations": 20,
    "iterations_to_convergence": 15,
    "last_improvement_iteration": 15,
    "stagnation_iterations": 5,
    "accepted_worse_moves": 4,
    "restarts_performed": 1,
    "num_lp_solves": null,
    "num_labels_generated": null
  },
  "routes": [
    {
      "route_index": 1,
      "nodes": [
        0,
        146,
        147,
        151,
        152,
        153,
        154,
        155,
        156,
        157,
        158,
        212,
        216,
        215,
        217,
        211,
        221,
        208,
        207,
        206,
        203,
        204,
        205,
        159,
        160,
        139,
        138,
        96,
        95,
        94,
        97,
        98,
        80,
        78,
        74,
        71,
        72,
        73,
        28,
        27,
        26,
        25,
        24,
        23,
        22,
        20,
        17,
        19,
        18,
        16,
        14,
        15,
        84,
        85,
        90,
        88,
        89,
        87,
        13,
        12,
        11,
        10,
        9,
        8,
        7,
        6,
        4,
        5,
        1,
        2,
        3,
        299
      ],
      "score": 70.0,
      "length": 12028.808508068763
    },
    {
      "route_index": 2,
      "nodes": [
        0,
        144,
        145,
        143,
        142,
        141,
        140,
        93,
        86,
        82,
        83,
        81,
        79,
        76,
        77,
        75,
        101,
        99,
        100,
        210,
        209,
        220,
        219,
        223,
        222,
        225,
        226,
        224,
        282,
        281,
        280,
        279,
        283,
        284,
        285,
        218,
        286,
        287,
        288,
        290,
        289,
        291,
        292,
        294,
        293,
        296,
        295,
        297,
        150,
        149,
        148,
        299
      ],
      "score": 50.0,
      "length": 12035.02111560636
    }
  ],
  "dataset": "vansteenwegen",
  "instance_name": "pr299_gen1_m2.txt",
  "run_seed": 56007,
  "run_index": 0
}