{
  "instance": {
    "num_nodes": 300,
    "team_size": 3,
    "max_route_distance": 8032.0,
    "start_depot": 0,
    "end_depot": 299
  },
  "objective": {
    "total_score": 91.0
  },
  "performance": {
    "cpu_time_seconds": 2.143349699999817,
    "iterations": 20,
    "iterations_to_convergence": 13,
    "last_improvement_iteration": 13,
    "stagnation_iterations": 7,
    "accepted_worse_moves": 5,
    "restarts_performed": 1,
    "num_lp_solves": null,
    "num_labels_generated": null
  },
  "routes": [
    {
      "route_index": 1,
      "nodes": [
        0,
        146,
        147,
        144,
        145,
        155,
        213,
        214,
        292,
        291,
        289,
        290,
        288,
        287,
        156,
        157,
        158,
        160,
        139,
        138,
        96,
        95,
        93,
        89,
        13,
        8,
        4,
        5,
        1,
        2,
        3,
        299
      ],
      "score": 30.0,
      "length": 7980.933270781385
    },
    {
      "route_index": 2,
      "nodes": [
        0,
        148,
        149,
        150,
        151,
        152,
        153,
        154,
        142,
        141,
        140,
        88,
        90,
        85,
        86,
        94,
        97,
        82,
        83,
        101,
        81,
        78,
        21,
        23,
        22,
        20,
        17,
        16,
        15,
        84,
        87,
        91,
        299
      ],
      "score": 31.0,
      "length": 8006.74221294559
    },
    {
      "route_index": 3,
      "nodes": [
        0,
        6,
        7,
        9,
        10,
        11,
        12,
        14,
        18,
        19,
        80,
        98,
        99,
        100,
        159,
        210,
        209,
        207,
        206,
        204,
        203,
        222,
        223,
        219,
        208,
        221,
        217,
        211,
        212,
        143,
        92,
        299
      ],
      "score": 30.0,
      "length": 8003.770972201517
    }
  ],
  "dataset": "vansteenwegen",
  "instance_name": "pr299_gen1_m3.txt",
  "run_seed": 57007,
  "run_index": 0
}