{
  "instance": {
    "num_nodes": 300,
    "team_size": 4,
    "max_route_distance": 6024.0,
    "start_depot": 0,
    "end_depot": 299
  },
  "objective": {
    "total_score": 4314.0
  },
  "performance": {
    "cpu_time_seconds": 1.6697043999993184,
    "iterations": 20,
    "iterations_to_convergence": 11,
    "last_improvement_iteration": 11,
    "stagnation_iterations": 9,
    "accepted_worse_moves": 7,
    "restarts_performed": 1,
    "num_lp_solves": null,
    "num_labels_generated": null
  },
  "routes": [
    {
      "route_index": 1,
      "nodes": [
        0,
        6,
        88,
        90,
        85,
        86,
        97,
        98,
        99,
        101,
        75,
        79,
        81,
        80,
        18,
        14,
        12,
        11,
        10,
        9,
        8,
        7,
        4,
        5,
        1,
        2,
        3,
        299
      ],
      "score": 1419.0,
      "length": 6013.694538697562
    },
    {
      "route_index": 2,
      "nodes": [
        0,
        148,
        149,
        150,
        297,
        295,
        296,
        293,
        294,
        292,
        291,
        289,
        214,
        213,
        155,
        154,
        153,
        152,
        151,
        147,
        146,
        299
      ],
      "score": 1039.0,
      "length": 6018.452562403304
    },
    {
      "route_index": 3,
      "nodes": [
        0,
        143,
        142,
        141,
        140,
        138,
        96,
        95,
        94,
        82,
        83,
        19,
        17,
        16,
        15,
        84,
        89,
        87,
        13,
        91,
        299
      ],
      "score": 1070.0,
      "length": 6010.0327506323865
    },
    {
      "route_index": 4,
      "nodes": [
        0,
        92,
        157,
        158,
        159,
        210,
        209,
        208,
        219,
        220,
        221,
        211,
        212,
        156,
        145,
        144,
        299
      ],
      "score": 786.0,
      "length": 5980.441546920819
    }
  ],
  "dataset": "vansteenwegen",
  "instance_name": "pr299_gen2_m4.txt",
  "run_seed": 60007,
  "run_index": 0
}