{
  "instance": {
    "num_nodes": 300,
    "team_size": 4,
    "max_route_distance": 6024.0,
    "start_depot": 0,
    "end_depot": 299
  },
  "objective": {
    "total_score": 1882.0
  },
  "performance": {
    "cpu_time_seconds": 1.7801829999989423,
    "iterations": 20,
    "iterations_to_convergence": 20,
    "last_improvement_iteration": 20,
    "stagnation_iterations": 0,
    "accepted_worse_moves": 7,
    "restarts_performed": 1,
    "num_lp_solves": null,
    "num_labels_generated": null
  },
  "routes": [
    {
      "route_index": 1,
      "nodes": [
        0,
        3,
        2,
        1,
        5,
        4,
        7,
        8,
        9,
        10,
        11,
        13,
        87,
        88,
        90,
        85,
        84,
        86,
        82,
        83,
        80,
        98,
        95,
        96,
        138,
        140,
        141,
        91,
        299
      ],
      "score": 615.0,
      "length": 6021.6422337114045
    },
    {
      "route_index": 2,
      "nodes": [
        0,
        144,
        145,
        143,
        156,
        155,
        213,
        214,
        294,
        293,
        296,
        295,
        297,
        150,
        151,
        152,
        147,
        299
      ],
      "score": 362.0,
      "length": 6018.886582688069
    },
    {
      "route_index": 3,
      "nodes": [
        0,
        93,
        94,
        97,
        99,
        101,
        81,
        78,
        21,
        22,
        20,
        17,
        18,
        16,
        14,
        12,
        299
      ],
      "score": 512.0,
      "length": 5999.676200880361
    },
    {
      "route_index": 4,
      "nodes": [
        0,
        6,
        89,
        139,
        160,
        159,
        210,
        209,
        207,
        219,
        221,
        157,
        142,
        92,
        299
      ],
      "score": 393.0,
      "length": 6018.781024788477
    }
  ],
  "dataset": "vansteenwegen",
  "instance_name": "pr299_gen3_m4.txt",
  "run_seed": 63008,
  "run_index": 1
}