{
  "instance": {
    "num_nodes": 300,
    "team_size": 3,
    "max_route_distance": 8032.0,
    "start_depot": 0,
    "end_depot": 299
  },
  "objective": {
    "total_score": 5170.0
  },
  "performance": {
    "cpu_time_seconds": 2.2551583999993454,
    "iterations": 20,
    "iterations_to_convergence": 18,
    "last_improvement_iteration": 18,
    "stagnation_iterations": 2,
    "accepted_worse_moves": 7,
    "restarts_performed": 1,
    "num_lp_solves": null,
    "num_labels_generated": null
  },
  "routes": [
    {
      "route_index": 1,
      "nodes": [
        0,
        3,
        2,
        1,
        5,
        4,
        7,
        8,
        9,
        10,
        11,
        12,
        14,
        15,
        16,
        18,
        19,
        17,
        20,
        22,
        23,
        24,
        21,
        78,
        83,
        82,
        94,
        95,
        96,
        138,
        139,
        160,
        158,
        157,
        156,
        155,
        154,
        153,
        152,
        151,
        150,
        148,
        299
      ],
      "score": 2095.0,
      "length": 7989.863888615614
    },
    {
      "route_index": 2,
      "nodes": [
        0,
        147,
        144,
        145,
        213,
        216,
        215,
        217,
        211,
        221,
        220,
        219,
        208,
        210,
        209,
        207,
        223,
        206,
        203,
        204,
        205,
        100,
        99,
        98,
        97,
        86,
        85,
        90,
        88,
        91,
        299
      ],
      "score": 1392.0,
      "length": 8004.773588585583
    },
    {
      "route_index": 3,
      "nodes": [
        0,
        6,
        13,
        87,
        89,
        84,
        80,
        81,
        79,
        75,
        77,
        102,
        128,
        131,
        132,
        133,
        163,
        162,
        136,
        135,
        137,
        140,
        141,
        142,
        143,
        92,
        299
      ],
      "score": 1683.0,
      "length": 7993.941471142429
    }
  ],
  "dataset": "vansteenwegen",
  "instance_name": "pr299_gen2_m3.txt",
  "run_seed": 59007,
  "run_index": 0
}