{
  "instance": {
    "num_nodes": 300,
    "team_size": 3,
    "max_route_distance": 8032.0,
    "start_depot": 0,
    "end_depot": 299
  },
  "objective": {
    "total_score": 5347.0
  },
  "performance": {
    "cpu_time_seconds": 2.3423077000006742,
    "iterations": 20,
    "iterations_to_convergence": 18,
    "last_improvement_iteration": 18,
    "stagnation_iterations": 2,
    "accepted_worse_moves": 7,
    "restarts_performed": 1,
    "num_lp_solves": null,
    "num_labels_generated": null
  },
  "routes": [
    {
      "route_index": 1,
      "nodes": [
        0,
        144,
        145,
        143,
        88,
        84,
        93,
        95,
        94,
        97,
        98,
        101,
        99,
        100,
        96,
        138,
        139,
        158,
        157,
        156,
        155,
        154,
        153,
        152,
        151,
        150,
        149,
        146,
        147,
        299
      ],
      "score": 1282.0,
      "length": 8006.295221071507
    },
    {
      "route_index": 2,
      "nodes": [
        0,
        148,
        297,
        295,
        296,
        293,
        294,
        292,
        291,
        289,
        290,
        288,
        287,
        286,
        216,
        215,
        217,
        211,
        221,
        208,
        219,
        223,
        203,
        206,
        207,
        209,
        210,
        159,
        160,
        140,
        141,
        142,
        92,
        299
      ],
      "score": 1725.0,
      "length": 8021.525813278902
    },
    {
      "route_index": 3,
      "nodes": [
        0,
        3,
        2,
        1,
        5,
        4,
        6,
        7,
        8,
        9,
        10,
        11,
        12,
        14,
        15,
        16,
        18,
        19,
        21,
        23,
        24,
        74,
        76,
        103,
        128,
        131,
        102,
        77,
        75,
        79,
        81,
        80,
        83,
        82,
        86,
        85,
        90,
        89,
        87,
        13,
        91,
        299
      ],
      "score": 2340.0,
      "length": 7995.330920801098
    }
  ],
  "dataset": "vansteenwegen",
  "instance_name": "pr299_gen2_m3.txt",
  "run_seed": 59008,
  "run_index": 1
}