{
  "instance": {
    "num_nodes": 300,
    "team_size": 4,
    "max_route_distance": 6024.0,
    "start_depot": 0,
    "end_depot": 299
  },
  "objective": {
    "total_score": 4030.0
  },
  "performance": {
    "cpu_time_seconds": 1.7654109000013705,
    "iterations": 20,
    "iterations_to_convergence": 12,
    "last_improvement_iteration": 12,
    "stagnation_iterations": 8,
    "accepted_worse_moves": 7,
    "restarts_performed": 1,
    "num_lp_solves": null,
    "num_labels_generated": null
  },
  "routes": [
    {
      "route_index": 1,
      "nodes": [
        0,
        143,
        156,
        212,
        211,
        215,
        216,
        286,
        287,
        288,
        290,
        289,
        155,
        145,
        144,
        299
      ],
      "score": 627.0,
      "length": 6020.673944326955
    },
    {
      "route_index": 2,
      "nodes": [
        0,
        3,
        2,
        1,
        5,
        4,
        7,
        8,
        9,
        10,
        11,
        12,
        13,
        87,
        89,
        84,
        86,
        82,
        83,
        98,
        99,
        97,
        94,
        95,
        96,
        138,
        93,
        85,
        90,
        88,
        6,
        299
      ],
      "score": 1525.0,
      "length": 5997.965542644922
    },
    {
      "route_index": 3,
      "nodes": [
        0,
        148,
        149,
        150,
        297,
        295,
        296,
        293,
        294,
        292,
        291,
        214,
        213,
        154,
        153,
        152,
        151,
        147,
        146,
        299
      ],
      "score": 905.0,
      "length": 5742.731313130654
    },
    {
      "route_index": 4,
      "nodes": [
        0,
        92,
        142,
        157,
        158,
        221,
        219,
        223,
        206,
        209,
        210,
        159,
        160,
        140,
        141,
        91,
        299
      ],
      "score": 973.0,
      "length": 6021.050214174476
    }
  ],
  "dataset": "vansteenwegen",
  "instance_name": "pr299_gen2_m4.txt",
  "run_seed": 60008,
  "run_index": 1
}