{
  "instance": {
    "num_nodes": 196,
    "team_size": 2,
    "max_route_distance": 581.0,
    "start_depot": 0,
    "end_depot": 195
  },
  "objective": {
    "total_score": 4633.0
  },
  "performance": {
    "cpu_time_seconds": 0.9696573000001081,
    "iterations": 20,
    "iterations_to_convergence": 20,
    "last_improvement_iteration": 20,
    "stagnation_iterations": 0,
    "accepted_worse_moves": 9,
    "restarts_performed": 1,
    "num_lp_solves": null,
    "num_labels_generated": null
  },
  "routes": [
    {
      "route_index": 1,
      "nodes": [
        0,
        13,
        26,
        40,
        39,
        52,
        53,
        65,
        66,
        67,
        79,
        91,
        92,
        93,
        106,
        94,
        80,
        81,
        69,
        70,
        57,
        56,
        55,
        41,
        42,
        43,
        44,
        46,
        47,
        48,
        49,
        36,
        35,
        34,
        33,
        21,
        20,
        19,
        18,
        17,
        16,
        15,
        195
      ],
      "score": 2203.0,
      "length": 575.9140892023083
    },
    {
      "route_index": 2,
      "nodes": [
        0,
        1,
        2,
        3,
        4,
        5,
        6,
        7,
        8,
        9,
        23,
        24,
        25,
        38,
        50,
        64,
        63,
        62,
        61,
        74,
        75,
        88,
        87,
        85,
        86,
        99,
        98,
        97,
        96,
        82,
        83,
        84,
        71,
        72,
        59,
        58,
        45,
        32,
        31,
        30,
        29,
        28,
        27,
        14,
        195
      ],
      "score": 2430.0,
      "length": 580.9692153281302
    }
  ],
  "dataset": "vansteenwegen",
  "instance_name": "rat195_gen2_m2.txt",
  "run_seed": 64007,
  "run_index": 0
}