{
  "instance": {
    "num_nodes": 196,
    "team_size": 2,
    "max_route_distance": 581.0,
    "start_depot": 0,
    "end_depot": 195
  },
  "objective": {
    "total_score": 4588.0
  },
  "performance": {
    "cpu_time_seconds": 0.7962590000006458,
    "iterations": 20,
    "iterations_to_convergence": 13,
    "last_improvement_iteration": 13,
    "stagnation_iterations": 7,
    "accepted_worse_moves": 7,
    "restarts_performed": 1,
    "num_lp_solves": null,
    "num_labels_generated": null
  },
  "routes": [
    {
      "route_index": 1,
      "nodes": [
        0,
        13,
        26,
        41,
        54,
        67,
        79,
        80,
        81,
        82,
        83,
        96,
        97,
        98,
        99,
        100,
        101,
        114,
        115,
        116,
        102,
        89,
        88,
        87,
        74,
        75,
        76,
        77,
        64,
        63,
        62,
        47,
        46,
        45,
        32,
        31,
        30,
        17,
        16,
        15,
        195
      ],
      "score": 2183.0,
      "length": 576.6721976845296
    },
    {
      "route_index": 2,
      "nodes": [
        0,
        1,
        2,
        3,
        4,
        5,
        6,
        18,
        19,
        20,
        21,
        33,
        34,
        35,
        36,
        37,
        38,
        50,
        49,
        48,
        60,
        59,
        72,
        85,
        86,
        84,
        71,
        70,
        57,
        58,
        44,
        43,
        42,
        55,
        66,
        65,
        53,
        52,
        40,
        28,
        27,
        14,
        195
      ],
      "score": 2405.0,
      "length": 580.5302745083229
    }
  ],
  "dataset": "vansteenwegen",
  "instance_name": "rat195_gen2_m2.txt",
  "run_seed": 64008,
  "run_index": 1
}