{
  "instance": {
    "num_nodes": 196,
    "team_size": 3,
    "max_route_distance": 387.333,
    "start_depot": 0,
    "end_depot": 195
  },
  "objective": {
    "total_score": 2442.0
  },
  "performance": {
    "cpu_time_seconds": 0.9684013999994932,
    "iterations": 20,
    "iterations_to_convergence": 19,
    "last_improvement_iteration": 19,
    "stagnation_iterations": 1,
    "accepted_worse_moves": 6,
    "restarts_performed": 1,
    "num_lp_solves": null,
    "num_labels_generated": null
  },
  "routes": [
    {
      "route_index": 1,
      "nodes": [
        0,
        27,
        41,
        42,
        55,
        56,
        57,
        70,
        71,
        72,
        84,
        83,
        96,
        95,
        94,
        93,
        92,
        80,
        79,
        78,
        65,
        66,
        53,
        52,
        39,
        26,
        13,
        195
      ],
      "score": 854.0,
      "length": 386.85769823490676
    },
    {
      "route_index": 2,
      "nodes": [
        0,
        18,
        19,
        32,
        45,
        46,
        47,
        48,
        62,
        63,
        64,
        77,
        76,
        75,
        74,
        73,
        61,
        60,
        59,
        58,
        44,
        43,
        29,
        28,
        14,
        195
      ],
      "score": 795.0,
      "length": 381.16880700935246
    },
    {
      "route_index": 3,
      "nodes": [
        0,
        15,
        16,
        17,
        30,
        31,
        33,
        34,
        35,
        36,
        49,
        50,
        51,
        38,
        37,
        24,
        25,
        12,
        11,
        10,
        23,
        22,
        21,
        20,
        6,
        5,
        4,
        3,
        2,
        1,
        195
      ],
      "score": 793.0,
      "length": 381.32259187856346
    }
  ],
  "dataset": "vansteenwegen",
  "instance_name": "rat195_gen3_m3.txt",
  "run_seed": 65007,
  "run_index": 0
}