{
  "instance": {
    "num_nodes": 196,
    "team_size": 3,
    "max_route_distance": 387.333,
    "start_depot": 0,
    "end_depot": 195
  },
  "objective": {
    "total_score": 2138.0
  },
  "performance": {
    "cpu_time_seconds": 0.7974532999996882,
    "iterations": 20,
    "iterations_to_convergence": 20,
    "last_improvement_iteration": 20,
    "stagnation_iterations": 0,
    "accepted_worse_moves": 5,
    "restarts_performed": 1,
    "num_lp_solves": null,
    "num_labels_generated": null
  },
  "routes": [
    {
      "route_index": 1,
      "nodes": [
        0,
        14,
        27,
        54,
        68,
        81,
        80,
        94,
        108,
        120,
        107,
        106,
        93,
        92,
        78,
        79,
        66,
        53,
        52,
        39,
        26,
        13,
        195
      ],
      "score": 719.0,
      "length": 387.1743523930447
    },
    {
      "route_index": 2,
      "nodes": [
        0,
        16,
        30,
        31,
        20,
        33,
        34,
        35,
        36,
        49,
        48,
        60,
        59,
        61,
        73,
        72,
        71,
        70,
        57,
        56,
        58,
        44,
        43,
        29,
        28,
        195
      ],
      "score": 723.0,
      "length": 385.77769596673284
    },
    {
      "route_index": 3,
      "nodes": [
        0,
        1,
        2,
        3,
        4,
        5,
        6,
        7,
        8,
        9,
        10,
        11,
        12,
        25,
        38,
        51,
        50,
        37,
        24,
        23,
        22,
        21,
        32,
        19,
        18,
        17,
        15,
        195
      ],
      "score": 696.0,
      "length": 381.3289688469988
    }
  ],
  "dataset": "vansteenwegen",
  "instance_name": "rat195_gen3_m3.txt",
  "run_seed": 65008,
  "run_index": 1
}