{
  "instance": {
    "num_nodes": 226,
    "team_size": 2,
    "max_route_distance": 31661.0,
    "start_depot": 0,
    "end_depot": 225
  },
  "objective": {
    "total_score": 5617.0
  },
  "performance": {
    "cpu_time_seconds": 1.3404155999996874,
    "iterations": 20,
    "iterations_to_convergence": 14,
    "last_improvement_iteration": 14,
    "stagnation_iterations": 6,
    "accepted_worse_moves": 8,
    "restarts_performed": 1,
    "num_lp_solves": null,
    "num_labels_generated": null
  },
  "routes": [
    {
      "route_index": 1,
      "nodes": [
        0,
        1,
        2,
        130,
        131,
        132,
        133,
        134,
        31,
        156,
        157,
        158,
        159,
        56,
        57,
        58,
        59,
        60,
        61,
        62,
        63,
        185,
        186,
        187,
        188,
        189,
        87,
        86,
        85,
        84,
        83,
        82,
        81,
        80,
        184,
        183,
        182,
        181,
        180,
        55,
        54,
        53,
        52,
        51,
        175,
        50,
        154,
        153,
        152,
        151,
        150,
        25,
        129,
        128,
        127,
        126,
        125,
        225
      ],
      "score": 3083.0,
      "length": 31389.97993755502
    },
    {
      "route_index": 2,
      "nodes": [
        0,
        26,
        27,
        28,
        29,
        30,
        155,
        32,
        33,
        34,
        35,
        36,
        160,
        37,
        38,
        39,
        40,
        41,
        42,
        165,
        43,
        144,
        143,
        142,
        141,
        140,
        21,
        20,
        19,
        18,
        17,
        16,
        15,
        14,
        13,
        12,
        135,
        136,
        137,
        138,
        11,
        10,
        9,
        8,
        7,
        6,
        5,
        4,
        3,
        225
      ],
      "score": 2534.0,
      "length": 31512.50003278832
    }
  ],
  "dataset": "vansteenwegen",
  "instance_name": "ts225_gen2_m2.txt",
  "run_seed": 66007,
  "run_index": 0
}