{
  "instance": {
    "num_nodes": 226,
    "team_size": 2,
    "max_route_distance": 31661.0,
    "start_depot": 0,
    "end_depot": 225
  },
  "objective": {
    "total_score": 5363.0
  },
  "performance": {
    "cpu_time_seconds": 1.6187317999992956,
    "iterations": 20,
    "iterations_to_convergence": 13,
    "last_improvement_iteration": 13,
    "stagnation_iterations": 7,
    "accepted_worse_moves": 10,
    "restarts_performed": 1,
    "num_lp_solves": null,
    "num_labels_generated": null
  },
  "routes": [
    {
      "route_index": 1,
      "nodes": [
        0,
        125,
        126,
        127,
        128,
        129,
        26,
        25,
        150,
        151,
        152,
        153,
        154,
        50,
        175,
        176,
        177,
        51,
        52,
        53,
        54,
        55,
        180,
        56,
        159,
        158,
        57,
        58,
        59,
        60,
        61,
        62,
        185,
        63,
        164,
        163,
        162,
        161,
        160,
        37,
        36,
        35,
        34,
        33,
        32,
        155,
        31,
        30,
        134,
        133,
        132,
        131,
        1,
        225
      ],
      "score": 2831.0,
      "length": 31634.395909520623
    },
    {
      "route_index": 2,
      "nodes": [
        0,
        2,
        3,
        4,
        5,
        6,
        7,
        8,
        9,
        10,
        11,
        12,
        13,
        14,
        15,
        16,
        17,
        18,
        140,
        141,
        19,
        20,
        21,
        22,
        23,
        24,
        145,
        146,
        147,
        148,
        149,
        49,
        48,
        47,
        46,
        45,
        44,
        165,
        43,
        42,
        41,
        40,
        39,
        38,
        139,
        138,
        137,
        136,
        135,
        130,
        225
      ],
      "score": 2532.0,
      "length": 31573.6288162721
    }
  ],
  "dataset": "vansteenwegen",
  "instance_name": "ts225_gen2_m2.txt",
  "run_seed": 66008,
  "run_index": 1
}