{
  "instance": {
    "num_nodes": 100,
    "team_size": 2,
    "max_route_distance": 120.0,
    "start_depot": 0,
    "end_depot": 99
  },
  "objective": {
    "total_score": 1284.0
  },
  "performance": {
    "cpu_time_seconds": 0.39039300000149524,
    "iterations": 20,
    "iterations_to_convergence": 7,
    "last_improvement_iteration": 7,
    "stagnation_iterations": 13,
    "accepted_worse_moves": 11,
    "restarts_performed": 1,
    "num_lp_solves": null,
    "num_labels_generated": null
  },
  "routes": [
    {
      "route_index": 1,
      "nodes": [
        0,
        30,
        57,
        73,
        16,
        64,
        40,
        58,
        54,
        72,
        77,
        27,
        83,
        93,
        95,
        51,
        59,
        42,
        53,
        29,
        81,
        79,
        9,
        14,
        67,
        52,
        85,
        10,
        69,
        80,
        32,
        26,
        88,
        71,
        12,
        75,
        2,
        65,
        48,
        45,
        19,
        31,
        8,
        68,
        36,
        74,
        78,
        24,
        99
      ],
      "score": 678.0,
      "length": 118.92969621297581
    },
    {
      "route_index": 2,
      "nodes": [
        0,
        96,
        66,
        41,
        86,
        92,
        3,
        50,
        47,
        23,
        7,
        34,
        43,
        87,
        84,
        94,
        18,
        11,
        63,
        70,
        21,
        60,
        98,
        6,
        44,
        49,
        89,
        76,
        97,
        4,
        22,
        20,
        38,
        28,
        61,
        37,
        91,
        25,
        46,
        5,
        13,
        1,
        90,
        15,
        17,
        39,
        62,
        55,
        82,
        99
      ],
      "score": 606.0,
      "length": 119.93935098762873
    }
  ],
  "dataset": "chao",
  "instance_name": "p4.2.t.txt",
  "run_seed": 19007,
  "run_index": 0
}