{
  "instance": {
    "num_nodes": 100,
    "team_size": 2,
    "max_route_distance": 70.0,
    "start_depot": 0,
    "end_depot": 99
  },
  "objective": {
    "total_score": 895.0
  },
  "performance": {
    "cpu_time_seconds": 0.26505139999972016,
    "iterations": 20,
    "iterations_to_convergence": 5,
    "last_improvement_iteration": 5,
    "stagnation_iterations": 15,
    "accepted_worse_moves": 10,
    "restarts_performed": 1,
    "num_lp_solves": null,
    "num_labels_generated": null
  },
  "routes": [
    {
      "route_index": 1,
      "nodes": [
        0,
        57,
        73,
        30,
        96,
        41,
        86,
        92,
        3,
        50,
        47,
        23,
        7,
        34,
        87,
        94,
        18,
        11,
        63,
        84,
        60,
        98,
        6,
        49,
        89,
        76,
        99
      ],
      "score": 374.0,
      "length": 69.92892302836046
    },
    {
      "route_index": 2,
      "nodes": [
        0,
        14,
        67,
        9,
        79,
        81,
        29,
        53,
        42,
        51,
        59,
        28,
        38,
        20,
        26,
        32,
        10,
        69,
        80,
        22,
        88,
        17,
        12,
        75,
        90,
        15,
        2,
        48,
        19,
        31,
        8,
        45,
        39,
        62,
        55,
        74,
        78,
        24,
        99
      ],
      "score": 521.0,
      "length": 69.31951789036049
    }
  ],
  "dataset": "chao",
  "instance_name": "p4.2.j.txt",
  "run_seed": 9007,
  "run_index": 0
}