{
  "instance": {
    "num_nodes": 100,
    "team_size": 2,
    "max_route_distance": 115.0,
    "start_depot": 0,
    "end_depot": 99
  },
  "objective": {
    "total_score": 1253.0
  },
  "performance": {
    "cpu_time_seconds": 0.4644931999991968,
    "iterations": 20,
    "iterations_to_convergence": 17,
    "last_improvement_iteration": 17,
    "stagnation_iterations": 3,
    "accepted_worse_moves": 12,
    "restarts_performed": 1,
    "num_lp_solves": null,
    "num_labels_generated": null
  },
  "routes": [
    {
      "route_index": 1,
      "nodes": [
        0,
        96,
        50,
        3,
        86,
        92,
        94,
        18,
        11,
        63,
        84,
        87,
        43,
        14,
        67,
        9,
        57,
        72,
        77,
        27,
        83,
        95,
        51,
        59,
        42,
        53,
        29,
        81,
        79,
        10,
        22,
        88,
        71,
        12,
        17,
        4,
        55,
        97,
        76,
        49,
        89,
        82,
        99
      ],
      "score": 670.0,
      "length": 113.73864862549439
    },
    {
      "route_index": 2,
      "nodes": [
        0,
        30,
        73,
        16,
        54,
        58,
        40,
        64,
        66,
        41,
        47,
        23,
        7,
        34,
        52,
        85,
        69,
        80,
        32,
        26,
        20,
        38,
        28,
        61,
        37,
        56,
        91,
        25,
        46,
        5,
        13,
        1,
        75,
        90,
        15,
        2,
        48,
        39,
        62,
        45,
        19,
        31,
        8,
        68,
        36,
        74,
        78,
        24,
        99
      ],
      "score": 583.0,
      "length": 114.38365914271567
    }
  ],
  "dataset": "chao",
  "instance_name": "p4.2.s.txt",
  "run_seed": 18008,
  "run_index": 1
}