{
  "instance": {
    "num_nodes": 100,
    "team_size": 2,
    "max_route_distance": 85.0,
    "start_depot": 0,
    "end_depot": 99
  },
  "objective": {
    "total_score": 1021.0
  },
  "performance": {
    "cpu_time_seconds": 0.3395429000011063,
    "iterations": 20,
    "iterations_to_convergence": 17,
    "last_improvement_iteration": 17,
    "stagnation_iterations": 3,
    "accepted_worse_moves": 7,
    "restarts_performed": 1,
    "num_lp_solves": null,
    "num_labels_generated": null
  },
  "routes": [
    {
      "route_index": 1,
      "nodes": [
        0,
        57,
        72,
        77,
        27,
        95,
        51,
        42,
        53,
        29,
        81,
        79,
        9,
        67,
        14,
        7,
        43,
        34,
        52,
        85,
        10,
        69,
        80,
        22,
        88,
        17,
        12,
        75,
        90,
        15,
        48,
        19,
        31,
        8,
        45,
        74,
        78,
        24,
        99
      ],
      "score": 581.0,
      "length": 84.91545998252074
    },
    {
      "route_index": 2,
      "nodes": [
        0,
        30,
        73,
        16,
        54,
        58,
        40,
        64,
        66,
        41,
        96,
        23,
        47,
        50,
        3,
        86,
        92,
        18,
        94,
        87,
        84,
        60,
        21,
        35,
        44,
        49,
        89,
        76,
        97,
        55,
        62,
        39,
        99
      ],
      "score": 440.0,
      "length": 84.8933704468271
    }
  ],
  "dataset": "chao",
  "instance_name": "p4.2.m.txt",
  "run_seed": 12008,
  "run_index": 1
}