{
  "instance": {
    "num_nodes": 100,
    "team_size": 2,
    "max_route_distance": 60.0,
    "start_depot": 0,
    "end_depot": 99
  },
  "objective": {
    "total_score": 767.0
  },
  "performance": {
    "cpu_time_seconds": 0.22835719999966386,
    "iterations": 20,
    "iterations_to_convergence": 14,
    "last_improvement_iteration": 14,
    "stagnation_iterations": 6,
    "accepted_worse_moves": 13,
    "restarts_performed": 1,
    "num_lp_solves": null,
    "num_labels_generated": null
  },
  "routes": [
    {
      "route_index": 1,
      "nodes": [
        0,
        14,
        67,
        9,
        57,
        53,
        42,
        29,
        81,
        79,
        10,
        69,
        80,
        22,
        88,
        71,
        12,
        75,
        90,
        15,
        17,
        48,
        19,
        31,
        8,
        45,
        74,
        78,
        24,
        99
      ],
      "score": 429.0,
      "length": 59.085277621841584
    },
    {
      "route_index": 2,
      "nodes": [
        0,
        96,
        66,
        41,
        86,
        92,
        3,
        50,
        47,
        23,
        7,
        34,
        43,
        87,
        94,
        18,
        11,
        63,
        84,
        60,
        98,
        6,
        76,
        49,
        89,
        99
      ],
      "score": 338.0,
      "length": 59.9332669798651
    }
  ],
  "dataset": "chao",
  "instance_name": "p4.2.h.txt",
  "run_seed": 7007,
  "run_index": 0
}