{
  "instance": {
    "num_nodes": 100,
    "team_size": 2,
    "max_route_distance": 95.0,
    "start_depot": 0,
    "end_depot": 99
  },
  "objective": {
    "total_score": 1129.0
  },
  "performance": {
    "cpu_time_seconds": 0.2707712999999785,
    "iterations": 20,
    "iterations_to_convergence": 10,
    "last_improvement_iteration": 10,
    "stagnation_iterations": 10,
    "accepted_worse_moves": 9,
    "restarts_performed": 1,
    "num_lp_solves": null,
    "num_labels_generated": null
  },
  "routes": [
    {
      "route_index": 1,
      "nodes": [
        0,
        30,
        73,
        16,
        54,
        58,
        40,
        64,
        41,
        50,
        3,
        86,
        92,
        94,
        18,
        63,
        84,
        60,
        98,
        6,
        35,
        44,
        49,
        89,
        76,
        74,
        45,
        48,
        19,
        31,
        8,
        36,
        78,
        24,
        99
      ],
      "score": 506.0,
      "length": 94.5258848296241
    },
    {
      "route_index": 2,
      "nodes": [
        0,
        96,
        47,
        23,
        7,
        43,
        34,
        14,
        67,
        9,
        57,
        81,
        79,
        29,
        42,
        53,
        72,
        77,
        27,
        83,
        95,
        51,
        59,
        28,
        38,
        20,
        26,
        32,
        10,
        69,
        80,
        22,
        88,
        71,
        12,
        75,
        90,
        15,
        17,
        39,
        62,
        55,
        97,
        82,
        99
      ],
      "score": 623.0,
      "length": 93.88264245093904
    }
  ],
  "dataset": "chao",
  "instance_name": "p4.2.o.txt",
  "run_seed": 14007,
  "run_index": 0
}