{
  "instance": {
    "num_nodes": 100,
    "team_size": 2,
    "max_route_distance": 115.0,
    "start_depot": 0,
    "end_depot": 99
  },
  "objective": {
    "total_score": 1289.0
  },
  "performance": {
    "cpu_time_seconds": 0.36974199999895063,
    "iterations": 20,
    "iterations_to_convergence": 15,
    "last_improvement_iteration": 15,
    "stagnation_iterations": 5,
    "accepted_worse_moves": 10,
    "restarts_performed": 1,
    "num_lp_solves": null,
    "num_labels_generated": null
  },
  "routes": [
    {
      "route_index": 1,
      "nodes": [
        0,
        30,
        73,
        57,
        53,
        42,
        59,
        51,
        27,
        95,
        83,
        93,
        37,
        61,
        91,
        25,
        46,
        5,
        13,
        1,
        28,
        38,
        20,
        26,
        32,
        88,
        22,
        80,
        69,
        10,
        85,
        52,
        97,
        55,
        62,
        39,
        4,
        17,
        12,
        75,
        90,
        15,
        2,
        48,
        19,
        31,
        8,
        68,
        36,
        45,
        74,
        78,
        24,
        99
      ],
      "score": 681.0,
      "length": 114.82008350444866
    },
    {
      "route_index": 2,
      "nodes": [
        0,
        96,
        23,
        47,
        50,
        3,
        92,
        86,
        41,
        64,
        40,
        58,
        54,
        72,
        77,
        81,
        29,
        79,
        9,
        67,
        14,
        7,
        34,
        43,
        87,
        94,
        18,
        11,
        63,
        33,
        70,
        84,
        60,
        98,
        6,
        35,
        44,
        49,
        89,
        76,
        82,
        99
      ],
      "score": 608.0,
      "length": 114.64378340179765
    }
  ],
  "dataset": "chao",
  "instance_name": "p4.2.s.txt",
  "run_seed": 18007,
  "run_index": 0
}