{
  "instance": {
    "num_nodes": 100,
    "team_size": 2,
    "max_route_distance": 95.0,
    "start_depot": 0,
    "end_depot": 99
  },
  "objective": {
    "total_score": 1144.0
  },
  "performance": {
    "cpu_time_seconds": 0.296142699999109,
    "iterations": 20,
    "iterations_to_convergence": 9,
    "last_improvement_iteration": 9,
    "stagnation_iterations": 11,
    "accepted_worse_moves": 11,
    "restarts_performed": 1,
    "num_lp_solves": null,
    "num_labels_generated": null
  },
  "routes": [
    {
      "route_index": 1,
      "nodes": [
        0,
        14,
        67,
        9,
        79,
        81,
        29,
        42,
        53,
        72,
        77,
        27,
        83,
        95,
        51,
        59,
        28,
        38,
        20,
        26,
        32,
        10,
        52,
        85,
        69,
        80,
        22,
        88,
        12,
        75,
        90,
        15,
        17,
        39,
        62,
        55,
        45,
        19,
        31,
        8,
        68,
        36,
        74,
        78,
        24,
        99
      ],
      "score": 655.0,
      "length": 94.81081853000553
    },
    {
      "route_index": 2,
      "nodes": [
        0,
        30,
        57,
        73,
        16,
        54,
        58,
        40,
        64,
        66,
        96,
        41,
        86,
        92,
        3,
        50,
        47,
        23,
        7,
        34,
        43,
        87,
        94,
        18,
        11,
        63,
        84,
        60,
        21,
        98,
        6,
        35,
        44,
        49,
        89,
        76,
        82,
        99
      ],
      "score": 489.0,
      "length": 94.83761173463458
    }
  ],
  "dataset": "chao",
  "instance_name": "p4.2.o.txt",
  "run_seed": 14008,
  "run_index": 1
}