{
  "instance": {
    "num_nodes": 100,
    "team_size": 2,
    "max_route_distance": 105.0,
    "start_depot": 0,
    "end_depot": 99
  },
  "objective": {
    "total_score": 1194.0
  },
  "performance": {
    "cpu_time_seconds": 0.3149569999986852,
    "iterations": 20,
    "iterations_to_convergence": 5,
    "last_improvement_iteration": 5,
    "stagnation_iterations": 15,
    "accepted_worse_moves": 14,
    "restarts_performed": 1,
    "num_lp_solves": null,
    "num_labels_generated": null
  },
  "routes": [
    {
      "route_index": 1,
      "nodes": [
        0,
        30,
        73,
        57,
        77,
        72,
        54,
        58,
        40,
        64,
        16,
        66,
        96,
        41,
        86,
        3,
        50,
        47,
        92,
        18,
        94,
        87,
        84,
        63,
        11,
        33,
        70,
        21,
        60,
        98,
        6,
        35,
        44,
        49,
        89,
        76,
        82,
        99
      ],
      "score": 492.0,
      "length": 104.90908531862223
    },
    {
      "route_index": 2,
      "nodes": [
        0,
        23,
        7,
        34,
        14,
        67,
        9,
        79,
        81,
        29,
        53,
        42,
        27,
        83,
        95,
        51,
        59,
        28,
        38,
        20,
        26,
        32,
        71,
        12,
        75,
        90,
        15,
        17,
        88,
        22,
        80,
        69,
        10,
        85,
        52,
        97,
        55,
        4,
        62,
        39,
        45,
        48,
        19,
        31,
        8,
        68,
        36,
        74,
        78,
        24,
        99
      ],
      "score": 702.0,
      "length": 104.91301816247669
    }
  ],
  "dataset": "chao",
  "instance_name": "p4.2.q.txt",
  "run_seed": 16008,
  "run_index": 1
}