{
  "instance": {
    "num_nodes": 100,
    "team_size": 2,
    "max_route_distance": 65.0,
    "start_depot": 0,
    "end_depot": 99
  },
  "objective": {
    "total_score": 807.0
  },
  "performance": {
    "cpu_time_seconds": 0.22548199999982899,
    "iterations": 20,
    "iterations_to_convergence": 14,
    "last_improvement_iteration": 14,
    "stagnation_iterations": 6,
    "accepted_worse_moves": 10,
    "restarts_performed": 1,
    "num_lp_solves": null,
    "num_labels_generated": null
  },
  "routes": [
    {
      "route_index": 1,
      "nodes": [
        0,
        30,
        73,
        57,
        53,
        42,
        29,
        81,
        79,
        9,
        67,
        10,
        69,
        80,
        22,
        88,
        71,
        12,
        75,
        90,
        15,
        17,
        39,
        62,
        45,
        19,
        31,
        8,
        68,
        36,
        74,
        78,
        24,
        99
      ],
      "score": 441.0,
      "length": 64.57781339710401
    },
    {
      "route_index": 2,
      "nodes": [
        0,
        96,
        66,
        41,
        86,
        92,
        3,
        50,
        47,
        23,
        7,
        14,
        34,
        43,
        87,
        94,
        18,
        11,
        63,
        84,
        60,
        98,
        6,
        76,
        49,
        89,
        82,
        99
      ],
      "score": 366.0,
      "length": 64.80833133535512
    }
  ],
  "dataset": "chao",
  "instance_name": "p4.2.i.txt",
  "run_seed": 8007,
  "run_index": 0
}