{
  "instance": {
    "num_nodes": 100,
    "team_size": 2,
    "max_route_distance": 70.0,
    "start_depot": 0,
    "end_depot": 99
  },
  "objective": {
    "total_score": 891.0
  },
  "performance": {
    "cpu_time_seconds": 0.28437050000138697,
    "iterations": 20,
    "iterations_to_convergence": 15,
    "last_improvement_iteration": 15,
    "stagnation_iterations": 5,
    "accepted_worse_moves": 10,
    "restarts_performed": 1,
    "num_lp_solves": null,
    "num_labels_generated": null
  },
  "routes": [
    {
      "route_index": 1,
      "nodes": [
        0,
        30,
        73,
        57,
        81,
        79,
        29,
        42,
        51,
        59,
        28,
        38,
        20,
        26,
        32,
        10,
        69,
        80,
        22,
        88,
        12,
        75,
        90,
        15,
        17,
        39,
        62,
        55,
        45,
        19,
        31,
        8,
        36,
        74,
        78,
        24,
        99
      ],
      "score": 490.0,
      "length": 69.89953140993384
    },
    {
      "route_index": 2,
      "nodes": [
        0,
        23,
        96,
        41,
        50,
        3,
        86,
        92,
        94,
        18,
        63,
        84,
        87,
        43,
        34,
        7,
        14,
        9,
        67,
        52,
        97,
        76,
        49,
        89,
        99
      ],
      "score": 401.0,
      "length": 69.97938163740903
    }
  ],
  "dataset": "chao",
  "instance_name": "p4.2.j.txt",
  "run_seed": 9008,
  "run_index": 1
}