{
  "instance": {
    "num_nodes": 100,
    "team_size": 2,
    "max_route_distance": 120.0,
    "start_depot": 0,
    "end_depot": 99
  },
  "objective": {
    "total_score": 1275.0
  },
  "performance": {
    "cpu_time_seconds": 0.33629350000046543,
    "iterations": 20,
    "iterations_to_convergence": 17,
    "last_improvement_iteration": 17,
    "stagnation_iterations": 3,
    "accepted_worse_moves": 11,
    "restarts_performed": 1,
    "num_lp_solves": null,
    "num_labels_generated": null
  },
  "routes": [
    {
      "route_index": 1,
      "nodes": [
        0,
        96,
        41,
        66,
        64,
        40,
        58,
        54,
        16,
        73,
        30,
        14,
        9,
        81,
        29,
        53,
        42,
        51,
        59,
        20,
        26,
        32,
        10,
        52,
        85,
        69,
        80,
        22,
        88,
        71,
        12,
        5,
        13,
        1,
        90,
        15,
        75,
        17,
        48,
        19,
        31,
        8,
        68,
        36,
        45,
        39,
        62,
        55,
        74,
        78,
        24,
        99
      ],
      "score": 703.0,
      "length": 118.1289061882338
    },
    {
      "route_index": 2,
      "nodes": [
        0,
        57,
        72,
        77,
        27,
        95,
        83,
        56,
        93,
        37,
        61,
        91,
        25,
        46,
        28,
        38,
        79,
        67,
        34,
        43,
        7,
        23,
        47,
        50,
        3,
        86,
        92,
        11,
        63,
        18,
        94,
        87,
        84,
        60,
        21,
        98,
        6,
        35,
        44,
        49,
        89,
        76,
        97,
        82,
        99
      ],
      "score": 572.0,
      "length": 118.84248081667656
    }
  ],
  "dataset": "chao",
  "instance_name": "p4.2.t.txt",
  "run_seed": 19008,
  "run_index": 1
}