{
  "instance": {
    "num_nodes": 100,
    "team_size": 2,
    "max_route_distance": 75.0,
    "start_depot": 0,
    "end_depot": 99
  },
  "objective": {
    "total_score": 919.0
  },
  "performance": {
    "cpu_time_seconds": 0.30972949999886623,
    "iterations": 20,
    "iterations_to_convergence": 2,
    "last_improvement_iteration": 2,
    "stagnation_iterations": 18,
    "accepted_worse_moves": 9,
    "restarts_performed": 1,
    "num_lp_solves": null,
    "num_labels_generated": null
  },
  "routes": [
    {
      "route_index": 1,
      "nodes": [
        0,
        30,
        57,
        73,
        66,
        96,
        41,
        50,
        3,
        86,
        92,
        94,
        18,
        63,
        84,
        87,
        23,
        7,
        34,
        52,
        97,
        76,
        49,
        89,
        99
      ],
      "score": 381.0,
      "length": 74.81102738172169
    },
    {
      "route_index": 2,
      "nodes": [
        0,
        14,
        67,
        9,
        79,
        81,
        29,
        53,
        42,
        51,
        27,
        83,
        95,
        59,
        28,
        38,
        20,
        26,
        32,
        10,
        69,
        80,
        22,
        88,
        71,
        12,
        75,
        90,
        15,
        17,
        39,
        62,
        55,
        45,
        74,
        78,
        24,
        99
      ],
      "score": 538.0,
      "length": 74.46540055044653
    }
  ],
  "dataset": "chao",
  "instance_name": "p4.2.k.txt",
  "run_seed": 10008,
  "run_index": 1
}