{
  "instance": {
    "num_nodes": 100,
    "team_size": 2,
    "max_route_distance": 80.0,
    "start_depot": 0,
    "end_depot": 99
  },
  "objective": {
    "total_score": 973.0
  },
  "performance": {
    "cpu_time_seconds": 0.2909057999986544,
    "iterations": 20,
    "iterations_to_convergence": 19,
    "last_improvement_iteration": 19,
    "stagnation_iterations": 1,
    "accepted_worse_moves": 12,
    "restarts_performed": 1,
    "num_lp_solves": null,
    "num_labels_generated": null
  },
  "routes": [
    {
      "route_index": 1,
      "nodes": [
        0,
        96,
        66,
        41,
        50,
        3,
        86,
        92,
        18,
        94,
        87,
        84,
        63,
        70,
        21,
        60,
        98,
        6,
        44,
        49,
        89,
        76,
        55,
        62,
        39,
        45,
        19,
        31,
        8,
        68,
        36,
        74,
        78,
        24,
        99
      ],
      "score": 462.0,
      "length": 79.3393221891305
    },
    {
      "route_index": 2,
      "nodes": [
        0,
        23,
        7,
        43,
        34,
        14,
        67,
        9,
        79,
        81,
        29,
        42,
        53,
        57,
        72,
        77,
        27,
        83,
        95,
        51,
        59,
        28,
        38,
        20,
        26,
        32,
        88,
        22,
        80,
        69,
        10,
        85,
        52,
        97,
        82,
        99
      ],
      "score": 511.0,
      "length": 79.21949098043658
    }
  ],
  "dataset": "chao",
  "instance_name": "p4.2.l.txt",
  "run_seed": 11008,
  "run_index": 1
}