{
  "instance": {
    "num_nodes": 100,
    "team_size": 2,
    "max_route_distance": 85.0,
    "start_depot": 0,
    "end_depot": 99
  },
  "objective": {
    "total_score": 1053.0
  },
  "performance": {
    "cpu_time_seconds": 0.29236039999887,
    "iterations": 20,
    "iterations_to_convergence": 14,
    "last_improvement_iteration": 14,
    "stagnation_iterations": 6,
    "accepted_worse_moves": 10,
    "restarts_performed": 1,
    "num_lp_solves": null,
    "num_labels_generated": null
  },
  "routes": [
    {
      "route_index": 1,
      "nodes": [
        0,
        30,
        57,
        73,
        16,
        54,
        58,
        40,
        64,
        66,
        96,
        41,
        86,
        3,
        50,
        47,
        23,
        7,
        34,
        87,
        94,
        18,
        63,
        84,
        60,
        21,
        98,
        6,
        44,
        49,
        89,
        76,
        82,
        99
      ],
      "score": 453.0,
      "length": 84.77682088963779
    },
    {
      "route_index": 2,
      "nodes": [
        0,
        14,
        67,
        9,
        79,
        81,
        29,
        42,
        53,
        72,
        77,
        27,
        83,
        95,
        51,
        59,
        28,
        38,
        20,
        26,
        32,
        88,
        22,
        80,
        69,
        10,
        85,
        52,
        97,
        55,
        62,
        39,
        45,
        19,
        31,
        8,
        36,
        74,
        78,
        24,
        99
      ],
      "score": 600.0,
      "length": 84.61465705526234
    }
  ],
  "dataset": "chao",
  "instance_name": "p4.2.m.txt",
  "run_seed": 12007,
  "run_index": 0
}