{
  "instance": {
    "num_nodes": 100,
    "team_size": 2,
    "max_route_distance": 105.0,
    "start_depot": 0,
    "end_depot": 99
  },
  "objective": {
    "total_score": 1204.0
  },
  "performance": {
    "cpu_time_seconds": 0.3464552999994339,
    "iterations": 20,
    "iterations_to_convergence": 9,
    "last_improvement_iteration": 9,
    "stagnation_iterations": 11,
    "accepted_worse_moves": 11,
    "restarts_performed": 1,
    "num_lp_solves": null,
    "num_labels_generated": null
  },
  "routes": [
    {
      "route_index": 1,
      "nodes": [
        0,
        30,
        73,
        57,
        81,
        79,
        29,
        42,
        53,
        72,
        77,
        27,
        83,
        95,
        51,
        59,
        28,
        38,
        20,
        26,
        32,
        10,
        69,
        80,
        22,
        88,
        12,
        5,
        13,
        1,
        90,
        15,
        75,
        17,
        48,
        39,
        62,
        55,
        45,
        19,
        31,
        8,
        36,
        74,
        78,
        24,
        99
      ],
      "score": 683.0,
      "length": 104.71187973558584
    },
    {
      "route_index": 2,
      "nodes": [
        0,
        23,
        96,
        66,
        64,
        54,
        58,
        40,
        41,
        50,
        3,
        86,
        92,
        94,
        18,
        11,
        63,
        70,
        21,
        60,
        84,
        87,
        34,
        7,
        14,
        9,
        67,
        52,
        97,
        76,
        49,
        89,
        99
      ],
      "score": 521.0,
      "length": 104.66433125455976
    }
  ],
  "dataset": "chao",
  "instance_name": "p4.2.q.txt",
  "run_seed": 16007,
  "run_index": 0
}