{
  "instance": {
    "num_nodes": 100,
    "team_size": 2,
    "max_route_distance": 90.0,
    "start_depot": 0,
    "end_depot": 99
  },
  "objective": {
    "total_score": 1059.0
  },
  "performance": {
    "cpu_time_seconds": 0.3006115000007412,
    "iterations": 20,
    "iterations_to_convergence": 9,
    "last_improvement_iteration": 9,
    "stagnation_iterations": 11,
    "accepted_worse_moves": 8,
    "restarts_performed": 1,
    "num_lp_solves": null,
    "num_labels_generated": null
  },
  "routes": [
    {
      "route_index": 1,
      "nodes": [
        0,
        96,
        66,
        41,
        86,
        92,
        3,
        50,
        47,
        23,
        94,
        18,
        11,
        63,
        33,
        70,
        21,
        60,
        84,
        87,
        43,
        7,
        14,
        34,
        52,
        85,
        97,
        76,
        49,
        89,
        24,
        78,
        99
      ],
      "score": 452.0,
      "length": 89.70709677138593
    },
    {
      "route_index": 2,
      "nodes": [
        0,
        30,
        73,
        57,
        9,
        67,
        79,
        81,
        29,
        42,
        53,
        72,
        77,
        27,
        83,
        95,
        51,
        59,
        28,
        38,
        20,
        26,
        32,
        10,
        69,
        80,
        22,
        88,
        17,
        12,
        75,
        90,
        15,
        48,
        19,
        31,
        8,
        45,
        39,
        62,
        55,
        74,
        99
      ],
      "score": 607.0,
      "length": 89.57120721356502
    }
  ],
  "dataset": "chao",
  "instance_name": "p4.2.n.txt",
  "run_seed": 13007,
  "run_index": 0
}