{
  "instance": {
    "num_nodes": 100,
    "team_size": 2,
    "max_route_distance": 75.0,
    "start_depot": 0,
    "end_depot": 99
  },
  "objective": {
    "total_score": 962.0
  },
  "performance": {
    "cpu_time_seconds": 0.25860580000153277,
    "iterations": 20,
    "iterations_to_convergence": 20,
    "last_improvement_iteration": 20,
    "stagnation_iterations": 0,
    "accepted_worse_moves": 11,
    "restarts_performed": 1,
    "num_lp_solves": null,
    "num_labels_generated": null
  },
  "routes": [
    {
      "route_index": 1,
      "nodes": [
        0,
        14,
        67,
        9,
        79,
        81,
        29,
        53,
        42,
        27,
        83,
        95,
        51,
        59,
        28,
        38,
        20,
        26,
        32,
        10,
        69,
        80,
        22,
        88,
        71,
        12,
        17,
        39,
        62,
        45,
        19,
        31,
        8,
        74,
        78,
        24,
        99
      ],
      "score": 548.0,
      "length": 74.22170731627631
    },
    {
      "route_index": 2,
      "nodes": [
        0,
        30,
        57,
        73,
        16,
        54,
        58,
        40,
        64,
        41,
        86,
        3,
        50,
        96,
        23,
        7,
        43,
        87,
        94,
        18,
        63,
        84,
        60,
        21,
        98,
        6,
        76,
        82,
        99
      ],
      "score": 414.0,
      "length": 74.40542462041616
    }
  ],
  "dataset": "chao",
  "instance_name": "p4.2.k.txt",
  "run_seed": 10007,
  "run_index": 0
}