{
  "instance": {
    "num_nodes": 100,
    "team_size": 3,
    "max_route_distance": 73.3,
    "start_depot": 0,
    "end_depot": 99
  },
  "objective": {
    "total_score": 1181.0
  },
  "performance": {
    "cpu_time_seconds": 0.35210989999904996,
    "iterations": 20,
    "iterations_to_convergence": 6,
    "last_improvement_iteration": 6,
    "stagnation_iterations": 14,
    "accepted_worse_moves": 15,
    "restarts_performed": 1,
    "num_lp_solves": null,
    "num_labels_generated": null
  },
  "routes": [
    {
      "route_index": 1,
      "nodes": [
        0,
        14,
        67,
        9,
        79,
        81,
        29,
        42,
        53,
        72,
        77,
        27,
        83,
        95,
        51,
        59,
        28,
        38,
        20,
        26,
        32,
        10,
        69,
        80,
        22,
        88,
        71,
        12,
        75,
        90,
        15,
        17,
        4,
        55,
        99
      ],
      "score": 485.0,
      "length": 73.14767498990169
    },
    {
      "route_index": 2,
      "nodes": [
        0,
        23,
        47,
        96,
        66,
        41,
        50,
        3,
        86,
        92,
        18,
        94,
        87,
        84,
        63,
        11,
        33,
        70,
        21,
        60,
        98,
        6,
        35,
        44,
        49,
        89,
        76,
        82,
        99
      ],
      "score": 336.0,
      "length": 70.74353941112246
    },
    {
      "route_index": 3,
      "nodes": [
        0,
        30,
        73,
        64,
        40,
        58,
        54,
        16,
        57,
        7,
        43,
        34,
        52,
        97,
        62,
        39,
        45,
        19,
        31,
        8,
        68,
        36,
        74,
        78,
        24,
        99
      ],
      "score": 360.0,
      "length": 72.75339843456149
    }
  ],
  "dataset": "chao",
  "instance_name": "p4.3.r.txt",
  "run_seed": 37007,
  "run_index": 0
}