{
  "instance": {
    "num_nodes": 100,
    "team_size": 3,
    "max_route_distance": 46.7,
    "start_depot": 0,
    "end_depot": 99
  },
  "objective": {
    "total_score": 779.0
  },
  "performance": {
    "cpu_time_seconds": 0.2783402999993996,
    "iterations": 20,
    "iterations_to_convergence": 20,
    "last_improvement_iteration": 20,
    "stagnation_iterations": 0,
    "accepted_worse_moves": 12,
    "restarts_performed": 1,
    "num_lp_solves": null,
    "num_labels_generated": null
  },
  "routes": [
    {
      "route_index": 1,
      "nodes": [
        0,
        23,
        7,
        14,
        10,
        69,
        80,
        22,
        88,
        71,
        12,
        75,
        90,
        15,
        17,
        4,
        62,
        39,
        45,
        74,
        78,
        24,
        99
      ],
      "score": 312.0,
      "length": 46.228626174542015
    },
    {
      "route_index": 2,
      "nodes": [
        0,
        96,
        66,
        41,
        50,
        47,
        3,
        86,
        92,
        94,
        18,
        11,
        63,
        84,
        60,
        98,
        6,
        76,
        99
      ],
      "score": 249.0,
      "length": 46.478683016062945
    },
    {
      "route_index": 3,
      "nodes": [
        0,
        30,
        73,
        57,
        77,
        53,
        42,
        29,
        81,
        79,
        9,
        67,
        52,
        85,
        97,
        55,
        82,
        99
      ],
      "score": 218.0,
      "length": 46.23797412084863
    }
  ],
  "dataset": "chao",
  "instance_name": "p4.3.j.txt",
  "run_seed": 29008,
  "run_index": 1
}