{
  "instance": {
    "num_nodes": 100,
    "team_size": 3,
    "max_route_distance": 53.3,
    "start_depot": 0,
    "end_depot": 99
  },
  "objective": {
    "total_score": 863.0
  },
  "performance": {
    "cpu_time_seconds": 0.34645180000006803,
    "iterations": 20,
    "iterations_to_convergence": 2,
    "last_improvement_iteration": 2,
    "stagnation_iterations": 18,
    "accepted_worse_moves": 10,
    "restarts_performed": 1,
    "num_lp_solves": null,
    "num_labels_generated": null
  },
  "routes": [
    {
      "route_index": 1,
      "nodes": [
        0,
        14,
        7,
        43,
        34,
        52,
        85,
        97,
        62,
        39,
        45,
        48,
        65,
        19,
        31,
        8,
        68,
        36,
        74,
        78,
        24,
        99
      ],
      "score": 265.0,
      "length": 52.13670888908122
    },
    {
      "route_index": 2,
      "nodes": [
        0,
        23,
        47,
        96,
        41,
        50,
        3,
        86,
        92,
        18,
        94,
        87,
        84,
        63,
        60,
        98,
        6,
        76,
        49,
        89,
        99
      ],
      "score": 292.0,
      "length": 52.67294369915168
    },
    {
      "route_index": 3,
      "nodes": [
        0,
        30,
        73,
        57,
        53,
        42,
        29,
        81,
        79,
        9,
        67,
        10,
        69,
        80,
        22,
        88,
        71,
        12,
        75,
        90,
        15,
        17,
        4,
        55,
        82,
        99
      ],
      "score": 306.0,
      "length": 51.627506594854005
    }
  ],
  "dataset": "chao",
  "instance_name": "p4.3.l.txt",
  "run_seed": 31008,
  "run_index": 1
}