{
  "instance": {
    "num_nodes": 100,
    "team_size": 3,
    "max_route_distance": 50.0,
    "start_depot": 0,
    "end_depot": 99
  },
  "objective": {
    "total_score": 872.0
  },
  "performance": {
    "cpu_time_seconds": 0.25069189999885566,
    "iterations": 20,
    "iterations_to_convergence": 10,
    "last_improvement_iteration": 10,
    "stagnation_iterations": 10,
    "accepted_worse_moves": 9,
    "restarts_performed": 1,
    "num_lp_solves": null,
    "num_labels_generated": null
  },
  "routes": [
    {
      "route_index": 1,
      "nodes": [
        0,
        14,
        67,
        9,
        57,
        81,
        29,
        53,
        42,
        51,
        59,
        28,
        38,
        20,
        26,
        32,
        22,
        4,
        55,
        62,
        39,
        45,
        74,
        99
      ],
      "score": 300.0,
      "length": 49.78996546580891
    },
    {
      "route_index": 2,
      "nodes": [
        0,
        7,
        43,
        34,
        52,
        85,
        10,
        69,
        80,
        88,
        17,
        12,
        75,
        90,
        15,
        2,
        48,
        19,
        31,
        8,
        68,
        36,
        78,
        24,
        99
      ],
      "score": 301.0,
      "length": 49.501266253350586
    },
    {
      "route_index": 3,
      "nodes": [
        0,
        23,
        47,
        96,
        66,
        41,
        50,
        3,
        86,
        92,
        18,
        94,
        87,
        84,
        60,
        21,
        98,
        6,
        76,
        49,
        89,
        82,
        99
      ],
      "score": 271.0,
      "length": 49.15499902657786
    }
  ],
  "dataset": "chao",
  "instance_name": "p4.3.k.txt",
  "run_seed": 30007,
  "run_index": 0
}