{
  "instance": {
    "num_nodes": 100,
    "team_size": 3,
    "max_route_distance": 56.7,
    "start_depot": 0,
    "end_depot": 99
  },
  "objective": {
    "total_score": 882.0
  },
  "performance": {
    "cpu_time_seconds": 0.30588340000031167,
    "iterations": 20,
    "iterations_to_convergence": 13,
    "last_improvement_iteration": 13,
    "stagnation_iterations": 7,
    "accepted_worse_moves": 9,
    "restarts_performed": 1,
    "num_lp_solves": null,
    "num_labels_generated": null
  },
  "routes": [
    {
      "route_index": 1,
      "nodes": [
        0,
        47,
        23,
        7,
        43,
        34,
        14,
        9,
        67,
        52,
        97,
        55,
        4,
        75,
        90,
        15,
        48,
        45,
        74,
        99
      ],
      "score": 237.0,
      "length": 56.3617777704439
    },
    {
      "route_index": 2,
      "nodes": [
        0,
        96,
        41,
        86,
        50,
        3,
        92,
        18,
        94,
        87,
        84,
        63,
        70,
        60,
        98,
        35,
        44,
        49,
        89,
        76,
        99
      ],
      "score": 290.0,
      "length": 56.525311957787544
    },
    {
      "route_index": 3,
      "nodes": [
        0,
        30,
        73,
        57,
        53,
        42,
        29,
        81,
        79,
        10,
        69,
        80,
        22,
        88,
        71,
        12,
        17,
        39,
        62,
        19,
        31,
        8,
        68,
        36,
        78,
        24,
        99
      ],
      "score": 355.0,
      "length": 55.05631578486985
    }
  ],
  "dataset": "chao",
  "instance_name": "p4.3.m.txt",
  "run_seed": 32008,
  "run_index": 1
}