{
  "instance": {
    "num_nodes": 100,
    "team_size": 3,
    "max_route_distance": 43.3,
    "start_depot": 0,
    "end_depot": 99
  },
  "objective": {
    "total_score": 767.0
  },
  "performance": {
    "cpu_time_seconds": 0.24359130000084406,
    "iterations": 20,
    "iterations_to_convergence": 13,
    "last_improvement_iteration": 13,
    "stagnation_iterations": 7,
    "accepted_worse_moves": 13,
    "restarts_performed": 1,
    "num_lp_solves": null,
    "num_labels_generated": null
  },
  "routes": [
    {
      "route_index": 1,
      "nodes": [
        0,
        96,
        66,
        41,
        50,
        3,
        86,
        92,
        94,
        18,
        63,
        84,
        60,
        21,
        98,
        6,
        76,
        99
      ],
      "score": 241.0,
      "length": 42.30075019878172
    },
    {
      "route_index": 2,
      "nodes": [
        0,
        30,
        73,
        57,
        9,
        79,
        10,
        69,
        80,
        88,
        12,
        17,
        39,
        62,
        45,
        74,
        78,
        24,
        99
      ],
      "score": 269.0,
      "length": 43.12465996306771
    },
    {
      "route_index": 3,
      "nodes": [
        0,
        23,
        7,
        14,
        67,
        81,
        29,
        53,
        42,
        51,
        59,
        28,
        38,
        20,
        26,
        32,
        22,
        4,
        55,
        82,
        99
      ],
      "score": 257.0,
      "length": 43.14441656814691
    }
  ],
  "dataset": "chao",
  "instance_name": "p4.3.i.txt",
  "run_seed": 28008,
  "run_index": 1
}