{
  "instance": {
    "num_nodes": 100,
    "team_size": 3,
    "max_route_distance": 80.0,
    "start_depot": 0,
    "end_depot": 99
  },
  "objective": {
    "total_score": 1274.0
  },
  "performance": {
    "cpu_time_seconds": 0.3162042999992991,
    "iterations": 20,
    "iterations_to_convergence": 10,
    "last_improvement_iteration": 10,
    "stagnation_iterations": 10,
    "accepted_worse_moves": 10,
    "restarts_performed": 1,
    "num_lp_solves": null,
    "num_labels_generated": null
  },
  "routes": [
    {
      "route_index": 1,
      "nodes": [
        0,
        30,
        73,
        57,
        72,
        77,
        51,
        59,
        79,
        10,
        22,
        88,
        71,
        12,
        17,
        75,
        90,
        15,
        2,
        48,
        19,
        31,
        8,
        68,
        36,
        45,
        39,
        62,
        4,
        55,
        74,
        78,
        24,
        99
      ],
      "score": 421.0,
      "length": 79.1775327316295
    },
    {
      "route_index": 2,
      "nodes": [
        0,
        96,
        66,
        16,
        54,
        58,
        40,
        64,
        41,
        50,
        3,
        86,
        92,
        11,
        63,
        18,
        94,
        87,
        84,
        60,
        21,
        98,
        6,
        35,
        44,
        49,
        89,
        76,
        99
      ],
      "score": 387.0,
      "length": 79.41083773829313
    },
    {
      "route_index": 3,
      "nodes": [
        0,
        23,
        7,
        43,
        34,
        14,
        67,
        9,
        81,
        29,
        53,
        42,
        27,
        95,
        83,
        93,
        37,
        61,
        91,
        25,
        46,
        5,
        13,
        1,
        28,
        38,
        20,
        26,
        32,
        80,
        69,
        85,
        52,
        97,
        82,
        99
      ],
      "score": 466.0,
      "length": 79.05525677744316
    }
  ],
  "dataset": "chao",
  "instance_name": "p4.3.t.txt",
  "run_seed": 39008,
  "run_index": 1
}