{
  "instance": {
    "num_nodes": 100,
    "team_size": 3,
    "max_route_distance": 43.3,
    "start_depot": 0,
    "end_depot": 99
  },
  "objective": {
    "total_score": 747.0
  },
  "performance": {
    "cpu_time_seconds": 0.26776450000033947,
    "iterations": 20,
    "iterations_to_convergence": 3,
    "last_improvement_iteration": 3,
    "stagnation_iterations": 17,
    "accepted_worse_moves": 8,
    "restarts_performed": 1,
    "num_lp_solves": null,
    "num_labels_generated": null
  },
  "routes": [
    {
      "route_index": 1,
      "nodes": [
        0,
        23,
        96,
        41,
        50,
        3,
        86,
        92,
        18,
        63,
        84,
        60,
        98,
        6,
        76,
        82,
        99
      ],
      "score": 252.0,
      "length": 42.60324641992521
    },
    {
      "route_index": 2,
      "nodes": [
        0,
        30,
        73,
        57,
        81,
        29,
        79,
        9,
        67,
        10,
        80,
        22,
        88,
        17,
        48,
        45,
        74,
        99
      ],
      "score": 260.0,
      "length": 43.29936399984833
    },
    {
      "route_index": 3,
      "nodes": [
        0,
        14,
        7,
        43,
        34,
        52,
        85,
        97,
        55,
        62,
        39,
        19,
        31,
        8,
        68,
        36,
        78,
        24,
        99
      ],
      "score": 235.0,
      "length": 42.97660336293249
    }
  ],
  "dataset": "chao",
  "instance_name": "p4.3.i.txt",
  "run_seed": 28007,
  "run_index": 0
}