{
  "instance": {
    "num_nodes": 100,
    "team_size": 3,
    "max_route_distance": 60.0,
    "start_depot": 0,
    "end_depot": 99
  },
  "objective": {
    "total_score": 1016.0
  },
  "performance": {
    "cpu_time_seconds": 0.3249021999999968,
    "iterations": 20,
    "iterations_to_convergence": 12,
    "last_improvement_iteration": 12,
    "stagnation_iterations": 8,
    "accepted_worse_moves": 12,
    "restarts_performed": 1,
    "num_lp_solves": null,
    "num_labels_generated": null
  },
  "routes": [
    {
      "route_index": 1,
      "nodes": [
        0,
        96,
        41,
        50,
        3,
        86,
        92,
        47,
        23,
        7,
        34,
        43,
        87,
        94,
        18,
        11,
        63,
        84,
        60,
        98,
        6,
        49,
        89,
        76,
        99
      ],
      "score": 336.0,
      "length": 59.77887297571296
    },
    {
      "route_index": 2,
      "nodes": [
        0,
        30,
        73,
        57,
        9,
        67,
        52,
        85,
        10,
        69,
        80,
        22,
        88,
        71,
        12,
        75,
        17,
        4,
        55,
        62,
        39,
        19,
        31,
        8,
        68,
        36,
        78,
        24,
        99
      ],
      "score": 355.0,
      "length": 59.87255206231271
    },
    {
      "route_index": 3,
      "nodes": [
        0,
        14,
        79,
        81,
        29,
        53,
        42,
        51,
        95,
        83,
        93,
        37,
        61,
        91,
        25,
        46,
        5,
        13,
        1,
        90,
        15,
        48,
        45,
        74,
        99
      ],
      "score": 325.0,
      "length": 59.74909643770121
    }
  ],
  "dataset": "chao",
  "instance_name": "p4.3.n.txt",
  "run_seed": 33007,
  "run_index": 0
}