{
  "instance": {
    "num_nodes": 100,
    "team_size": 3,
    "max_route_distance": 80.0,
    "start_depot": 0,
    "end_depot": 99
  },
  "objective": {
    "total_score": 1270.0
  },
  "performance": {
    "cpu_time_seconds": 0.3655072999990807,
    "iterations": 20,
    "iterations_to_convergence": 19,
    "last_improvement_iteration": 19,
    "stagnation_iterations": 1,
    "accepted_worse_moves": 9,
    "restarts_performed": 1,
    "num_lp_solves": null,
    "num_labels_generated": null
  },
  "routes": [
    {
      "route_index": 1,
      "nodes": [
        0,
        57,
        72,
        77,
        27,
        95,
        83,
        93,
        59,
        51,
        42,
        53,
        29,
        81,
        79,
        10,
        4,
        55,
        62,
        39,
        45,
        48,
        19,
        31,
        8,
        68,
        36,
        74,
        78,
        24,
        99
      ],
      "score": 447.0,
      "length": 79.22032539220307
    },
    {
      "route_index": 2,
      "nodes": [
        0,
        66,
        41,
        64,
        40,
        58,
        54,
        16,
        73,
        30,
        7,
        34,
        87,
        94,
        18,
        11,
        63,
        84,
        60,
        21,
        98,
        6,
        35,
        44,
        49,
        89,
        76,
        99
      ],
      "score": 334.0,
      "length": 79.66314750900122
    },
    {
      "route_index": 3,
      "nodes": [
        0,
        96,
        50,
        3,
        86,
        92,
        47,
        23,
        14,
        9,
        67,
        32,
        26,
        20,
        38,
        28,
        61,
        37,
        91,
        25,
        46,
        5,
        13,
        1,
        90,
        15,
        75,
        12,
        17,
        88,
        22,
        80,
        69,
        85,
        52,
        97,
        82,
        99
      ],
      "score": 489.0,
      "length": 79.17513794197211
    }
  ],
  "dataset": "chao",
  "instance_name": "p4.3.t.txt",
  "run_seed": 39007,
  "run_index": 0
}