{
  "instance": {
    "num_nodes": 100,
    "team_size": 3,
    "max_route_distance": 56.7,
    "start_depot": 0,
    "end_depot": 99
  },
  "objective": {
    "total_score": 996.0
  },
  "performance": {
    "cpu_time_seconds": 0.3116009000004851,
    "iterations": 20,
    "iterations_to_convergence": 18,
    "last_improvement_iteration": 18,
    "stagnation_iterations": 2,
    "accepted_worse_moves": 10,
    "restarts_performed": 1,
    "num_lp_solves": null,
    "num_labels_generated": null
  },
  "routes": [
    {
      "route_index": 1,
      "nodes": [
        0,
        23,
        7,
        14,
        67,
        9,
        81,
        29,
        79,
        10,
        22,
        88,
        71,
        12,
        75,
        90,
        15,
        17,
        39,
        62,
        45,
        19,
        31,
        8,
        74,
        78,
        24,
        99
      ],
      "score": 411.0,
      "length": 56.324747631303026
    },
    {
      "route_index": 2,
      "nodes": [
        0,
        30,
        73,
        57,
        72,
        77,
        27,
        83,
        95,
        51,
        59,
        28,
        38,
        20,
        26,
        32,
        80,
        69,
        85,
        52,
        97,
        55,
        82,
        99
      ],
      "score": 302.0,
      "length": 56.20545627307476
    },
    {
      "route_index": 3,
      "nodes": [
        0,
        96,
        66,
        41,
        50,
        3,
        86,
        92,
        94,
        87,
        18,
        63,
        84,
        60,
        21,
        98,
        6,
        35,
        44,
        49,
        89,
        76,
        99
      ],
      "score": 283.0,
      "length": 55.70045853631252
    }
  ],
  "dataset": "chao",
  "instance_name": "p4.3.m.txt",
  "run_seed": 32007,
  "run_index": 0
}