{
  "instance": {
    "num_nodes": 100,
    "team_size": 3,
    "max_route_distance": 66.7,
    "start_depot": 0,
    "end_depot": 99
  },
  "objective": {
    "total_score": 1121.0
  },
  "performance": {
    "cpu_time_seconds": 0.3493968999991921,
    "iterations": 20,
    "iterations_to_convergence": 20,
    "last_improvement_iteration": 20,
    "stagnation_iterations": 0,
    "accepted_worse_moves": 12,
    "restarts_performed": 1,
    "num_lp_solves": null,
    "num_labels_generated": null
  },
  "routes": [
    {
      "route_index": 1,
      "nodes": [
        0,
        30,
        73,
        57,
        9,
        67,
        81,
        29,
        79,
        10,
        22,
        88,
        71,
        12,
        75,
        90,
        15,
        17,
        48,
        39,
        62,
        55,
        45,
        19,
        31,
        8,
        36,
        74,
        78,
        24,
        99
      ],
      "score": 416.0,
      "length": 66.11232791644827
    },
    {
      "route_index": 2,
      "nodes": [
        0,
        96,
        66,
        41,
        50,
        3,
        86,
        92,
        47,
        23,
        7,
        14,
        34,
        87,
        84,
        94,
        18,
        11,
        63,
        60,
        98,
        6,
        76,
        49,
        89,
        99
      ],
      "score": 364.0,
      "length": 66.65196078665382
    },
    {
      "route_index": 3,
      "nodes": [
        0,
        64,
        58,
        54,
        72,
        77,
        27,
        83,
        95,
        51,
        42,
        59,
        28,
        38,
        20,
        26,
        32,
        80,
        69,
        85,
        52,
        97,
        82,
        99
      ],
      "score": 341.0,
      "length": 66.15602602096277
    }
  ],
  "dataset": "chao",
  "instance_name": "p4.3.p.txt",
  "run_seed": 35008,
  "run_index": 1
}