{
  "instance": {
    "num_nodes": 100,
    "team_size": 3,
    "max_route_distance": 76.7,
    "start_depot": 0,
    "end_depot": 99
  },
  "objective": {
    "total_score": 1253.0
  },
  "performance": {
    "cpu_time_seconds": 0.3307866999984981,
    "iterations": 20,
    "iterations_to_convergence": 16,
    "last_improvement_iteration": 16,
    "stagnation_iterations": 4,
    "accepted_worse_moves": 7,
    "restarts_performed": 1,
    "num_lp_solves": null,
    "num_labels_generated": null
  },
  "routes": [
    {
      "route_index": 1,
      "nodes": [
        0,
        96,
        66,
        16,
        54,
        58,
        40,
        64,
        41,
        86,
        92,
        3,
        50,
        47,
        23,
        7,
        43,
        87,
        94,
        18,
        11,
        63,
        84,
        60,
        98,
        6,
        76,
        82,
        99
      ],
      "score": 407.0,
      "length": 76.62095259974231
    },
    {
      "route_index": 2,
      "nodes": [
        0,
        30,
        73,
        57,
        72,
        77,
        27,
        83,
        95,
        51,
        59,
        42,
        53,
        29,
        81,
        79,
        10,
        4,
        55,
        62,
        39,
        45,
        48,
        19,
        31,
        8,
        36,
        74,
        78,
        24,
        99
      ],
      "score": 460.0,
      "length": 75.76679651388882
    },
    {
      "route_index": 3,
      "nodes": [
        0,
        14,
        34,
        67,
        9,
        32,
        26,
        20,
        38,
        28,
        61,
        37,
        91,
        25,
        46,
        5,
        13,
        1,
        90,
        15,
        75,
        12,
        17,
        88,
        22,
        80,
        69,
        85,
        52,
        97,
        49,
        89,
        99
      ],
      "score": 386.0,
      "length": 76.30010556981601
    }
  ],
  "dataset": "chao",
  "instance_name": "p4.3.s.txt",
  "run_seed": 38008,
  "run_index": 1
}