{
  "instance": {
    "num_nodes": 100,
    "team_size": 3,
    "max_route_distance": 76.7,
    "start_depot": 0,
    "end_depot": 99
  },
  "objective": {
    "total_score": 1250.0
  },
  "performance": {
    "cpu_time_seconds": 0.29443870000068273,
    "iterations": 20,
    "iterations_to_convergence": 20,
    "last_improvement_iteration": 20,
    "stagnation_iterations": 0,
    "accepted_worse_moves": 7,
    "restarts_performed": 1,
    "num_lp_solves": null,
    "num_labels_generated": null
  },
  "routes": [
    {
      "route_index": 1,
      "nodes": [
        0,
        96,
        30,
        73,
        16,
        54,
        58,
        40,
        64,
        66,
        41,
        50,
        3,
        86,
        92,
        18,
        94,
        87,
        84,
        63,
        60,
        21,
        98,
        6,
        76,
        49,
        89,
        99
      ],
      "score": 387.0,
      "length": 75.32369680201039
    },
    {
      "route_index": 2,
      "nodes": [
        0,
        23,
        7,
        43,
        34,
        67,
        9,
        81,
        29,
        42,
        53,
        72,
        77,
        27,
        83,
        95,
        51,
        59,
        37,
        61,
        91,
        25,
        46,
        28,
        38,
        20,
        26,
        32,
        80,
        69,
        85,
        52,
        97,
        82,
        99
      ],
      "score": 439.0,
      "length": 76.37853855695332
    },
    {
      "route_index": 3,
      "nodes": [
        0,
        14,
        57,
        79,
        10,
        22,
        88,
        17,
        12,
        5,
        13,
        1,
        75,
        90,
        15,
        2,
        48,
        39,
        62,
        55,
        45,
        19,
        31,
        8,
        68,
        36,
        74,
        78,
        24,
        99
      ],
      "score": 424.0,
      "length": 75.89259882852816
    }
  ],
  "dataset": "chao",
  "instance_name": "p4.3.s.txt",
  "run_seed": 38007,
  "run_index": 0
}