{
  "instance": {
    "num_nodes": 100,
    "team_size": 3,
    "max_route_distance": 70.0,
    "start_depot": 0,
    "end_depot": 99
  },
  "objective": {
    "total_score": 1164.0
  },
  "performance": {
    "cpu_time_seconds": 0.34700209999937215,
    "iterations": 20,
    "iterations_to_convergence": 20,
    "last_improvement_iteration": 20,
    "stagnation_iterations": 0,
    "accepted_worse_moves": 9,
    "restarts_performed": 1,
    "num_lp_solves": null,
    "num_labels_generated": null
  },
  "routes": [
    {
      "route_index": 1,
      "nodes": [
        0,
        30,
        73,
        57,
        72,
        77,
        53,
        42,
        79,
        52,
        85,
        10,
        22,
        88,
        17,
        71,
        12,
        75,
        90,
        15,
        2,
        65,
        48,
        19,
        31,
        8,
        45,
        74,
        78,
        24,
        99
      ],
      "score": 396.0,
      "length": 69.80854323945333
    },
    {
      "route_index": 2,
      "nodes": [
        0,
        96,
        66,
        16,
        54,
        58,
        40,
        64,
        41,
        50,
        3,
        86,
        92,
        94,
        18,
        63,
        84,
        60,
        21,
        98,
        6,
        76,
        49,
        89,
        99
      ],
      "score": 358.0,
      "length": 69.29173649626705
    },
    {
      "route_index": 3,
      "nodes": [
        0,
        23,
        7,
        43,
        34,
        14,
        67,
        9,
        81,
        29,
        59,
        51,
        27,
        95,
        83,
        93,
        37,
        61,
        91,
        25,
        46,
        28,
        38,
        20,
        26,
        32,
        80,
        69,
        4,
        39,
        62,
        55,
        82,
        99
      ],
      "score": 410.0,
      "length": 69.6131634253286
    }
  ],
  "dataset": "chao",
  "instance_name": "p4.3.q.txt",
  "run_seed": 36008,
  "run_index": 1
}