{
  "instance": {
    "num_nodes": 100,
    "team_size": 3,
    "max_route_distance": 73.3,
    "start_depot": 0,
    "end_depot": 99
  },
  "objective": {
    "total_score": 1176.0
  },
  "performance": {
    "cpu_time_seconds": 0.36466680000012275,
    "iterations": 20,
    "iterations_to_convergence": 3,
    "last_improvement_iteration": 3,
    "stagnation_iterations": 17,
    "accepted_worse_moves": 14,
    "restarts_performed": 1,
    "num_lp_solves": null,
    "num_labels_generated": null
  },
  "routes": [
    {
      "route_index": 1,
      "nodes": [
        0,
        96,
        66,
        16,
        54,
        58,
        40,
        64,
        41,
        50,
        3,
        86,
        92,
        94,
        18,
        63,
        70,
        21,
        98,
        6,
        76,
        97,
        82,
        99
      ],
      "score": 334.0,
      "length": 71.62162029505737
    },
    {
      "route_index": 2,
      "nodes": [
        0,
        23,
        7,
        34,
        52,
        85,
        10,
        69,
        80,
        22,
        32,
        20,
        38,
        28,
        26,
        88,
        71,
        12,
        17,
        75,
        90,
        15,
        2,
        48,
        39,
        62,
        55,
        45,
        19,
        31,
        8,
        36,
        74,
        78,
        24,
        99
      ],
      "score": 455.0,
      "length": 72.83184094872111
    },
    {
      "route_index": 3,
      "nodes": [
        0,
        30,
        73,
        57,
        72,
        77,
        27,
        83,
        95,
        51,
        59,
        42,
        53,
        29,
        81,
        79,
        9,
        67,
        14,
        43,
        87,
        84,
        60,
        35,
        44,
        49,
        89,
        99
      ],
      "score": 387.0,
      "length": 71.85569995801637
    }
  ],
  "dataset": "chao",
  "instance_name": "p4.3.r.txt",
  "run_seed": 37008,
  "run_index": 1
}