{
  "instance": {
    "num_nodes": 100,
    "team_size": 3,
    "max_route_distance": 70.0,
    "start_depot": 0,
    "end_depot": 99
  },
  "objective": {
    "total_score": 1115.0
  },
  "performance": {
    "cpu_time_seconds": 0.34223999999994703,
    "iterations": 20,
    "iterations_to_convergence": 20,
    "last_improvement_iteration": 20,
    "stagnation_iterations": 0,
    "accepted_worse_moves": 8,
    "restarts_performed": 1,
    "num_lp_solves": null,
    "num_labels_generated": null
  },
  "routes": [
    {
      "route_index": 1,
      "nodes": [
        0,
        14,
        9,
        79,
        59,
        28,
        38,
        20,
        32,
        80,
        69,
        22,
        88,
        17,
        12,
        75,
        90,
        15,
        2,
        65,
        48,
        39,
        62,
        55,
        45,
        19,
        31,
        8,
        68,
        36,
        74,
        78,
        24,
        99
      ],
      "score": 423.0,
      "length": 69.71779673569094
    },
    {
      "route_index": 2,
      "nodes": [
        0,
        57,
        73,
        30,
        96,
        66,
        41,
        50,
        3,
        86,
        92,
        18,
        94,
        87,
        84,
        63,
        33,
        70,
        21,
        60,
        98,
        6,
        76,
        49,
        89,
        99
      ],
      "score": 332.0,
      "length": 68.8750542078226
    },
    {
      "route_index": 3,
      "nodes": [
        0,
        23,
        7,
        43,
        34,
        67,
        81,
        29,
        42,
        53,
        72,
        77,
        27,
        95,
        83,
        93,
        37,
        61,
        91,
        25,
        46,
        26,
        10,
        85,
        52,
        97,
        82,
        99
      ],
      "score": 360.0,
      "length": 69.98208914416915
    }
  ],
  "dataset": "chao",
  "instance_name": "p4.3.q.txt",
  "run_seed": 36007,
  "run_index": 0
}