{
  "instance": {
    "num_nodes": 100,
    "team_size": 3,
    "max_route_distance": 60.0,
    "start_depot": 0,
    "end_depot": 99
  },
  "objective": {
    "total_score": 1030.0
  },
  "performance": {
    "cpu_time_seconds": 0.28460400000039954,
    "iterations": 20,
    "iterations_to_convergence": 17,
    "last_improvement_iteration": 17,
    "stagnation_iterations": 3,
    "accepted_worse_moves": 8,
    "restarts_performed": 1,
    "num_lp_solves": null,
    "num_labels_generated": null
  },
  "routes": [
    {
      "route_index": 1,
      "nodes": [
        0,
        30,
        73,
        57,
        79,
        26,
        32,
        80,
        69,
        22,
        88,
        17,
        12,
        75,
        90,
        15,
        2,
        65,
        48,
        19,
        31,
        8,
        45,
        39,
        62,
        55,
        74,
        78,
        24,
        99
      ],
      "score": 359.0,
      "length": 59.98517819083699
    },
    {
      "route_index": 2,
      "nodes": [
        0,
        96,
        41,
        86,
        92,
        3,
        50,
        47,
        23,
        7,
        34,
        43,
        87,
        94,
        18,
        63,
        84,
        60,
        21,
        98,
        6,
        44,
        49,
        89,
        76,
        99
      ],
      "score": 336.0,
      "length": 59.91132789639051
    },
    {
      "route_index": 3,
      "nodes": [
        0,
        14,
        67,
        9,
        81,
        29,
        53,
        42,
        59,
        51,
        27,
        95,
        83,
        93,
        37,
        91,
        61,
        28,
        38,
        20,
        10,
        85,
        52,
        97,
        82,
        99
      ],
      "score": 335.0,
      "length": 58.78270064989524
    }
  ],
  "dataset": "chao",
  "instance_name": "p4.3.n.txt",
  "run_seed": 33008,
  "run_index": 1
}