{
  "instance": {
    "num_nodes": 100,
    "team_size": 3,
    "max_route_distance": 46.7,
    "start_depot": 0,
    "end_depot": 99
  },
  "objective": {
    "total_score": 833.0
  },
  "performance": {
    "cpu_time_seconds": 0.2587829000003694,
    "iterations": 20,
    "iterations_to_convergence": 7,
    "last_improvement_iteration": 7,
    "stagnation_iterations": 13,
    "accepted_worse_moves": 13,
    "restarts_performed": 1,
    "num_lp_solves": null,
    "num_labels_generated": null
  },
  "routes": [
    {
      "route_index": 1,
      "nodes": [
        0,
        30,
        73,
        57,
        53,
        42,
        51,
        59,
        28,
        38,
        20,
        26,
        32,
        80,
        69,
        22,
        88,
        71,
        12,
        17,
        39,
        62,
        99
      ],
      "score": 258.0,
      "length": 45.715624378029865
    },
    {
      "route_index": 2,
      "nodes": [
        0,
        96,
        41,
        86,
        3,
        50,
        47,
        23,
        7,
        43,
        87,
        94,
        18,
        63,
        84,
        60,
        21,
        98,
        6,
        76,
        82,
        99
      ],
      "score": 280.0,
      "length": 46.3293609091878
    },
    {
      "route_index": 3,
      "nodes": [
        0,
        14,
        67,
        9,
        81,
        29,
        79,
        10,
        85,
        52,
        97,
        55,
        45,
        19,
        31,
        8,
        74,
        78,
        24,
        99
      ],
      "score": 295.0,
      "length": 46.55202240315883
    }
  ],
  "dataset": "chao",
  "instance_name": "p4.3.j.txt",
  "run_seed": 29007,
  "run_index": 0
}