{
  "instance": {
    "num_nodes": 100,
    "team_size": 3,
    "max_route_distance": 63.3,
    "start_depot": 0,
    "end_depot": 99
  },
  "objective": {
    "total_score": 1011.0
  },
  "performance": {
    "cpu_time_seconds": 0.30368040000030305,
    "iterations": 20,
    "iterations_to_convergence": 16,
    "last_improvement_iteration": 16,
    "stagnation_iterations": 4,
    "accepted_worse_moves": 11,
    "restarts_performed": 1,
    "num_lp_solves": null,
    "num_labels_generated": null
  },
  "routes": [
    {
      "route_index": 1,
      "nodes": [
        0,
        14,
        67,
        9,
        57,
        72,
        77,
        27,
        83,
        95,
        51,
        59,
        42,
        53,
        29,
        81,
        79,
        10,
        69,
        80,
        22,
        88,
        4,
        55,
        82,
        99
      ],
      "score": 390.0,
      "length": 63.03823416999146
    },
    {
      "route_index": 2,
      "nodes": [
        0,
        30,
        73,
        16,
        54,
        58,
        40,
        64,
        41,
        50,
        3,
        86,
        92,
        87,
        84,
        60,
        21,
        98,
        6,
        76,
        49,
        89,
        99
      ],
      "score": 305.0,
      "length": 63.13262042811808
    },
    {
      "route_index": 3,
      "nodes": [
        0,
        96,
        47,
        23,
        7,
        34,
        43,
        94,
        18,
        11,
        63,
        97,
        62,
        39,
        45,
        19,
        31,
        8,
        68,
        36,
        74,
        78,
        24,
        99
      ],
      "score": 316.0,
      "length": 62.436693458037176
    }
  ],
  "dataset": "chao",
  "instance_name": "p4.3.o.txt",
  "run_seed": 34007,
  "run_index": 0
}