{
  "instance": {
    "num_nodes": 100,
    "team_size": 3,
    "max_route_distance": 66.7,
    "start_depot": 0,
    "end_depot": 99
  },
  "objective": {
    "total_score": 1109.0
  },
  "performance": {
    "cpu_time_seconds": 0.30640800000037416,
    "iterations": 20,
    "iterations_to_convergence": 9,
    "last_improvement_iteration": 9,
    "stagnation_iterations": 11,
    "accepted_worse_moves": 11,
    "restarts_performed": 1,
    "num_lp_solves": null,
    "num_labels_generated": null
  },
  "routes": [
    {
      "route_index": 1,
      "nodes": [
        0,
        96,
        41,
        86,
        92,
        3,
        50,
        47,
        23,
        87,
        94,
        18,
        11,
        63,
        70,
        84,
        60,
        98,
        35,
        44,
        49,
        89,
        76,
        82,
        99
      ],
      "score": 321.0,
      "length": 65.9678931328895
    },
    {
      "route_index": 2,
      "nodes": [
        0,
        30,
        57,
        72,
        77,
        27,
        95,
        59,
        42,
        53,
        29,
        79,
        9,
        67,
        52,
        97,
        55,
        62,
        39,
        19,
        31,
        8,
        78,
        24,
        99
      ],
      "score": 390.0,
      "length": 66.62736354878767
    },
    {
      "route_index": 3,
      "nodes": [
        0,
        14,
        7,
        43,
        34,
        10,
        69,
        80,
        22,
        88,
        32,
        26,
        20,
        38,
        28,
        61,
        37,
        91,
        25,
        46,
        5,
        13,
        1,
        90,
        15,
        75,
        12,
        17,
        48,
        45,
        74,
        99
      ],
      "score": 398.0,
      "length": 66.1239645339686
    }
  ],
  "dataset": "chao",
  "instance_name": "p4.3.p.txt",
  "run_seed": 35007,
  "run_index": 0
}