{
  "instance": {
    "num_nodes": 100,
    "team_size": 3,
    "max_route_distance": 50.0,
    "start_depot": 0,
    "end_depot": 99
  },
  "objective": {
    "total_score": 837.0
  },
  "performance": {
    "cpu_time_seconds": 0.28637309999976424,
    "iterations": 20,
    "iterations_to_convergence": 13,
    "last_improvement_iteration": 13,
    "stagnation_iterations": 7,
    "accepted_worse_moves": 11,
    "restarts_performed": 1,
    "num_lp_solves": null,
    "num_labels_generated": null
  },
  "routes": [
    {
      "route_index": 1,
      "nodes": [
        0,
        23,
        7,
        34,
        43,
        87,
        94,
        18,
        11,
        63,
        84,
        60,
        21,
        98,
        6,
        35,
        44,
        49,
        89,
        76,
        99
      ],
      "score": 224.0,
      "length": 49.9416061025495
    },
    {
      "route_index": 2,
      "nodes": [
        0,
        96,
        50,
        3,
        86,
        41,
        66,
        30,
        73,
        57,
        53,
        42,
        29,
        79,
        52,
        97,
        74,
        78,
        24,
        99
      ],
      "score": 291.0,
      "length": 49.79283058730286
    },
    {
      "route_index": 3,
      "nodes": [
        0,
        14,
        9,
        67,
        10,
        69,
        80,
        22,
        88,
        17,
        12,
        75,
        90,
        15,
        2,
        48,
        19,
        31,
        8,
        45,
        39,
        62,
        55,
        82,
        99
      ],
      "score": 322.0,
      "length": 49.62607348708871
    }
  ],
  "dataset": "chao",
  "instance_name": "p4.3.k.txt",
  "run_seed": 30008,
  "run_index": 1
}