{
  "instance": {
    "num_nodes": 100,
    "team_size": 4,
    "max_route_distance": 50.0,
    "start_depot": 0,
    "end_depot": 99
  },
  "objective": {
    "total_score": 944.0
  },
  "performance": {
    "cpu_time_seconds": 0.3392777000008209,
    "iterations": 20,
    "iterations_to_convergence": 6,
    "last_improvement_iteration": 6,
    "stagnation_iterations": 14,
    "accepted_worse_moves": 11,
    "restarts_performed": 1,
    "num_lp_solves": null,
    "num_labels_generated": null
  },
  "routes": [
    {
      "route_index": 1,
      "nodes": [
        0,
        67,
        10,
        69,
        80,
        22,
        88,
        71,
        12,
        75,
        90,
        15,
        17,
        39,
        62,
        45,
        19,
        31,
        8,
        68,
        36,
        74,
        78,
        24,
        99
      ],
      "score": 312.0,
      "length": 49.77238036807604
    },
    {
      "route_index": 2,
      "nodes": [
        0,
        96,
        41,
        50,
        3,
        86,
        92,
        94,
        18,
        11,
        63,
        33,
        70,
        21,
        98,
        6,
        76,
        99
      ],
      "score": 236.0,
      "length": 48.884007647248225
    },
    {
      "route_index": 3,
      "nodes": [
        0,
        57,
        53,
        42,
        29,
        81,
        79,
        9,
        14,
        43,
        87,
        84,
        60,
        35,
        44,
        49,
        89,
        99
      ],
      "score": 212.0,
      "length": 48.47084714286729
    },
    {
      "route_index": 4,
      "nodes": [
        0,
        30,
        73,
        16,
        54,
        64,
        66,
        47,
        23,
        7,
        34,
        52,
        97,
        55,
        82,
        99
      ],
      "score": 184.0,
      "length": 49.402409962045326
    }
  ],
  "dataset": "chao",
  "instance_name": "p4.4.p.txt",
  "run_seed": 55007,
  "run_index": 0
}