{
  "instance": {
    "num_nodes": 100,
    "team_size": 4,
    "max_route_distance": 45.0,
    "start_depot": 0,
    "end_depot": 99
  },
  "objective": {
    "total_score": 927.0
  },
  "performance": {
    "cpu_time_seconds": 0.34473479999905976,
    "iterations": 20,
    "iterations_to_convergence": 11,
    "last_improvement_iteration": 11,
    "stagnation_iterations": 9,
    "accepted_worse_moves": 10,
    "restarts_performed": 1,
    "num_lp_solves": null,
    "num_labels_generated": null
  },
  "routes": [
    {
      "route_index": 1,
      "nodes": [
        0,
        14,
        67,
        9,
        79,
        10,
        22,
        88,
        71,
        12,
        17,
        48,
        19,
        31,
        8,
        45,
        74,
        78,
        24,
        99
      ],
      "score": 304.0,
      "length": 44.65548383747571
    },
    {
      "route_index": 2,
      "nodes": [
        0,
        96,
        66,
        41,
        50,
        3,
        86,
        92,
        47,
        23,
        87,
        84,
        60,
        35,
        44,
        49,
        89,
        99
      ],
      "score": 221.0,
      "length": 44.77871792353044
    },
    {
      "route_index": 3,
      "nodes": [
        0,
        7,
        34,
        43,
        94,
        18,
        11,
        63,
        70,
        21,
        98,
        6,
        76,
        97,
        82,
        99
      ],
      "score": 156.0,
      "length": 44.886673819774884
    },
    {
      "route_index": 4,
      "nodes": [
        0,
        30,
        73,
        57,
        81,
        29,
        42,
        59,
        28,
        38,
        20,
        26,
        32,
        80,
        69,
        85,
        52,
        4,
        39,
        62,
        55,
        99
      ],
      "score": 246.0,
      "length": 44.97535470430369
    }
  ],
  "dataset": "chao",
  "instance_name": "p4.4.n.txt",
  "run_seed": 53008,
  "run_index": 1
}