{
  "instance": {
    "num_nodes": 100,
    "team_size": 4,
    "max_route_distance": 42.5,
    "start_depot": 0,
    "end_depot": 99
  },
  "objective": {
    "total_score": 850.0
  },
  "performance": {
    "cpu_time_seconds": 0.3567421000007016,
    "iterations": 20,
    "iterations_to_convergence": 20,
    "last_improvement_iteration": 20,
    "stagnation_iterations": 0,
    "accepted_worse_moves": 14,
    "restarts_performed": 1,
    "num_lp_solves": null,
    "num_labels_generated": null
  },
  "routes": [
    {
      "route_index": 1,
      "nodes": [
        0,
        23,
        96,
        50,
        3,
        86,
        92,
        94,
        18,
        63,
        84,
        98,
        6,
        49,
        89,
        99
      ],
      "score": 236.0,
      "length": 42.417467473532554
    },
    {
      "route_index": 2,
      "nodes": [
        0,
        14,
        9,
        67,
        10,
        22,
        88,
        71,
        12,
        75,
        17,
        4,
        62,
        39,
        45,
        78,
        24,
        99
      ],
      "score": 245.0,
      "length": 42.32849557914528
    },
    {
      "route_index": 3,
      "nodes": [
        0,
        7,
        43,
        34,
        97,
        76,
        82,
        74,
        19,
        31,
        8,
        68,
        36,
        99
      ],
      "score": 145.0,
      "length": 42.35023754152267
    },
    {
      "route_index": 4,
      "nodes": [
        0,
        30,
        73,
        57,
        81,
        29,
        53,
        42,
        59,
        28,
        38,
        20,
        26,
        32,
        80,
        69,
        85,
        52,
        55,
        99
      ],
      "score": 224.0,
      "length": 42.15501470069615
    }
  ],
  "dataset": "chao",
  "instance_name": "p4.4.m.txt",
  "run_seed": 52007,
  "run_index": 0
}