{
  "instance": {
    "num_nodes": 100,
    "team_size": 4,
    "max_route_distance": 37.5,
    "start_depot": 0,
    "end_depot": 99
  },
  "objective": {
    "total_score": 709.0
  },
  "performance": {
    "cpu_time_seconds": 0.27746310000111407,
    "iterations": 20,
    "iterations_to_convergence": 15,
    "last_improvement_iteration": 15,
    "stagnation_iterations": 5,
    "accepted_worse_moves": 16,
    "restarts_performed": 1,
    "num_lp_solves": null,
    "num_labels_generated": null
  },
  "routes": [
    {
      "route_index": 1,
      "nodes": [
        0,
        96,
        66,
        41,
        86,
        3,
        50,
        23,
        7,
        43,
        34,
        49,
        89,
        99
      ],
      "score": 180.0,
      "length": 37.24031462954287
    },
    {
      "route_index": 2,
      "nodes": [
        0,
        14,
        81,
        29,
        79,
        52,
        85,
        4,
        62,
        39,
        45,
        74,
        78,
        24,
        99
      ],
      "score": 189.0,
      "length": 36.45878390907805
    },
    {
      "route_index": 3,
      "nodes": [
        0,
        30,
        57,
        9,
        67,
        10,
        69,
        80,
        22,
        88,
        12,
        17,
        55,
        82,
        99
      ],
      "score": 198.0,
      "length": 37.44019748466572
    },
    {
      "route_index": 4,
      "nodes": [
        0,
        47,
        92,
        94,
        18,
        63,
        84,
        60,
        21,
        98,
        6,
        76,
        99
      ],
      "score": 142.0,
      "length": 36.444554761950194
    }
  ],
  "dataset": "chao",
  "instance_name": "p4.4.k.txt",
  "run_seed": 50007,
  "run_index": 0
}