{
  "instance": {
    "num_nodes": 100,
    "team_size": 4,
    "max_route_distance": 40.0,
    "start_depot": 0,
    "end_depot": 99
  },
  "objective": {
    "total_score": 817.0
  },
  "performance": {
    "cpu_time_seconds": 0.2994651999997586,
    "iterations": 20,
    "iterations_to_convergence": 13,
    "last_improvement_iteration": 13,
    "stagnation_iterations": 7,
    "accepted_worse_moves": 12,
    "restarts_performed": 1,
    "num_lp_solves": null,
    "num_labels_generated": null
  },
  "routes": [
    {
      "route_index": 1,
      "nodes": [
        0,
        14,
        9,
        67,
        10,
        69,
        80,
        88,
        71,
        12,
        17,
        39,
        62,
        45,
        74,
        78,
        24,
        99
      ],
      "score": 262.0,
      "length": 38.91889554218013
    },
    {
      "route_index": 2,
      "nodes": [
        0,
        96,
        66,
        41,
        86,
        50,
        3,
        92,
        11,
        63,
        98,
        6,
        76,
        99
      ],
      "score": 184.0,
      "length": 39.218967880510846
    },
    {
      "route_index": 3,
      "nodes": [
        0,
        47,
        23,
        7,
        34,
        87,
        94,
        18,
        84,
        60,
        21,
        35,
        44,
        49,
        89,
        99
      ],
      "score": 166.0,
      "length": 39.751474525721584
    },
    {
      "route_index": 4,
      "nodes": [
        0,
        30,
        73,
        57,
        81,
        29,
        53,
        42,
        51,
        59,
        28,
        38,
        20,
        26,
        32,
        22,
        4,
        55,
        82,
        99
      ],
      "score": 205.0,
      "length": 39.36043909799812
    }
  ],
  "dataset": "chao",
  "instance_name": "p4.4.l.txt",
  "run_seed": 51008,
  "run_index": 1
}