{
  "instance": {
    "num_nodes": 100,
    "team_size": 4,
    "max_route_distance": 55.0,
    "start_depot": 0,
    "end_depot": 99
  },
  "objective": {
    "total_score": 1087.0
  },
  "performance": {
    "cpu_time_seconds": 0.3421496999999363,
    "iterations": 20,
    "iterations_to_convergence": 11,
    "last_improvement_iteration": 11,
    "stagnation_iterations": 9,
    "accepted_worse_moves": 11,
    "restarts_performed": 1,
    "num_lp_solves": null,
    "num_labels_generated": null
  },
  "routes": [
    {
      "route_index": 1,
      "nodes": [
        0,
        47,
        3,
        50,
        41,
        86,
        92,
        94,
        18,
        11,
        63,
        33,
        70,
        21,
        35,
        44,
        49,
        89,
        99
      ],
      "score": 217.0,
      "length": 53.38673448036472
    },
    {
      "route_index": 2,
      "nodes": [
        0,
        57,
        81,
        29,
        42,
        51,
        59,
        28,
        38,
        20,
        26,
        32,
        80,
        69,
        85,
        52,
        97,
        55,
        45,
        19,
        31,
        8,
        36,
        78,
        24,
        99
      ],
      "score": 340.0,
      "length": 54.9933850198365
    },
    {
      "route_index": 3,
      "nodes": [
        0,
        14,
        9,
        67,
        10,
        22,
        88,
        17,
        12,
        5,
        13,
        1,
        90,
        15,
        2,
        48,
        39,
        62,
        74,
        99
      ],
      "score": 281.0,
      "length": 54.820520736397825
    },
    {
      "route_index": 4,
      "nodes": [
        0,
        30,
        73,
        16,
        54,
        58,
        64,
        66,
        96,
        23,
        7,
        34,
        43,
        87,
        84,
        60,
        98,
        6,
        76,
        82,
        99
      ],
      "score": 249.0,
      "length": 54.88661185477
    }
  ],
  "dataset": "chao",
  "instance_name": "p4.4.r.txt",
  "run_seed": 57007,
  "run_index": 0
}