{
  "instance": {
    "num_nodes": 100,
    "team_size": 4,
    "max_route_distance": 52.5,
    "start_depot": 0,
    "end_depot": 99
  },
  "objective": {
    "total_score": 1063.0
  },
  "performance": {
    "cpu_time_seconds": 0.36830190000000584,
    "iterations": 20,
    "iterations_to_convergence": 15,
    "last_improvement_iteration": 15,
    "stagnation_iterations": 5,
    "accepted_worse_moves": 11,
    "restarts_performed": 1,
    "num_lp_solves": null,
    "num_labels_generated": null
  },
  "routes": [
    {
      "route_index": 1,
      "nodes": [
        0,
        14,
        9,
        81,
        29,
        53,
        42,
        51,
        59,
        28,
        38,
        20,
        26,
        32,
        80,
        69,
        22,
        88,
        17,
        48,
        19,
        31,
        8,
        45,
        74,
        78,
        24,
        99
      ],
      "score": 390.0,
      "length": 51.98991453779472
    },
    {
      "route_index": 2,
      "nodes": [
        0,
        96,
        41,
        50,
        3,
        86,
        92,
        18,
        94,
        87,
        84,
        63,
        70,
        60,
        98,
        6,
        76,
        49,
        89,
        99
      ],
      "score": 281.0,
      "length": 52.190139162942714
    },
    {
      "route_index": 3,
      "nodes": [
        0,
        30,
        73,
        16,
        64,
        54,
        72,
        77,
        57,
        10,
        85,
        52,
        97,
        82,
        99
      ],
      "score": 187.0,
      "length": 51.17580041822357
    },
    {
      "route_index": 4,
      "nodes": [
        0,
        23,
        7,
        43,
        34,
        67,
        79,
        37,
        61,
        91,
        25,
        46,
        71,
        12,
        75,
        90,
        15,
        39,
        62,
        55,
        99
      ],
      "score": 205.0,
      "length": 52.0207314754323
    }
  ],
  "dataset": "chao",
  "instance_name": "p4.4.q.txt",
  "run_seed": 56008,
  "run_index": 1
}