{
  "instance": {
    "num_nodes": 100,
    "team_size": 4,
    "max_route_distance": 47.5,
    "start_depot": 0,
    "end_depot": 99
  },
  "objective": {
    "total_score": 962.0
  },
  "performance": {
    "cpu_time_seconds": 0.3328731000001426,
    "iterations": 20,
    "iterations_to_convergence": 13,
    "last_improvement_iteration": 13,
    "stagnation_iterations": 7,
    "accepted_worse_moves": 10,
    "restarts_performed": 1,
    "num_lp_solves": null,
    "num_labels_generated": null
  },
  "routes": [
    {
      "route_index": 1,
      "nodes": [
        0,
        23,
        47,
        96,
        41,
        50,
        3,
        86,
        92,
        18,
        94,
        87,
        84,
        60,
        21,
        98,
        35,
        44,
        49,
        89,
        99
      ],
      "score": 256.0,
      "length": 47.494533148402304
    },
    {
      "route_index": 2,
      "nodes": [
        0,
        9,
        79,
        81,
        29,
        53,
        42,
        51,
        59,
        28,
        38,
        20,
        26,
        32,
        22,
        4,
        55,
        62,
        39,
        45,
        74,
        99
      ],
      "score": 248.0,
      "length": 44.87024974041963
    },
    {
      "route_index": 3,
      "nodes": [
        0,
        30,
        73,
        72,
        77,
        57,
        7,
        43,
        34,
        52,
        97,
        76,
        82,
        99
      ],
      "score": 168.0,
      "length": 47.43372327759736
    },
    {
      "route_index": 4,
      "nodes": [
        0,
        14,
        67,
        10,
        69,
        80,
        88,
        17,
        12,
        75,
        90,
        15,
        2,
        65,
        48,
        19,
        31,
        8,
        68,
        36,
        78,
        24,
        99
      ],
      "score": 290.0,
      "length": 46.337618367013114
    }
  ],
  "dataset": "chao",
  "instance_name": "p4.4.o.txt",
  "run_seed": 54007,
  "run_index": 0
}