{
  "instance": {
    "num_nodes": 100,
    "team_size": 4,
    "max_route_distance": 52.5,
    "start_depot": 0,
    "end_depot": 99
  },
  "objective": {
    "total_score": 1025.0
  },
  "performance": {
    "cpu_time_seconds": 0.39804369999910705,
    "iterations": 20,
    "iterations_to_convergence": 20,
    "last_improvement_iteration": 20,
    "stagnation_iterations": 0,
    "accepted_worse_moves": 13,
    "restarts_performed": 1,
    "num_lp_solves": null,
    "num_labels_generated": null
  },
  "routes": [
    {
      "route_index": 1,
      "nodes": [
        0,
        66,
        30,
        73,
        57,
        9,
        81,
        53,
        42,
        51,
        59,
        10,
        69,
        80,
        22,
        39,
        62,
        45,
        74,
        24,
        99
      ],
      "score": 247.0,
      "length": 51.70186421011192
    },
    {
      "route_index": 2,
      "nodes": [
        0,
        7,
        43,
        34,
        52,
        97,
        17,
        12,
        75,
        90,
        15,
        2,
        65,
        48,
        19,
        31,
        8,
        68,
        36,
        78,
        99
      ],
      "score": 229.0,
      "length": 52.42762884980885
    },
    {
      "route_index": 3,
      "nodes": [
        0,
        96,
        41,
        50,
        3,
        86,
        92,
        47,
        23,
        87,
        94,
        18,
        63,
        84,
        60,
        98,
        6,
        76,
        89,
        99
      ],
      "score": 286.0,
      "length": 52.209347973863544
    },
    {
      "route_index": 4,
      "nodes": [
        0,
        14,
        67,
        79,
        29,
        72,
        77,
        27,
        95,
        28,
        38,
        20,
        26,
        32,
        88,
        4,
        55,
        82,
        99
      ],
      "score": 263.0,
      "length": 51.95203172247205
    }
  ],
  "dataset": "chao",
  "instance_name": "p4.4.q.txt",
  "run_seed": 56007,
  "run_index": 0
}