{
  "instance": {
    "num_nodes": 100,
    "team_size": 4,
    "max_route_distance": 55.0,
    "start_depot": 0,
    "end_depot": 99
  },
  "objective": {
    "total_score": 1129.0
  },
  "performance": {
    "cpu_time_seconds": 0.3687085000001389,
    "iterations": 20,
    "iterations_to_convergence": 11,
    "last_improvement_iteration": 11,
    "stagnation_iterations": 9,
    "accepted_worse_moves": 11,
    "restarts_performed": 1,
    "num_lp_solves": null,
    "num_labels_generated": null
  },
  "routes": [
    {
      "route_index": 1,
      "nodes": [
        0,
        96,
        41,
        50,
        3,
        86,
        92,
        18,
        94,
        87,
        84,
        63,
        70,
        60,
        21,
        35,
        44,
        49,
        89,
        76,
        99
      ],
      "score": 286.0,
      "length": 54.773472875258356
    },
    {
      "route_index": 2,
      "nodes": [
        0,
        14,
        9,
        67,
        38,
        20,
        26,
        32,
        80,
        69,
        22,
        88,
        12,
        75,
        90,
        17,
        39,
        62,
        45,
        19,
        31,
        8,
        74,
        78,
        24,
        99
      ],
      "score": 356.0,
      "length": 54.92744503902298
    },
    {
      "route_index": 3,
      "nodes": [
        0,
        57,
        72,
        77,
        27,
        83,
        95,
        51,
        59,
        42,
        53,
        29,
        81,
        79,
        10,
        85,
        52,
        97,
        82,
        99
      ],
      "score": 287.0,
      "length": 54.68238461046048
    },
    {
      "route_index": 4,
      "nodes": [
        0,
        30,
        73,
        16,
        54,
        58,
        40,
        64,
        66,
        47,
        23,
        7,
        43,
        34,
        4,
        55,
        99
      ],
      "score": 200.0,
      "length": 54.850441272527505
    }
  ],
  "dataset": "chao",
  "instance_name": "p4.4.r.txt",
  "run_seed": 57008,
  "run_index": 1
}