{
  "instance": {
    "num_nodes": 100,
    "team_size": 4,
    "max_route_distance": 60.0,
    "start_depot": 0,
    "end_depot": 99
  },
  "objective": {
    "total_score": 1210.0
  },
  "performance": {
    "cpu_time_seconds": 0.3997193999985029,
    "iterations": 20,
    "iterations_to_convergence": 19,
    "last_improvement_iteration": 19,
    "stagnation_iterations": 1,
    "accepted_worse_moves": 8,
    "restarts_performed": 1,
    "num_lp_solves": null,
    "num_labels_generated": null
  },
  "routes": [
    {
      "route_index": 1,
      "nodes": [
        0,
        23,
        47,
        96,
        66,
        41,
        50,
        3,
        86,
        92,
        18,
        94,
        87,
        84,
        63,
        70,
        21,
        60,
        98,
        6,
        49,
        89,
        76,
        99
      ],
      "score": 308.0,
      "length": 59.1452243598436
    },
    {
      "route_index": 2,
      "nodes": [
        0,
        14,
        67,
        9,
        81,
        29,
        42,
        53,
        72,
        77,
        27,
        83,
        95,
        51,
        59,
        26,
        32,
        22,
        88,
        4,
        55,
        82,
        99
      ],
      "score": 323.0,
      "length": 57.92330074866567
    },
    {
      "route_index": 3,
      "nodes": [
        0,
        30,
        73,
        16,
        64,
        54,
        57,
        79,
        80,
        69,
        62,
        39,
        45,
        19,
        31,
        8,
        68,
        36,
        78,
        24,
        99
      ],
      "score": 274.0,
      "length": 59.51191754825135
    },
    {
      "route_index": 4,
      "nodes": [
        0,
        7,
        43,
        34,
        52,
        85,
        10,
        20,
        38,
        28,
        61,
        37,
        91,
        25,
        46,
        5,
        13,
        1,
        90,
        15,
        75,
        12,
        17,
        48,
        74,
        99
      ],
      "score": 305.0,
      "length": 59.96839902622935
    }
  ],
  "dataset": "chao",
  "instance_name": "p4.4.t.txt",
  "run_seed": 59008,
  "run_index": 1
}