{
  "instance": {
    "num_nodes": 100,
    "team_size": 4,
    "max_route_distance": 50.0,
    "start_depot": 0,
    "end_depot": 99
  },
  "objective": {
    "total_score": 1005.0
  },
  "performance": {
    "cpu_time_seconds": 0.3845510999999533,
    "iterations": 20,
    "iterations_to_convergence": 20,
    "last_improvement_iteration": 20,
    "stagnation_iterations": 0,
    "accepted_worse_moves": 10,
    "restarts_performed": 1,
    "num_lp_solves": null,
    "num_labels_generated": null
  },
  "routes": [
    {
      "route_index": 1,
      "nodes": [
        0,
        14,
        67,
        79,
        10,
        80,
        69,
        85,
        52,
        97,
        62,
        39,
        45,
        19,
        31,
        8,
        68,
        36,
        74,
        78,
        24,
        99
      ],
      "score": 287.0,
      "length": 49.394828763620346
    },
    {
      "route_index": 2,
      "nodes": [
        0,
        96,
        50,
        3,
        86,
        92,
        11,
        63,
        18,
        94,
        87,
        84,
        60,
        21,
        98,
        6,
        35,
        44,
        49,
        89,
        99
      ],
      "score": 252.0,
      "length": 49.8400151090416
    },
    {
      "route_index": 3,
      "nodes": [
        0,
        57,
        9,
        81,
        29,
        42,
        51,
        59,
        28,
        38,
        20,
        26,
        32,
        22,
        88,
        12,
        75,
        90,
        15,
        17,
        4,
        55,
        82,
        99
      ],
      "score": 282.0,
      "length": 49.89442589587588
    },
    {
      "route_index": 4,
      "nodes": [
        0,
        30,
        73,
        64,
        58,
        40,
        41,
        47,
        23,
        7,
        43,
        34,
        76,
        99
      ],
      "score": 184.0,
      "length": 49.91594409615708
    }
  ],
  "dataset": "chao",
  "instance_name": "p4.4.p.txt",
  "run_seed": 55008,
  "run_index": 1
}