{
  "instance": {
    "num_nodes": 100,
    "team_size": 4,
    "max_route_distance": 57.5,
    "start_depot": 0,
    "end_depot": 99
  },
  "objective": {
    "total_score": 1184.0
  },
  "performance": {
    "cpu_time_seconds": 0.32756010000048263,
    "iterations": 20,
    "iterations_to_convergence": 12,
    "last_improvement_iteration": 12,
    "stagnation_iterations": 8,
    "accepted_worse_moves": 5,
    "restarts_performed": 1,
    "num_lp_solves": null,
    "num_labels_generated": null
  },
  "routes": [
    {
      "route_index": 1,
      "nodes": [
        0,
        14,
        9,
        67,
        10,
        69,
        80,
        22,
        88,
        4,
        62,
        39,
        45,
        48,
        2,
        65,
        19,
        31,
        8,
        68,
        36,
        74,
        78,
        24,
        99
      ],
      "score": 312.0,
      "length": 54.075577556488696
    },
    {
      "route_index": 2,
      "nodes": [
        0,
        23,
        7,
        43,
        34,
        32,
        26,
        20,
        38,
        28,
        61,
        37,
        91,
        25,
        46,
        5,
        13,
        1,
        90,
        15,
        75,
        12,
        17,
        55,
        82,
        99
      ],
      "score": 290.0,
      "length": 57.45311885472896
    },
    {
      "route_index": 3,
      "nodes": [
        0,
        30,
        73,
        57,
        72,
        77,
        27,
        83,
        95,
        51,
        59,
        42,
        53,
        29,
        81,
        79,
        52,
        97,
        76,
        99
      ],
      "score": 303.0,
      "length": 57.41436227262897
    },
    {
      "route_index": 4,
      "nodes": [
        0,
        96,
        41,
        50,
        3,
        86,
        92,
        18,
        94,
        87,
        84,
        63,
        33,
        70,
        21,
        60,
        98,
        35,
        44,
        49,
        89,
        99
      ],
      "score": 279.0,
      "length": 57.48151510790879
    }
  ],
  "dataset": "chao",
  "instance_name": "p4.4.s.txt",
  "run_seed": 58007,
  "run_index": 0
}