{
  "instance": {
    "num_nodes": 100,
    "team_size": 4,
    "max_route_distance": 32.5,
    "start_depot": 0,
    "end_depot": 99
  },
  "objective": {
    "total_score": 636.0
  },
  "performance": {
    "cpu_time_seconds": 0.2672551999985444,
    "iterations": 20,
    "iterations_to_convergence": 1,
    "last_improvement_iteration": 1,
    "stagnation_iterations": 19,
    "accepted_worse_moves": 16,
    "restarts_performed": 1,
    "num_lp_solves": null,
    "num_labels_generated": null
  },
  "routes": [
    {
      "route_index": 1,
      "nodes": [
        0,
        96,
        50,
        3,
        86,
        92,
        18,
        94,
        87,
        76,
        99
      ],
      "score": 171.0,
      "length": 32.38335937263244
    },
    {
      "route_index": 2,
      "nodes": [
        0,
        14,
        9,
        67,
        52,
        85,
        62,
        39,
        45,
        74,
        78,
        24,
        99
      ],
      "score": 174.0,
      "length": 31.983717105573064
    },
    {
      "route_index": 3,
      "nodes": [
        0,
        30,
        57,
        81,
        29,
        79,
        10,
        69,
        80,
        22,
        88,
        4,
        55,
        82,
        99
      ],
      "score": 169.0,
      "length": 32.40669824741783
    },
    {
      "route_index": 4,
      "nodes": [
        0,
        23,
        7,
        34,
        84,
        60,
        21,
        98,
        6,
        44,
        49,
        89,
        99
      ],
      "score": 122.0,
      "length": 32.24244784615857
    }
  ],
  "dataset": "chao",
  "instance_name": "p4.4.i.txt",
  "run_seed": 48007,
  "run_index": 0
}