{
  "instance": {
    "num_nodes": 100,
    "team_size": 4,
    "max_route_distance": 57.5,
    "start_depot": 0,
    "end_depot": 99
  },
  "objective": {
    "total_score": 1185.0
  },
  "performance": {
    "cpu_time_seconds": 0.36175379999986035,
    "iterations": 20,
    "iterations_to_convergence": 18,
    "last_improvement_iteration": 18,
    "stagnation_iterations": 2,
    "accepted_worse_moves": 11,
    "restarts_performed": 1,
    "num_lp_solves": null,
    "num_labels_generated": null
  },
  "routes": [
    {
      "route_index": 1,
      "nodes": [
        0,
        96,
        66,
        41,
        86,
        3,
        50,
        47,
        92,
        18,
        94,
        87,
        84,
        63,
        60,
        98,
        6,
        35,
        44,
        49,
        89,
        76,
        99
      ],
      "score": 285.0,
      "length": 57.032103032001515
    },
    {
      "route_index": 2,
      "nodes": [
        0,
        30,
        73,
        16,
        64,
        40,
        58,
        54,
        72,
        77,
        57,
        9,
        67,
        52,
        85,
        4,
        55,
        99
      ],
      "score": 248.0,
      "length": 56.384021599303644
    },
    {
      "route_index": 3,
      "nodes": [
        0,
        23,
        7,
        43,
        34,
        10,
        22,
        88,
        71,
        12,
        75,
        90,
        15,
        17,
        48,
        39,
        62,
        45,
        19,
        31,
        8,
        68,
        36,
        74,
        78,
        24,
        99
      ],
      "score": 344.0,
      "length": 57.47021399795964
    },
    {
      "route_index": 4,
      "nodes": [
        0,
        14,
        79,
        81,
        29,
        53,
        42,
        59,
        51,
        27,
        95,
        83,
        93,
        37,
        61,
        28,
        38,
        20,
        26,
        32,
        80,
        69,
        97,
        82,
        99
      ],
      "score": 308.0,
      "length": 56.56334478447548
    }
  ],
  "dataset": "chao",
  "instance_name": "p4.4.s.txt",
  "run_seed": 58008,
  "run_index": 1
}