{
  "instance": {
    "num_nodes": 100,
    "team_size": 4,
    "max_route_distance": 42.5,
    "start_depot": 0,
    "end_depot": 99
  },
  "objective": {
    "total_score": 901.0
  },
  "performance": {
    "cpu_time_seconds": 0.273366100000203,
    "iterations": 20,
    "iterations_to_convergence": 7,
    "last_improvement_iteration": 7,
    "stagnation_iterations": 13,
    "accepted_worse_moves": 10,
    "restarts_performed": 1,
    "num_lp_solves": null,
    "num_labels_generated": null
  },
  "routes": [
    {
      "route_index": 1,
      "nodes": [
        0,
        23,
        7,
        34,
        10,
        69,
        80,
        88,
        17,
        48,
        19,
        31,
        8,
        68,
        36,
        78,
        24,
        99
      ],
      "score": 261.0,
      "length": 42.28445702176932
    },
    {
      "route_index": 2,
      "nodes": [
        0,
        96,
        41,
        50,
        3,
        86,
        92,
        18,
        94,
        87,
        84,
        60,
        21,
        98,
        6,
        76,
        49,
        89,
        99
      ],
      "score": 244.0,
      "length": 42.124262985575015
    },
    {
      "route_index": 3,
      "nodes": [
        0,
        14,
        9,
        79,
        59,
        28,
        38,
        20,
        26,
        32,
        22,
        4,
        55,
        62,
        39,
        45,
        74,
        99
      ],
      "score": 209.0,
      "length": 42.303519445917566
    },
    {
      "route_index": 4,
      "nodes": [
        0,
        30,
        73,
        57,
        72,
        77,
        53,
        42,
        29,
        81,
        67,
        52,
        97,
        82,
        99
      ],
      "score": 187.0,
      "length": 41.633874920515545
    }
  ],
  "dataset": "chao",
  "instance_name": "p4.4.m.txt",
  "run_seed": 52008,
  "run_index": 1
}