{
  "instance": {
    "num_nodes": 100,
    "team_size": 4,
    "max_route_distance": 37.5,
    "start_depot": 0,
    "end_depot": 99
  },
  "objective": {
    "total_score": 745.0
  },
  "performance": {
    "cpu_time_seconds": 0.29425719999926514,
    "iterations": 20,
    "iterations_to_convergence": 13,
    "last_improvement_iteration": 13,
    "stagnation_iterations": 7,
    "accepted_worse_moves": 11,
    "restarts_performed": 1,
    "num_lp_solves": null,
    "num_labels_generated": null
  },
  "routes": [
    {
      "route_index": 1,
      "nodes": [
        0,
        96,
        66,
        41,
        50,
        3,
        86,
        92,
        18,
        94,
        84,
        98,
        6,
        76,
        82,
        99
      ],
      "score": 209.0,
      "length": 37.25129349310169
    },
    {
      "route_index": 2,
      "nodes": [
        0,
        30,
        73,
        57,
        9,
        67,
        52,
        97,
        62,
        39,
        45,
        74,
        78,
        24,
        99
      ],
      "score": 197.0,
      "length": 37.13648162036812
    },
    {
      "route_index": 3,
      "nodes": [
        0,
        14,
        81,
        29,
        79,
        10,
        80,
        22,
        88,
        12,
        17,
        4,
        55,
        99
      ],
      "score": 206.0,
      "length": 37.36355210877441
    },
    {
      "route_index": 4,
      "nodes": [
        0,
        23,
        7,
        34,
        87,
        63,
        60,
        21,
        35,
        44,
        49,
        89,
        99
      ],
      "score": 133.0,
      "length": 37.03903066199444
    }
  ],
  "dataset": "chao",
  "instance_name": "p4.4.k.txt",
  "run_seed": 50008,
  "run_index": 1
}