{
  "instance": {
    "num_nodes": 100,
    "team_size": 4,
    "max_route_distance": 47.5,
    "start_depot": 0,
    "end_depot": 99
  },
  "objective": {
    "total_score": 962.0
  },
  "performance": {
    "cpu_time_seconds": 0.42356309999922814,
    "iterations": 20,
    "iterations_to_convergence": 20,
    "last_improvement_iteration": 20,
    "stagnation_iterations": 0,
    "accepted_worse_moves": 15,
    "restarts_performed": 1,
    "num_lp_solves": null,
    "num_labels_generated": null
  },
  "routes": [
    {
      "route_index": 1,
      "nodes": [
        0,
        96,
        50,
        3,
        86,
        92,
        18,
        94,
        87,
        84,
        63,
        60,
        21,
        98,
        35,
        44,
        49,
        89,
        99
      ],
      "score": 243.0,
      "length": 47.122793805199386
    },
    {
      "route_index": 2,
      "nodes": [
        0,
        14,
        67,
        10,
        22,
        88,
        71,
        12,
        17,
        75,
        90,
        15,
        2,
        65,
        48,
        19,
        31,
        8,
        45,
        74,
        78,
        24,
        99
      ],
      "score": 301.0,
      "length": 47.043964753599894
    },
    {
      "route_index": 3,
      "nodes": [
        0,
        30,
        57,
        73,
        16,
        64,
        41,
        23,
        7,
        34,
        76,
        99
      ],
      "score": 165.0,
      "length": 47.2906299770076
    },
    {
      "route_index": 4,
      "nodes": [
        0,
        9,
        79,
        81,
        29,
        53,
        42,
        51,
        59,
        28,
        38,
        20,
        26,
        32,
        80,
        69,
        85,
        52,
        97,
        55,
        62,
        39,
        82,
        99
      ],
      "score": 253.0,
      "length": 47.43055016633162
    }
  ],
  "dataset": "chao",
  "instance_name": "p4.4.o.txt",
  "run_seed": 54008,
  "run_index": 1
}