{
  "instance": {
    "num_nodes": 100,
    "team_size": 4,
    "max_route_distance": 60.0,
    "start_depot": 0,
    "end_depot": 99
  },
  "objective": {
    "total_score": 1235.0
  },
  "performance": {
    "cpu_time_seconds": 0.32230990000061865,
    "iterations": 20,
    "iterations_to_convergence": 20,
    "last_improvement_iteration": 20,
    "stagnation_iterations": 0,
    "accepted_worse_moves": 8,
    "restarts_performed": 1,
    "num_lp_solves": null,
    "num_labels_generated": null
  },
  "routes": [
    {
      "route_index": 1,
      "nodes": [
        0,
        30,
        73,
        72,
        77,
        27,
        83,
        95,
        51,
        59,
        42,
        29,
        81,
        79,
        22,
        88,
        17,
        45,
        74,
        99
      ],
      "score": 320.0,
      "length": 59.84893147182764
    },
    {
      "route_index": 2,
      "nodes": [
        0,
        14,
        23,
        47,
        50,
        3,
        86,
        92,
        18,
        94,
        87,
        84,
        63,
        70,
        21,
        60,
        98,
        6,
        44,
        49,
        89,
        76,
        99
      ],
      "score": 300.0,
      "length": 59.66384523457939
    },
    {
      "route_index": 3,
      "nodes": [
        0,
        96,
        41,
        66,
        64,
        40,
        58,
        54,
        16,
        57,
        9,
        67,
        52,
        85,
        97,
        4,
        39,
        62,
        55,
        82,
        99
      ],
      "score": 264.0,
      "length": 59.365461983995694
    },
    {
      "route_index": 4,
      "nodes": [
        0,
        7,
        34,
        10,
        69,
        80,
        32,
        26,
        20,
        38,
        28,
        61,
        91,
        25,
        46,
        5,
        13,
        1,
        90,
        15,
        2,
        48,
        19,
        31,
        8,
        36,
        78,
        24,
        99
      ],
      "score": 351.0,
      "length": 59.9278645203729
    }
  ],
  "dataset": "chao",
  "instance_name": "p4.4.t.txt",
  "run_seed": 59007,
  "run_index": 0
}