{
  "instance": {
    "num_nodes": 66,
    "team_size": 2,
    "max_route_distance": 65.0,
    "start_depot": 0,
    "end_depot": 65
  },
  "objective": {
    "total_score": 1650.0
  },
  "performance": {
    "cpu_time_seconds": 0.12770519999867247,
    "iterations": 20,
    "iterations_to_convergence": 5,
    "last_improvement_iteration": 5,
    "stagnation_iterations": 15,
    "accepted_worse_moves": 10,
    "restarts_performed": 1,
    "num_lp_solves": null,
    "num_labels_generated": null
  },
  "routes": [
    {
      "route_index": 1,
      "nodes": [
        0,
        36,
        35,
        27,
        26,
        18,
        17,
        25,
        33,
        34,
        42,
        41,
        49,
        57,
        58,
        59,
        51,
        43,
        44,
        52,
        60,
        61,
        62,
        63,
        64,
        56,
        48,
        47,
        55,
        54,
        53,
        45,
        37,
        65
      ],
      "score": 860.0,
      "length": 64.92080962648188
    },
    {
      "route_index": 2,
      "nodes": [
        0,
        20,
        19,
        11,
        10,
        9,
        1,
        2,
        3,
        4,
        12,
        13,
        14,
        5,
        6,
        7,
        8,
        16,
        15,
        23,
        24,
        32,
        40,
        39,
        46,
        38,
        31,
        30,
        22,
        21,
        29,
        65
      ],
      "score": 790.0,
      "length": 64.98063941553782
    }
  ],
  "dataset": "chao",
  "instance_name": "p5.2.z.txt",
  "run_seed": 85008,
  "run_index": 1
}