{
  "instance": {
    "num_nodes": 66,
    "team_size": 2,
    "max_route_distance": 62.5,
    "start_depot": 0,
    "end_depot": 65
  },
  "objective": {
    "total_score": 1610.0
  },
  "performance": {
    "cpu_time_seconds": 0.1204957000009017,
    "iterations": 20,
    "iterations_to_convergence": 16,
    "last_improvement_iteration": 16,
    "stagnation_iterations": 4,
    "accepted_worse_moves": 11,
    "restarts_performed": 1,
    "num_lp_solves": null,
    "num_labels_generated": null
  },
  "routes": [
    {
      "route_index": 1,
      "nodes": [
        0,
        35,
        43,
        42,
        34,
        26,
        18,
        10,
        11,
        12,
        13,
        5,
        4,
        3,
        2,
        1,
        9,
        17,
        25,
        33,
        41,
        49,
        57,
        58,
        59,
        60,
        61,
        53,
        52,
        44,
        36,
        65
      ],
      "score": 860.0,
      "length": 62.47213595499958
    },
    {
      "route_index": 2,
      "nodes": [
        0,
        28,
        27,
        19,
        20,
        21,
        22,
        30,
        31,
        23,
        15,
        14,
        6,
        7,
        8,
        16,
        24,
        32,
        40,
        39,
        47,
        48,
        56,
        64,
        63,
        55,
        62,
        54,
        46,
        45,
        37,
        65
      ],
      "score": 750.0,
      "length": 61.06449510224598
    }
  ],
  "dataset": "chao",
  "instance_name": "p5.2.y.txt",
  "run_seed": 84008,
  "run_index": 1
}