{
  "instance": {
    "num_nodes": 66,
    "team_size": 2,
    "max_route_distance": 60.0,
    "start_depot": 0,
    "end_depot": 65
  },
  "objective": {
    "total_score": 1570.0
  },
  "performance": {
    "cpu_time_seconds": 0.2482892999996693,
    "iterations": 20,
    "iterations_to_convergence": 18,
    "last_improvement_iteration": 18,
    "stagnation_iterations": 2,
    "accepted_worse_moves": 11,
    "restarts_performed": 1,
    "num_lp_solves": null,
    "num_labels_generated": null
  },
  "routes": [
    {
      "route_index": 1,
      "nodes": [
        0,
        28,
        20,
        12,
        13,
        5,
        4,
        3,
        11,
        10,
        2,
        1,
        9,
        17,
        25,
        33,
        41,
        49,
        57,
        58,
        59,
        60,
        61,
        52,
        51,
        50,
        42,
        34,
        35,
        36,
        65
      ],
      "score": 825.0,
      "length": 59.06449510224598
    },
    {
      "route_index": 2,
      "nodes": [
        0,
        29,
        21,
        22,
        30,
        31,
        23,
        15,
        14,
        6,
        7,
        8,
        16,
        24,
        32,
        40,
        48,
        55,
        56,
        64,
        63,
        62,
        54,
        53,
        45,
        46,
        47,
        39,
        38,
        37,
        65
      ],
      "score": 745.0,
      "length": 59.06449510224598
    }
  ],
  "dataset": "chao",
  "instance_name": "p5.2.x.txt",
  "run_seed": 83007,
  "run_index": 0
}