{
  "instance": {
    "num_nodes": 66,
    "team_size": 2,
    "max_route_distance": 65.0,
    "start_depot": 0,
    "end_depot": 65
  },
  "objective": {
    "total_score": 1665.0
  },
  "performance": {
    "cpu_time_seconds": 0.22469599999931233,
    "iterations": 20,
    "iterations_to_convergence": 0,
    "last_improvement_iteration": 0,
    "stagnation_iterations": 20,
    "accepted_worse_moves": 12,
    "restarts_performed": 2,
    "num_lp_solves": null,
    "num_labels_generated": null
  },
  "routes": [
    {
      "route_index": 1,
      "nodes": [
        0,
        29,
        21,
        13,
        20,
        19,
        11,
        10,
        9,
        1,
        2,
        3,
        12,
        4,
        5,
        6,
        14,
        22,
        23,
        15,
        7,
        8,
        16,
        24,
        32,
        40,
        48,
        39,
        31,
        30,
        38,
        37,
        65
      ],
      "score": 815.0,
      "length": 64.72134935173835
    },
    {
      "route_index": 2,
      "nodes": [
        0,
        28,
        27,
        35,
        34,
        26,
        18,
        17,
        25,
        33,
        41,
        42,
        43,
        51,
        50,
        49,
        57,
        58,
        59,
        60,
        61,
        62,
        63,
        64,
        56,
        55,
        47,
        46,
        54,
        53,
        52,
        44,
        36,
        65
      ],
      "score": 850.0,
      "length": 64.23606797749979
    }
  ],
  "dataset": "chao",
  "instance_name": "p5.2.z.txt",
  "run_seed": 85007,
  "run_index": 0
}