{
  "instance": {
    "num_nodes": 66,
    "team_size": 3,
    "max_route_distance": 40.0,
    "start_depot": 0,
    "end_depot": 65
  },
  "objective": {
    "total_score": 1505.0
  },
  "performance": {
    "cpu_time_seconds": 2.162018299999545,
    "iterations": 20,
    "iterations_to_convergence": 2,
    "last_improvement_iteration": 2,
    "stagnation_iterations": 18,
    "accepted_worse_moves": 14,
    "restarts_performed": 1,
    "num_lp_solves": null,
    "num_labels_generated": null
  },
  "routes": [
    {
      "route_index": 1,
      "nodes": [
        0,
        28,
        20,
        19,
        11,
        12,
        5,
        6,
        7,
        8,
        16,
        24,
        32,
        40,
        48,
        56,
        47,
        39,
        38,
        37,
        65
      ],
      "score": 505.0,
      "length": 39.89292222699217
    },
    {
      "route_index": 2,
      "nodes": [
        0,
        29,
        21,
        14,
        13,
        4,
        3,
        2,
        1,
        9,
        10,
        18,
        17,
        25,
        33,
        41,
        42,
        34,
        35,
        36,
        65
      ],
      "score": 505.0,
      "length": 39.89292222699217
    },
    {
      "route_index": 3,
      "nodes": [
        0,
        44,
        52,
        51,
        50,
        49,
        57,
        58,
        59,
        60,
        61,
        62,
        63,
        64,
        55,
        54,
        53,
        45,
        65
      ],
      "score": 495.0,
      "length": 39.161064472953704
    }
  ],
  "dataset": "chao",
  "instance_name": "p5.3.x.txt",
  "run_seed": 109007,
  "run_index": 0
}