{
  "instance": {
    "num_nodes": 66,
    "team_size": 3,
    "max_route_distance": 36.7,
    "start_depot": 0,
    "end_depot": 65
  },
  "objective": {
    "total_score": 1405.0
  },
  "performance": {
    "cpu_time_seconds": 0.44546640000044135,
    "iterations": 20,
    "iterations_to_convergence": 6,
    "last_improvement_iteration": 6,
    "stagnation_iterations": 14,
    "accepted_worse_moves": 15,
    "restarts_performed": 1,
    "num_lp_solves": null,
    "num_labels_generated": null
  },
  "routes": [
    {
      "route_index": 1,
      "nodes": [
        0,
        36,
        35,
        34,
        26,
        18,
        17,
        25,
        33,
        41,
        49,
        57,
        58,
        59,
        60,
        61,
        53,
        45,
        65
      ],
      "score": 485.0,
      "length": 36.49535804129925
    },
    {
      "route_index": 2,
      "nodes": [
        0,
        20,
        12,
        11,
        10,
        9,
        1,
        2,
        3,
        4,
        5,
        6,
        15,
        23,
        31,
        39,
        38,
        65
      ],
      "score": 450.0,
      "length": 36.562390793462555
    },
    {
      "route_index": 3,
      "nodes": [
        0,
        21,
        14,
        7,
        8,
        16,
        24,
        32,
        40,
        48,
        56,
        64,
        63,
        62,
        54,
        46,
        37,
        65
      ],
      "score": 470.0,
      "length": 36.29589776655572
    }
  ],
  "dataset": "chao",
  "instance_name": "p5.3.v.txt",
  "run_seed": 107008,
  "run_index": 1
}