{
  "instance": {
    "num_nodes": 66,
    "team_size": 3,
    "max_route_distance": 41.7,
    "start_depot": 0,
    "end_depot": 65
  },
  "objective": {
    "total_score": 1530.0
  },
  "performance": {
    "cpu_time_seconds": 2.328100099999574,
    "iterations": 20,
    "iterations_to_convergence": 14,
    "last_improvement_iteration": 14,
    "stagnation_iterations": 6,
    "accepted_worse_moves": 14,
    "restarts_performed": 1,
    "num_lp_solves": null,
    "num_labels_generated": null
  },
  "routes": [
    {
      "route_index": 1,
      "nodes": [
        0,
        29,
        30,
        31,
        23,
        15,
        7,
        8,
        16,
        24,
        32,
        40,
        48,
        56,
        64,
        63,
        62,
        61,
        52,
        44,
        65
      ],
      "score": 555.0,
      "length": 40.639043517063335
    },
    {
      "route_index": 2,
      "nodes": [
        0,
        21,
        13,
        14,
        6,
        5,
        4,
        3,
        10,
        18,
        25,
        33,
        41,
        49,
        57,
        58,
        50,
        43,
        36,
        65
      ],
      "score": 510.0,
      "length": 41.12432489130191
    },
    {
      "route_index": 3,
      "nodes": [
        0,
        28,
        20,
        12,
        11,
        2,
        1,
        9,
        17,
        26,
        34,
        42,
        51,
        59,
        60,
        53,
        54,
        46,
        38,
        37,
        65
      ],
      "score": 465.0,
      "length": 41.54977647648455
    }
  ],
  "dataset": "chao",
  "instance_name": "p5.3.y.txt",
  "run_seed": 110008,
  "run_index": 1
}