{
  "instance": {
    "num_nodes": 66,
    "team_size": 3,
    "max_route_distance": 43.3,
    "start_depot": 0,
    "end_depot": 65
  },
  "objective": {
    "total_score": 1615.0
  },
  "performance": {
    "cpu_time_seconds": 0.23134659999959695,
    "iterations": 20,
    "iterations_to_convergence": 15,
    "last_improvement_iteration": 15,
    "stagnation_iterations": 5,
    "accepted_worse_moves": 12,
    "restarts_performed": 1,
    "num_lp_solves": null,
    "num_labels_generated": null
  },
  "routes": [
    {
      "route_index": 1,
      "nodes": [
        0,
        28,
        20,
        19,
        26,
        18,
        10,
        2,
        1,
        9,
        17,
        25,
        33,
        41,
        49,
        57,
        58,
        50,
        42,
        34,
        35,
        36,
        65
      ],
      "score": 555.0,
      "length": 43.06449510224598
    },
    {
      "route_index": 2,
      "nodes": [
        0,
        29,
        21,
        22,
        14,
        13,
        12,
        11,
        3,
        4,
        5,
        6,
        7,
        8,
        16,
        24,
        32,
        40,
        39,
        31,
        30,
        37,
        65
      ],
      "score": 555.0,
      "length": 43.06449510224598
    },
    {
      "route_index": 3,
      "nodes": [
        0,
        38,
        46,
        45,
        53,
        54,
        55,
        47,
        48,
        56,
        64,
        63,
        62,
        61,
        60,
        59,
        51,
        43,
        52,
        44,
        65
      ],
      "score": 505.0,
      "length": 42.87511149456313
    }
  ],
  "dataset": "chao",
  "instance_name": "p5.3.z.txt",
  "run_seed": 111007,
  "run_index": 0
}