{
  "instance": {
    "num_nodes": 66,
    "team_size": 3,
    "max_route_distance": 40.0,
    "start_depot": 0,
    "end_depot": 65
  },
  "objective": {
    "total_score": 1520.0
  },
  "performance": {
    "cpu_time_seconds": 2.25121819999913,
    "iterations": 20,
    "iterations_to_convergence": 3,
    "last_improvement_iteration": 3,
    "stagnation_iterations": 17,
    "accepted_worse_moves": 16,
    "restarts_performed": 1,
    "num_lp_solves": null,
    "num_labels_generated": null
  },
  "routes": [
    {
      "route_index": 1,
      "nodes": [
        0,
        20,
        12,
        11,
        3,
        4,
        5,
        6,
        7,
        8,
        16,
        24,
        32,
        40,
        48,
        55,
        54,
        46,
        37,
        65
      ],
      "score": 520.0,
      "length": 39.46747064180953
    },
    {
      "route_index": 2,
      "nodes": [
        0,
        28,
        27,
        26,
        18,
        10,
        2,
        1,
        9,
        17,
        25,
        33,
        41,
        49,
        57,
        58,
        59,
        60,
        52,
        44,
        65
      ],
      "score": 555.0,
      "length": 39.810616392317144
    },
    {
      "route_index": 3,
      "nodes": [
        0,
        29,
        21,
        13,
        14,
        15,
        23,
        31,
        30,
        38,
        39,
        47,
        56,
        64,
        63,
        62,
        61,
        53,
        45,
        36,
        65
      ],
      "score": 445.0,
      "length": 39.89292222699217
    }
  ],
  "dataset": "chao",
  "instance_name": "p5.3.x.txt",
  "run_seed": 109008,
  "run_index": 1
}