{
  "instance": {
    "num_nodes": 66,
    "team_size": 4,
    "max_route_distance": 25.0,
    "start_depot": 0,
    "end_depot": 65
  },
  "objective": {
    "total_score": 1070.0
  },
  "performance": {
    "cpu_time_seconds": 0.23811409999871103,
    "iterations": 20,
    "iterations_to_convergence": 5,
    "last_improvement_iteration": 5,
    "stagnation_iterations": 15,
    "accepted_worse_moves": 16,
    "restarts_performed": 1,
    "num_lp_solves": null,
    "num_labels_generated": null
  },
  "routes": [
    {
      "route_index": 1,
      "nodes": [
        0,
        27,
        26,
        34,
        42,
        50,
        58,
        59,
        60,
        52,
        44,
        37,
        65
      ],
      "score": 265.0,
      "length": 24.987842378645194
    },
    {
      "route_index": 2,
      "nodes": [
        0,
        20,
        12,
        11,
        10,
        2,
        3,
        4,
        5,
        13,
        21,
        29,
        65
      ],
      "score": 275.0,
      "length": 24.495358041299248
    },
    {
      "route_index": 3,
      "nodes": [
        0,
        28,
        19,
        18,
        9,
        17,
        25,
        33,
        41,
        35,
        36,
        65
      ],
      "score": 240.0,
      "length": 24.36505818199175
    },
    {
      "route_index": 4,
      "nodes": [
        0,
        38,
        39,
        40,
        48,
        56,
        63,
        62,
        61,
        53,
        45,
        65
      ],
      "score": 290.0,
      "length": 24.87511149456313
    }
  ],
  "dataset": "chao",
  "instance_name": "p5.4.t.txt",
  "run_seed": 131008,
  "run_index": 1
}