{
  "instance": {
    "num_nodes": 66,
    "team_size": 4,
    "max_route_distance": 31.2,
    "start_depot": 0,
    "end_depot": 65
  },
  "objective": {
    "total_score": 1485.0
  },
  "performance": {
    "cpu_time_seconds": 2.497849399998813,
    "iterations": 20,
    "iterations_to_convergence": 0,
    "last_improvement_iteration": 0,
    "stagnation_iterations": 20,
    "accepted_worse_moves": 14,
    "restarts_performed": 2,
    "num_lp_solves": null,
    "num_labels_generated": null
  },
  "routes": [
    {
      "route_index": 1,
      "nodes": [
        0,
        21,
        13,
        5,
        6,
        7,
        8,
        16,
        24,
        32,
        39,
        47,
        46,
        38,
        37,
        65
      ],
      "score": 370.0,
      "length": 30.639043517063335
    },
    {
      "route_index": 2,
      "nodes": [
        0,
        29,
        30,
        31,
        40,
        48,
        56,
        64,
        63,
        62,
        61,
        60,
        52,
        53,
        45,
        65
      ],
      "score": 390.0,
      "length": 30.639043517063335
    },
    {
      "route_index": 3,
      "nodes": [
        0,
        20,
        12,
        4,
        3,
        2,
        10,
        1,
        9,
        17,
        25,
        18,
        19,
        28,
        65
      ],
      "score": 355.0,
      "length": 30.980639415537816
    },
    {
      "route_index": 4,
      "nodes": [
        0,
        27,
        26,
        34,
        33,
        41,
        49,
        57,
        58,
        59,
        51,
        50,
        42,
        35,
        36,
        65
      ],
      "score": 370.0,
      "length": 30.987842378645194
    }
  ],
  "dataset": "chao",
  "instance_name": "p5.4.y.txt",
  "run_seed": 136007,
  "run_index": 0
}