{
  "instance": {
    "num_nodes": 66,
    "team_size": 4,
    "max_route_distance": 30.0,
    "start_depot": 0,
    "end_depot": 65
  },
  "objective": {
    "total_score": 1400.0
  },
  "performance": {
    "cpu_time_seconds": 0.19195790000048873,
    "iterations": 20,
    "iterations_to_convergence": 4,
    "last_improvement_iteration": 4,
    "stagnation_iterations": 16,
    "accepted_worse_moves": 16,
    "restarts_performed": 1,
    "num_lp_solves": null,
    "num_labels_generated": null
  },
  "routes": [
    {
      "route_index": 1,
      "nodes": [
        0,
        28,
        27,
        26,
        17,
        25,
        33,
        41,
        49,
        57,
        50,
        42,
        34,
        35,
        36,
        65
      ],
      "score": 350.0,
      "length": 29.89292222699217
    },
    {
      "route_index": 2,
      "nodes": [
        0,
        21,
        13,
        5,
        4,
        3,
        2,
        1,
        9,
        10,
        11,
        12,
        20,
        65
      ],
      "score": 340.0,
      "length": 28.332637348207513
    },
    {
      "route_index": 3,
      "nodes": [
        0,
        29,
        22,
        14,
        6,
        7,
        8,
        16,
        24,
        32,
        40,
        48,
        47,
        38,
        37,
        65
      ],
      "score": 370.0,
      "length": 29.89292222699217
    },
    {
      "route_index": 4,
      "nodes": [
        0,
        45,
        53,
        54,
        63,
        62,
        61,
        60,
        59,
        58,
        51,
        52,
        44,
        65
      ],
      "score": 340.0,
      "length": 29.989491597699892
    }
  ],
  "dataset": "chao",
  "instance_name": "p5.4.x.txt",
  "run_seed": 135008,
  "run_index": 1
}