{
  "instance": {
    "num_nodes": 66,
    "team_size": 4,
    "max_route_distance": 31.2,
    "start_depot": 0,
    "end_depot": 65
  },
  "objective": {
    "total_score": 1500.0
  },
  "performance": {
    "cpu_time_seconds": 0.48633150000023306,
    "iterations": 20,
    "iterations_to_convergence": 19,
    "last_improvement_iteration": 19,
    "stagnation_iterations": 1,
    "accepted_worse_moves": 11,
    "restarts_performed": 1,
    "num_lp_solves": null,
    "num_labels_generated": null
  },
  "routes": [
    {
      "route_index": 1,
      "nodes": [
        0,
        29,
        22,
        23,
        15,
        14,
        6,
        7,
        8,
        16,
        24,
        32,
        40,
        39,
        38,
        37,
        65
      ],
      "score": 385.0,
      "length": 31.06449510224598
    },
    {
      "route_index": 2,
      "nodes": [
        0,
        21,
        13,
        5,
        4,
        3,
        2,
        1,
        9,
        10,
        11,
        19,
        12,
        20,
        65
      ],
      "score": 355.0,
      "length": 31.1610644729537
    },
    {
      "route_index": 3,
      "nodes": [
        0,
        45,
        46,
        47,
        48,
        56,
        64,
        63,
        62,
        61,
        60,
        59,
        51,
        44,
        65
      ],
      "score": 375.0,
      "length": 31.1610644729537
    },
    {
      "route_index": 4,
      "nodes": [
        0,
        28,
        27,
        18,
        17,
        25,
        33,
        41,
        49,
        57,
        58,
        50,
        42,
        34,
        35,
        36,
        65
      ],
      "score": 385.0,
      "length": 31.06449510224598
    }
  ],
  "dataset": "chao",
  "instance_name": "p5.4.y.txt",
  "run_seed": 136008,
  "run_index": 1
}