{
  "instance": {
    "num_nodes": 66,
    "team_size": 4,
    "max_route_distance": 26.2,
    "start_depot": 0,
    "end_depot": 65
  },
  "objective": {
    "total_score": 1200.0
  },
  "performance": {
    "cpu_time_seconds": 0.46849379999912344,
    "iterations": 20,
    "iterations_to_convergence": 20,
    "last_improvement_iteration": 20,
    "stagnation_iterations": 0,
    "accepted_worse_moves": 15,
    "restarts_performed": 1,
    "num_lp_solves": null,
    "num_labels_generated": null
  },
  "routes": [
    {
      "route_index": 1,
      "nodes": [
        0,
        35,
        34,
        33,
        41,
        49,
        57,
        58,
        59,
        51,
        43,
        44,
        65
      ],
      "score": 305.0,
      "length": 26.046684369816937
    },
    {
      "route_index": 2,
      "nodes": [
        0,
        38,
        39,
        47,
        55,
        63,
        62,
        61,
        60,
        52,
        53,
        45,
        65
      ],
      "score": 295.0,
      "length": 26.046684369816937
    },
    {
      "route_index": 3,
      "nodes": [
        0,
        21,
        13,
        12,
        4,
        5,
        6,
        7,
        15,
        23,
        31,
        30,
        65
      ],
      "score": 295.0,
      "length": 26.046684369816937
    },
    {
      "route_index": 4,
      "nodes": [
        0,
        20,
        19,
        11,
        3,
        2,
        1,
        9,
        17,
        25,
        26,
        27,
        65
      ],
      "score": 305.0,
      "length": 26.046684369816937
    }
  ],
  "dataset": "chao",
  "instance_name": "p5.4.u.txt",
  "run_seed": 132008,
  "run_index": 1
}