{
  "instance": {
    "num_nodes": 66,
    "team_size": 4,
    "max_route_distance": 23.8,
    "start_depot": 0,
    "end_depot": 65
  },
  "objective": {
    "total_score": 1000.0
  },
  "performance": {
    "cpu_time_seconds": 0.13430450000123528,
    "iterations": 20,
    "iterations_to_convergence": 16,
    "last_improvement_iteration": 16,
    "stagnation_iterations": 4,
    "accepted_worse_moves": 18,
    "restarts_performed": 1,
    "num_lp_solves": null,
    "num_labels_generated": null
  },
  "routes": [
    {
      "route_index": 1,
      "nodes": [
        0,
        21,
        13,
        5,
        4,
        3,
        2,
        10,
        11,
        19,
        28,
        65
      ],
      "score": 250.0,
      "length": 23.323785166045436
    },
    {
      "route_index": 2,
      "nodes": [
        0,
        29,
        22,
        23,
        24,
        32,
        40,
        48,
        47,
        46,
        38,
        37,
        65
      ],
      "score": 245.0,
      "length": 23.06449510224598
    },
    {
      "route_index": 3,
      "nodes": [
        0,
        27,
        26,
        25,
        33,
        41,
        49,
        50,
        51,
        52,
        44,
        65
      ],
      "score": 270.0,
      "length": 23.733963668716363
    },
    {
      "route_index": 4,
      "nodes": [
        0,
        30,
        31,
        39,
        55,
        63,
        62,
        61,
        53,
        45,
        65
      ],
      "score": 235.0,
      "length": 23.733963668716363
    }
  ],
  "dataset": "chao",
  "instance_name": "p5.4.s.txt",
  "run_seed": 130007,
  "run_index": 0
}