{
  "instance": {
    "num_nodes": 66,
    "team_size": 4,
    "max_route_distance": 32.5,
    "start_depot": 0,
    "end_depot": 65
  },
  "objective": {
    "total_score": 1510.0
  },
  "performance": {
    "cpu_time_seconds": 2.3132416999997076,
    "iterations": 20,
    "iterations_to_convergence": 7,
    "last_improvement_iteration": 7,
    "stagnation_iterations": 13,
    "accepted_worse_moves": 12,
    "restarts_performed": 1,
    "num_lp_solves": null,
    "num_labels_generated": null
  },
  "routes": [
    {
      "route_index": 1,
      "nodes": [
        0,
        28,
        20,
        12,
        4,
        3,
        11,
        10,
        2,
        1,
        9,
        17,
        25,
        26,
        27,
        65
      ],
      "score": 380.0,
      "length": 30.47213595499958
    },
    {
      "route_index": 2,
      "nodes": [
        0,
        35,
        34,
        42,
        33,
        41,
        49,
        57,
        58,
        59,
        60,
        61,
        52,
        44,
        36,
        65
      ],
      "score": 390.0,
      "length": 32.12899020449196
    },
    {
      "route_index": 3,
      "nodes": [
        0,
        29,
        22,
        23,
        32,
        40,
        48,
        56,
        64,
        63,
        62,
        55,
        47,
        46,
        45,
        65
      ],
      "score": 370.0,
      "length": 32.29589776655572
    },
    {
      "route_index": 4,
      "nodes": [
        0,
        21,
        14,
        13,
        5,
        6,
        15,
        7,
        8,
        16,
        24,
        31,
        39,
        38,
        37,
        65
      ],
      "score": 370.0,
      "length": 32.29589776655572
    }
  ],
  "dataset": "chao",
  "instance_name": "p5.4.z.txt",
  "run_seed": 137007,
  "run_index": 0
}