{
  "instance": {
    "num_nodes": 66,
    "team_size": 4,
    "max_route_distance": 30.0,
    "start_depot": 0,
    "end_depot": 65
  },
  "objective": {
    "total_score": 1370.0
  },
  "performance": {
    "cpu_time_seconds": 0.18942170000082115,
    "iterations": 20,
    "iterations_to_convergence": 2,
    "last_improvement_iteration": 2,
    "stagnation_iterations": 18,
    "accepted_worse_moves": 13,
    "restarts_performed": 1,
    "num_lp_solves": null,
    "num_labels_generated": null
  },
  "routes": [
    {
      "route_index": 1,
      "nodes": [
        0,
        21,
        13,
        14,
        15,
        7,
        6,
        5,
        4,
        3,
        11,
        12,
        20,
        65
      ],
      "score": 330.0,
      "length": 28.332637348207513
    },
    {
      "route_index": 2,
      "nodes": [
        0,
        44,
        51,
        42,
        41,
        49,
        57,
        58,
        59,
        60,
        61,
        53,
        45,
        65
      ],
      "score": 350.0,
      "length": 29.989491597699892
    },
    {
      "route_index": 3,
      "nodes": [
        0,
        28,
        19,
        18,
        10,
        2,
        1,
        9,
        17,
        25,
        26,
        33,
        34,
        35,
        36,
        65
      ],
      "score": 350.0,
      "length": 29.89292222699217
    },
    {
      "route_index": 4,
      "nodes": [
        0,
        29,
        30,
        31,
        23,
        24,
        32,
        40,
        48,
        56,
        55,
        47,
        39,
        38,
        37,
        65
      ],
      "score": 340.0,
      "length": 28.23606797749979
    }
  ],
  "dataset": "chao",
  "instance_name": "p5.4.x.txt",
  "run_seed": 135007,
  "run_index": 0
}