{
  "instance": {
    "num_nodes": 66,
    "team_size": 4,
    "max_route_distance": 23.8,
    "start_depot": 0,
    "end_depot": 65
  },
  "objective": {
    "total_score": 980.0
  },
  "performance": {
    "cpu_time_seconds": 1.1236140999990312,
    "iterations": 20,
    "iterations_to_convergence": 19,
    "last_improvement_iteration": 19,
    "stagnation_iterations": 1,
    "accepted_worse_moves": 12,
    "restarts_performed": 1,
    "num_lp_solves": null,
    "num_labels_generated": null
  },
  "routes": [
    {
      "route_index": 1,
      "nodes": [
        0,
        44,
        52,
        51,
        59,
        60,
        61,
        62,
        53,
        45,
        65
      ],
      "score": 245.0,
      "length": 23.1610644729537
    },
    {
      "route_index": 2,
      "nodes": [
        0,
        28,
        19,
        18,
        10,
        9,
        17,
        25,
        33,
        34,
        35,
        36,
        65
      ],
      "score": 255.0,
      "length": 23.06449510224598
    },
    {
      "route_index": 3,
      "nodes": [
        0,
        29,
        30,
        31,
        32,
        40,
        48,
        56,
        55,
        47,
        46,
        37,
        65
      ],
      "score": 255.0,
      "length": 23.06449510224598
    },
    {
      "route_index": 4,
      "nodes": [
        0,
        21,
        13,
        14,
        15,
        16,
        24,
        23,
        39,
        38,
        65
      ],
      "score": 225.0,
      "length": 23.733963668716363
    }
  ],
  "dataset": "chao",
  "instance_name": "p5.4.s.txt",
  "run_seed": 130008,
  "run_index": 1
}