{
  "instance": {
    "num_nodes": 66,
    "team_size": 4,
    "max_route_distance": 28.8,
    "start_depot": 0,
    "end_depot": 65
  },
  "objective": {
    "total_score": 1365.0
  },
  "performance": {
    "cpu_time_seconds": 0.35616159999881347,
    "iterations": 20,
    "iterations_to_convergence": 2,
    "last_improvement_iteration": 2,
    "stagnation_iterations": 18,
    "accepted_worse_moves": 16,
    "restarts_performed": 1,
    "num_lp_solves": null,
    "num_labels_generated": null
  },
  "routes": [
    {
      "route_index": 1,
      "nodes": [
        0,
        28,
        19,
        10,
        11,
        3,
        2,
        1,
        9,
        17,
        25,
        26,
        27,
        65
      ],
      "score": 320.0,
      "length": 28.12899020449196
    },
    {
      "route_index": 2,
      "nodes": [
        0,
        36,
        35,
        34,
        33,
        41,
        49,
        57,
        58,
        59,
        60,
        61,
        53,
        45,
        65
      ],
      "score": 365.0,
      "length": 28.495358041299248
    },
    {
      "route_index": 3,
      "nodes": [
        0,
        29,
        30,
        31,
        23,
        24,
        32,
        40,
        48,
        56,
        55,
        47,
        39,
        38,
        37,
        65
      ],
      "score": 340.0,
      "length": 28.23606797749979
    },
    {
      "route_index": 4,
      "nodes": [
        0,
        20,
        12,
        4,
        5,
        6,
        7,
        8,
        16,
        15,
        14,
        13,
        21,
        65
      ],
      "score": 340.0,
      "length": 28.332637348207513
    }
  ],
  "dataset": "chao",
  "instance_name": "p5.4.w.txt",
  "run_seed": 134007,
  "run_index": 0
}