{
  "instance": {
    "num_nodes": 66,
    "team_size": 4,
    "max_route_distance": 32.5,
    "start_depot": 0,
    "end_depot": 65
  },
  "objective": {
    "total_score": 1560.0
  },
  "performance": {
    "cpu_time_seconds": 0.5524141000005329,
    "iterations": 20,
    "iterations_to_convergence": 6,
    "last_improvement_iteration": 6,
    "stagnation_iterations": 14,
    "accepted_worse_moves": 11,
    "restarts_performed": 1,
    "num_lp_solves": null,
    "num_labels_generated": null
  },
  "routes": [
    {
      "route_index": 1,
      "nodes": [
        0,
        27,
        26,
        25,
        33,
        41,
        49,
        57,
        58,
        59,
        51,
        50,
        42,
        34,
        35,
        36,
        65
      ],
      "score": 405.0,
      "length": 32.159415253899006
    },
    {
      "route_index": 2,
      "nodes": [
        0,
        20,
        3,
        4,
        5,
        6,
        7,
        8,
        16,
        24,
        32,
        40,
        39,
        38,
        37,
        65
      ],
      "score": 410.0,
      "length": 32.28275234731672
    },
    {
      "route_index": 3,
      "nodes": [
        0,
        29,
        21,
        22,
        14,
        13,
        12,
        11,
        10,
        2,
        1,
        9,
        17,
        18,
        19,
        28,
        65
      ],
      "score": 345.0,
      "length": 31.74923675122808
    },
    {
      "route_index": 4,
      "nodes": [
        0,
        44,
        52,
        60,
        61,
        62,
        63,
        64,
        56,
        48,
        47,
        55,
        54,
        53,
        45,
        65
      ],
      "score": 400.0,
      "length": 32.33263734820751
    }
  ],
  "dataset": "chao",
  "instance_name": "p5.4.z.txt",
  "run_seed": 137008,
  "run_index": 1
}