{
  "instance": {
    "num_nodes": 64,
    "team_size": 3,
    "max_route_distance": 25.0,
    "start_depot": 0,
    "end_depot": 63
  },
  "objective": {
    "total_score": 1014.0
  },
  "performance": {
    "cpu_time_seconds": 0.5495396999995137,
    "iterations": 20,
    "iterations_to_convergence": 20,
    "last_improvement_iteration": 20,
    "stagnation_iterations": 0,
    "accepted_worse_moves": 11,
    "restarts_performed": 1,
    "num_lp_solves": null,
    "num_labels_generated": null
  },
  "routes": [
    {
      "route_index": 1,
      "nodes": [
        0,
        4,
        7,
        12,
        18,
        25,
        33,
        26,
        34,
        42,
        48,
        53,
        47,
        52,
        57,
        60,
        62,
        63
      ],
      "score": 336.0,
      "length": 24.627416997969522
    },
    {
      "route_index": 2,
      "nodes": [
        0,
        1,
        3,
        6,
        10,
        15,
        22,
        29,
        21,
        28,
        36,
        43,
        37,
        49,
        54,
        58,
        61,
        63
      ],
      "score": 390.0,
      "length": 24.627416997969522
    },
    {
      "route_index": 3,
      "nodes": [
        0,
        2,
        5,
        9,
        14,
        20,
        27,
        41,
        40,
        32,
        31,
        38,
        50,
        55,
        59,
        63
      ],
      "score": 288.0,
      "length": 24.970562748477143
    }
  ],
  "dataset": "chao",
  "instance_name": "p6.3.m.txt",
  "run_seed": 164008,
  "run_index": 1
}