{
  "instance": {
    "num_nodes": 64,
    "team_size": 3,
    "max_route_distance": 26.7,
    "start_depot": 0,
    "end_depot": 63
  },
  "objective": {
    "total_score": 1158.0
  },
  "performance": {
    "cpu_time_seconds": 1.4614100999988295,
    "iterations": 20,
    "iterations_to_convergence": 19,
    "last_improvement_iteration": 19,
    "stagnation_iterations": 1,
    "accepted_worse_moves": 8,
    "restarts_performed": 1,
    "num_lp_solves": null,
    "num_labels_generated": null
  },
  "routes": [
    {
      "route_index": 1,
      "nodes": [
        0,
        1,
        3,
        6,
        11,
        16,
        10,
        15,
        22,
        29,
        21,
        28,
        36,
        43,
        49,
        50,
        55,
        59,
        63
      ],
      "score": 402.0,
      "length": 26.627416997969522
    },
    {
      "route_index": 2,
      "nodes": [
        0,
        4,
        8,
        13,
        18,
        25,
        33,
        40,
        32,
        24,
        31,
        23,
        30,
        37,
        44,
        54,
        58,
        61,
        63
      ],
      "score": 342.0,
      "length": 26.627416997969522
    },
    {
      "route_index": 3,
      "nodes": [
        0,
        2,
        5,
        9,
        14,
        20,
        19,
        26,
        34,
        27,
        35,
        42,
        48,
        41,
        47,
        52,
        56,
        62,
        63
      ],
      "score": 414.0,
      "length": 26.627416997969522
    }
  ],
  "dataset": "chao",
  "instance_name": "p6.3.n.txt",
  "run_seed": 165008,
  "run_index": 1
}