{
  "instance": {
    "num_nodes": 64,
    "team_size": 3,
    "max_route_distance": 25.0,
    "start_depot": 0,
    "end_depot": 63
  },
  "objective": {
    "total_score": 1068.0
  },
  "performance": {
    "cpu_time_seconds": 0.22238670000115235,
    "iterations": 20,
    "iterations_to_convergence": 16,
    "last_improvement_iteration": 16,
    "stagnation_iterations": 4,
    "accepted_worse_moves": 11,
    "restarts_performed": 1,
    "num_lp_solves": null,
    "num_labels_generated": null
  },
  "routes": [
    {
      "route_index": 1,
      "nodes": [
        0,
        1,
        3,
        6,
        16,
        22,
        15,
        21,
        28,
        36,
        29,
        37,
        43,
        49,
        54,
        58,
        61,
        63
      ],
      "score": 390.0,
      "length": 24.627416997969522
    },
    {
      "route_index": 2,
      "nodes": [
        0,
        4,
        8,
        13,
        19,
        26,
        34,
        27,
        35,
        42,
        48,
        41,
        47,
        53,
        57,
        60,
        62,
        63
      ],
      "score": 384.0,
      "length": 24.627416997969522
    },
    {
      "route_index": 3,
      "nodes": [
        0,
        2,
        5,
        9,
        14,
        20,
        33,
        40,
        32,
        24,
        31,
        38,
        44,
        50,
        55,
        59,
        63
      ],
      "score": 294.0,
      "length": 24.627416997969522
    }
  ],
  "dataset": "chao",
  "instance_name": "p6.3.m.txt",
  "run_seed": 164007,
  "run_index": 0
}