{
  "instance": {
    "num_nodes": 64,
    "team_size": 4,
    "max_route_distance": 18.8,
    "start_depot": 0,
    "end_depot": 63
  },
  "objective": {
    "total_score": 882.0
  },
  "performance": {
    "cpu_time_seconds": 0.12476280000009865,
    "iterations": 20,
    "iterations_to_convergence": 20,
    "last_improvement_iteration": 20,
    "stagnation_iterations": 0,
    "accepted_worse_moves": 17,
    "restarts_performed": 1,
    "num_lp_solves": null,
    "num_labels_generated": null
  },
  "routes": [
    {
      "route_index": 1,
      "nodes": [
        0,
        4,
        12,
        17,
        23,
        30,
        37,
        38,
        45,
        55,
        59,
        63
      ],
      "score": 180.0,
      "length": 18.48528137423857
    },
    {
      "route_index": 2,
      "nodes": [
        0,
        7,
        11,
        16,
        22,
        29,
        36,
        43,
        49,
        54,
        58,
        61,
        63
      ],
      "score": 246.0,
      "length": 18.718626846272425
    },
    {
      "route_index": 3,
      "nodes": [
        0,
        2,
        5,
        9,
        14,
        20,
        27,
        41,
        47,
        52,
        56,
        63
      ],
      "score": 210.0,
      "length": 18.718626846272425
    },
    {
      "route_index": 4,
      "nodes": [
        0,
        8,
        13,
        19,
        26,
        34,
        42,
        48,
        53,
        57,
        60,
        62,
        63
      ],
      "score": 246.0,
      "length": 18.718626846272425
    }
  ],
  "dataset": "chao",
  "instance_name": "p6.4.m.txt",
  "run_seed": 178008,
  "run_index": 1
}