{
  "instance": {
    "num_nodes": 64,
    "team_size": 4,
    "max_route_distance": 20.0,
    "start_depot": 0,
    "end_depot": 63
  },
  "objective": {
    "total_score": 1068.0
  },
  "performance": {
    "cpu_time_seconds": 0.13415590000113298,
    "iterations": 20,
    "iterations_to_convergence": 5,
    "last_improvement_iteration": 5,
    "stagnation_iterations": 15,
    "accepted_worse_moves": 18,
    "restarts_performed": 1,
    "num_lp_solves": null,
    "num_labels_generated": null
  },
  "routes": [
    {
      "route_index": 1,
      "nodes": [
        0,
        7,
        11,
        23,
        30,
        22,
        29,
        37,
        44,
        50,
        55,
        59,
        63
      ],
      "score": 240.0,
      "length": 19.890199721526237
    },
    {
      "route_index": 2,
      "nodes": [
        0,
        2,
        5,
        9,
        14,
        20,
        27,
        35,
        42,
        48,
        53,
        57,
        60,
        62,
        63
      ],
      "score": 294.0,
      "length": 19.79898987322333
    },
    {
      "route_index": 3,
      "nodes": [
        0,
        4,
        8,
        13,
        19,
        26,
        34,
        41,
        33,
        47,
        52,
        56,
        63
      ],
      "score": 240.0,
      "length": 19.890199721526237
    },
    {
      "route_index": 4,
      "nodes": [
        0,
        1,
        3,
        6,
        10,
        15,
        21,
        28,
        36,
        43,
        49,
        54,
        58,
        61,
        63
      ],
      "score": 294.0,
      "length": 19.79898987322333
    }
  ],
  "dataset": "chao",
  "instance_name": "p6.4.n.txt",
  "run_seed": 179008,
  "run_index": 1
}