{
  "instance": {
    "num_nodes": 102,
    "team_size": 2,
    "max_route_distance": 170.0,
    "start_depot": 0,
    "end_depot": 101
  },
  "objective": {
    "total_score": 960.0
  },
  "performance": {
    "cpu_time_seconds": 0.3074512999992294,
    "iterations": 20,
    "iterations_to_convergence": 5,
    "last_improvement_iteration": 5,
    "stagnation_iterations": 15,
    "accepted_worse_moves": 12,
    "restarts_performed": 1,
    "num_lp_solves": null,
    "num_labels_generated": null
  },
  "routes": [
    {
      "route_index": 1,
      "nodes": [
        0,
        29,
        55,
        63,
        58,
        100,
        56,
        11,
        42,
        23,
        12,
        36,
        22,
        60,
        99,
        74,
        59,
        13,
        84,
        76,
        27,
        91,
        49,
        83,
        4,
        16,
        48,
        90,
        26,
        75,
        41,
        39,
        101
      ],
      "score": 493.0,
      "length": 169.97346192065342
    },
    {
      "route_index": 2,
      "nodes": [
        0,
        21,
        14,
        57,
        8,
        1,
        94,
        54,
        24,
        81,
        95,
        43,
        18,
        3,
        89,
        31,
        80,
        17,
        10,
        33,
        52,
        15,
        51,
        9,
        93,
        20,
        28,
        30,
        101
      ],
      "score": 467.0,
      "length": 169.6789733043392
    }
  ],
  "dataset": "chao",
  "instance_name": "p7.2.q.txt",
  "run_seed": 196007,
  "run_index": 0
}