{
  "instance": {
    "num_nodes": 102,
    "team_size": 2,
    "max_route_distance": 190.0,
    "start_depot": 0,
    "end_depot": 101
  },
  "objective": {
    "total_score": 1027.0
  },
  "performance": {
    "cpu_time_seconds": 0.311936500000229,
    "iterations": 20,
    "iterations_to_convergence": 7,
    "last_improvement_iteration": 7,
    "stagnation_iterations": 13,
    "accepted_worse_moves": 9,
    "restarts_performed": 1,
    "num_lp_solves": null,
    "num_labels_generated": null
  },
  "routes": [
    {
      "route_index": 1,
      "nodes": [
        0,
        30,
        28,
        20,
        93,
        9,
        50,
        51,
        15,
        52,
        33,
        10,
        17,
        80,
        31,
        89,
        3,
        18,
        43,
        95,
        64,
        24,
        54,
        94,
        1,
        42,
        11,
        56,
        100,
        58,
        8,
        57,
        14,
        21,
        101
      ],
      "score": 572.0,
      "length": 189.8215075125771
    },
    {
      "route_index": 2,
      "nodes": [
        0,
        29,
        81,
        53,
        6,
        65,
        37,
        67,
        12,
        23,
        36,
        97,
        60,
        99,
        74,
        98,
        59,
        13,
        62,
        27,
        2,
        4,
        83,
        49,
        91,
        48,
        90,
        26,
        75,
        41,
        39,
        101
      ],
      "score": 455.0,
      "length": 188.39575255076898
    }
  ],
  "dataset": "chao",
  "instance_name": "p7.2.s.txt",
  "run_seed": 198008,
  "run_index": 1
}