{
  "instance": {
    "num_nodes": 102,
    "team_size": 2,
    "max_route_distance": 190.0,
    "start_depot": 0,
    "end_depot": 101
  },
  "objective": {
    "total_score": 1021.0
  },
  "performance": {
    "cpu_time_seconds": 0.3138784000002488,
    "iterations": 20,
    "iterations_to_convergence": 20,
    "last_improvement_iteration": 20,
    "stagnation_iterations": 0,
    "accepted_worse_moves": 3,
    "restarts_performed": 1,
    "num_lp_solves": null,
    "num_labels_generated": null
  },
  "routes": [
    {
      "route_index": 1,
      "nodes": [
        0,
        30,
        50,
        38,
        33,
        17,
        10,
        52,
        15,
        51,
        9,
        93,
        40,
        20,
        28,
        41,
        21,
        14,
        57,
        98,
        74,
        99,
        60,
        97,
        22,
        36,
        12,
        23,
        42,
        11,
        56,
        100,
        58,
        63,
        55,
        101
      ],
      "score": 573.0,
      "length": 189.2728688106871
    },
    {
      "route_index": 2,
      "nodes": [
        0,
        39,
        75,
        26,
        90,
        48,
        91,
        49,
        83,
        4,
        2,
        27,
        76,
        84,
        62,
        13,
        59,
        8,
        1,
        94,
        54,
        37,
        65,
        5,
        6,
        53,
        24,
        81,
        29,
        101
      ],
      "score": 448.0,
      "length": 188.3025142227854
    }
  ],
  "dataset": "chao",
  "instance_name": "p7.2.s.txt",
  "run_seed": 198007,
  "run_index": 0
}