{
  "instance": {
    "num_nodes": 102,
    "team_size": 2,
    "max_route_distance": 200.0,
    "start_depot": 0,
    "end_depot": 101
  },
  "objective": {
    "total_score": 1133.0
  },
  "performance": {
    "cpu_time_seconds": 0.31576619999941613,
    "iterations": 20,
    "iterations_to_convergence": 17,
    "last_improvement_iteration": 17,
    "stagnation_iterations": 3,
    "accepted_worse_moves": 8,
    "restarts_performed": 1,
    "num_lp_solves": null,
    "num_labels_generated": null
  },
  "routes": [
    {
      "route_index": 1,
      "nodes": [
        0,
        55,
        63,
        58,
        100,
        8,
        59,
        13,
        62,
        90,
        26,
        48,
        91,
        27,
        49,
        83,
        2,
        46,
        4,
        16,
        40,
        28,
        20,
        93,
        9,
        50,
        51,
        15,
        52,
        10,
        33,
        38,
        30,
        101
      ],
      "score": 535.0,
      "length": 198.72558133038137
    },
    {
      "route_index": 2,
      "nodes": [
        0,
        39,
        41,
        21,
        14,
        57,
        98,
        74,
        99,
        56,
        11,
        97,
        60,
        22,
        36,
        12,
        23,
        42,
        1,
        94,
        54,
        65,
        53,
        6,
        5,
        25,
        19,
        86,
        96,
        32,
        18,
        43,
        95,
        3,
        88,
        29,
        101
      ],
      "score": 598.0,
      "length": 199.62857558919194
    }
  ],
  "dataset": "chao",
  "instance_name": "p7.2.t.txt",
  "run_seed": 199008,
  "run_index": 1
}