{
  "instance": {
    "num_nodes": 102,
    "team_size": 2,
    "max_route_distance": 180.0,
    "start_depot": 0,
    "end_depot": 101
  },
  "objective": {
    "total_score": 1019.0
  },
  "performance": {
    "cpu_time_seconds": 0.3112747999985004,
    "iterations": 20,
    "iterations_to_convergence": 12,
    "last_improvement_iteration": 12,
    "stagnation_iterations": 8,
    "accepted_worse_moves": 8,
    "restarts_performed": 1,
    "num_lp_solves": null,
    "num_labels_generated": null
  },
  "routes": [
    {
      "route_index": 1,
      "nodes": [
        0,
        14,
        57,
        58,
        100,
        8,
        56,
        11,
        1,
        42,
        23,
        12,
        36,
        97,
        60,
        99,
        74,
        98,
        59,
        13,
        21,
        41,
        28,
        20,
        93,
        9,
        51,
        15,
        52,
        10,
        33,
        38,
        30,
        29,
        101
      ],
      "score": 596.0,
      "length": 178.12639689940193
    },
    {
      "route_index": 2,
      "nodes": [
        0,
        39,
        75,
        26,
        90,
        48,
        91,
        27,
        49,
        83,
        2,
        4,
        16,
        40,
        50,
        61,
        3,
        18,
        43,
        25,
        5,
        6,
        53,
        24,
        55,
        101
      ],
      "score": 423.0,
      "length": 178.88695944280823
    }
  ],
  "dataset": "chao",
  "instance_name": "p7.2.r.txt",
  "run_seed": 197007,
  "run_index": 0
}