{
  "instance": {
    "num_nodes": 102,
    "team_size": 2,
    "max_route_distance": 180.0,
    "start_depot": 0,
    "end_depot": 101
  },
  "objective": {
    "total_score": 1028.0
  },
  "performance": {
    "cpu_time_seconds": 0.2976727999994182,
    "iterations": 20,
    "iterations_to_convergence": 14,
    "last_improvement_iteration": 14,
    "stagnation_iterations": 6,
    "accepted_worse_moves": 8,
    "restarts_performed": 1,
    "num_lp_solves": null,
    "num_labels_generated": null
  },
  "routes": [
    {
      "route_index": 1,
      "nodes": [
        0,
        55,
        63,
        14,
        57,
        8,
        58,
        100,
        56,
        11,
        1,
        42,
        23,
        12,
        36,
        22,
        60,
        74,
        99,
        98,
        59,
        13,
        21,
        41,
        28,
        20,
        51,
        15,
        52,
        10,
        33,
        38,
        30,
        101
      ],
      "score": 575.0,
      "length": 178.32935152469312
    },
    {
      "route_index": 2,
      "nodes": [
        0,
        39,
        75,
        26,
        48,
        91,
        27,
        49,
        83,
        2,
        4,
        16,
        40,
        93,
        9,
        50,
        61,
        88,
        3,
        95,
        43,
        25,
        5,
        6,
        53,
        81,
        29,
        101
      ],
      "score": 453.0,
      "length": 179.00859422589866
    }
  ],
  "dataset": "chao",
  "instance_name": "p7.2.r.txt",
  "run_seed": 197008,
  "run_index": 1
}