{
  "instance": {
    "num_nodes": 102,
    "team_size": 2,
    "max_route_distance": 150.0,
    "start_depot": 0,
    "end_depot": 101
  },
  "objective": {
    "total_score": 896.0
  },
  "performance": {
    "cpu_time_seconds": 0.24678059999860125,
    "iterations": 20,
    "iterations_to_convergence": 15,
    "last_improvement_iteration": 15,
    "stagnation_iterations": 5,
    "accepted_worse_moves": 9,
    "restarts_performed": 1,
    "num_lp_solves": null,
    "num_labels_generated": null
  },
  "routes": [
    {
      "route_index": 1,
      "nodes": [
        0,
        39,
        41,
        75,
        26,
        48,
        90,
        62,
        13,
        59,
        98,
        74,
        99,
        60,
        22,
        36,
        12,
        23,
        42,
        1,
        11,
        56,
        8,
        100,
        58,
        57,
        21,
        14,
        63,
        55,
        101
      ],
      "score": 498.0,
      "length": 148.48657213614555
    },
    {
      "route_index": 2,
      "nodes": [
        0,
        29,
        81,
        24,
        53,
        6,
        5,
        25,
        43,
        95,
        3,
        88,
        61,
        38,
        33,
        10,
        52,
        15,
        51,
        9,
        93,
        20,
        28,
        30,
        101
      ],
      "score": 398.0,
      "length": 146.94333636199994
    }
  ],
  "dataset": "chao",
  "instance_name": "p7.2.o.txt",
  "run_seed": 194007,
  "run_index": 0
}