{
  "instance": {
    "num_nodes": 102,
    "team_size": 2,
    "max_route_distance": 170.0,
    "start_depot": 0,
    "end_depot": 101
  },
  "objective": {
    "total_score": 1006.0
  },
  "performance": {
    "cpu_time_seconds": 0.24195719999988796,
    "iterations": 20,
    "iterations_to_convergence": 11,
    "last_improvement_iteration": 11,
    "stagnation_iterations": 9,
    "accepted_worse_moves": 12,
    "restarts_performed": 1,
    "num_lp_solves": null,
    "num_labels_generated": null
  },
  "routes": [
    {
      "route_index": 1,
      "nodes": [
        0,
        55,
        24,
        53,
        6,
        5,
        65,
        37,
        54,
        94,
        1,
        42,
        23,
        12,
        36,
        22,
        60,
        74,
        99,
        11,
        56,
        8,
        100,
        58,
        63,
        14,
        57,
        59,
        13,
        21,
        101
      ],
      "score": 537.0,
      "length": 169.39428081866336
    },
    {
      "route_index": 2,
      "nodes": [
        0,
        30,
        29,
        3,
        88,
        61,
        38,
        33,
        10,
        52,
        15,
        51,
        9,
        93,
        20,
        40,
        16,
        4,
        2,
        83,
        49,
        27,
        91,
        48,
        90,
        26,
        75,
        41,
        39,
        101
      ],
      "score": 469.0,
      "length": 166.42673268723905
    }
  ],
  "dataset": "chao",
  "instance_name": "p7.2.q.txt",
  "run_seed": 196008,
  "run_index": 1
}