{
  "instance": {
    "num_nodes": 102,
    "team_size": 3,
    "max_route_distance": 120.0,
    "start_depot": 0,
    "end_depot": 101
  },
  "objective": {
    "total_score": 955.0
  },
  "performance": {
    "cpu_time_seconds": 0.2631063000007998,
    "iterations": 20,
    "iterations_to_convergence": 19,
    "last_improvement_iteration": 19,
    "stagnation_iterations": 1,
    "accepted_worse_moves": 8,
    "restarts_performed": 1,
    "num_lp_solves": null,
    "num_labels_generated": null
  },
  "routes": [
    {
      "route_index": 1,
      "nodes": [
        0,
        39,
        41,
        21,
        14,
        58,
        100,
        8,
        56,
        11,
        99,
        74,
        60,
        97,
        22,
        36,
        12,
        23,
        42,
        1,
        94,
        54,
        24,
        55,
        101
      ],
      "score": 405.0,
      "length": 119.56758341324166
    },
    {
      "route_index": 2,
      "nodes": [
        0,
        63,
        57,
        59,
        13,
        62,
        27,
        49,
        91,
        48,
        26,
        28,
        20,
        93,
        9,
        52,
        15,
        51,
        50,
        30,
        101
      ],
      "score": 305.0,
      "length": 119.83030326702787
    },
    {
      "route_index": 3,
      "nodes": [
        0,
        29,
        88,
        3,
        18,
        43,
        19,
        25,
        7,
        5,
        6,
        53,
        64,
        95,
        81,
        101
      ],
      "score": 245.0,
      "length": 118.13050773024683
    }
  ],
  "dataset": "chao",
  "instance_name": "p7.3.r.txt",
  "run_seed": 217008,
  "run_index": 1
}