{
  "instance": {
    "num_nodes": 102,
    "team_size": 3,
    "max_route_distance": 133.3,
    "start_depot": 0,
    "end_depot": 101
  },
  "objective": {
    "total_score": 1073.0
  },
  "performance": {
    "cpu_time_seconds": 0.3264920000001439,
    "iterations": 20,
    "iterations_to_convergence": 12,
    "last_improvement_iteration": 12,
    "stagnation_iterations": 8,
    "accepted_worse_moves": 12,
    "restarts_performed": 1,
    "num_lp_solves": null,
    "num_labels_generated": null
  },
  "routes": [
    {
      "route_index": 1,
      "nodes": [
        0,
        39,
        28,
        16,
        4,
        2,
        83,
        49,
        27,
        91,
        48,
        90,
        26,
        75,
        41,
        21,
        13,
        59,
        98,
        74,
        99,
        8,
        57,
        14,
        101
      ],
      "score": 388.0,
      "length": 131.90229591321116
    },
    {
      "route_index": 2,
      "nodes": [
        0,
        30,
        20,
        93,
        9,
        51,
        15,
        52,
        10,
        33,
        38,
        61,
        89,
        31,
        32,
        96,
        18,
        43,
        95,
        3,
        88,
        29,
        101
      ],
      "score": 332.0,
      "length": 131.23098280151424
    },
    {
      "route_index": 3,
      "nodes": [
        0,
        55,
        24,
        53,
        6,
        65,
        37,
        54,
        85,
        1,
        42,
        23,
        12,
        36,
        22,
        60,
        97,
        11,
        56,
        100,
        58,
        63,
        101
      ],
      "score": 353.0,
      "length": 132.8732004313305
    }
  ],
  "dataset": "chao",
  "instance_name": "p7.3.t.txt",
  "run_seed": 219008,
  "run_index": 1
}