{
  "instance": {
    "num_nodes": 102,
    "team_size": 3,
    "max_route_distance": 106.7,
    "start_depot": 0,
    "end_depot": 101
  },
  "objective": {
    "total_score": 829.0
  },
  "performance": {
    "cpu_time_seconds": 0.24169070000061765,
    "iterations": 20,
    "iterations_to_convergence": 14,
    "last_improvement_iteration": 14,
    "stagnation_iterations": 6,
    "accepted_worse_moves": 10,
    "restarts_performed": 1,
    "num_lp_solves": null,
    "num_labels_generated": null
  },
  "routes": [
    {
      "route_index": 1,
      "nodes": [
        0,
        55,
        63,
        58,
        100,
        99,
        74,
        98,
        59,
        13,
        21,
        41,
        28,
        20,
        93,
        9,
        15,
        51,
        50,
        30,
        101
      ],
      "score": 271.0,
      "length": 104.72449181284411
    },
    {
      "route_index": 2,
      "nodes": [
        0,
        14,
        57,
        8,
        56,
        11,
        60,
        22,
        36,
        12,
        23,
        42,
        1,
        85,
        54,
        24,
        81,
        29,
        101
      ],
      "score": 337.0,
      "length": 105.85520369545029
    },
    {
      "route_index": 3,
      "nodes": [
        0,
        39,
        75,
        26,
        90,
        48,
        91,
        27,
        49,
        83,
        2,
        4,
        70,
        16,
        40,
        101
      ],
      "score": 221.0,
      "length": 106.48619883892866
    }
  ],
  "dataset": "chao",
  "instance_name": "p7.3.p.txt",
  "run_seed": 215008,
  "run_index": 1
}