{
  "instance": {
    "num_nodes": 102,
    "team_size": 3,
    "max_route_distance": 93.3,
    "start_depot": 0,
    "end_depot": 101
  },
  "objective": {
    "total_score": 801.0
  },
  "performance": {
    "cpu_time_seconds": 0.24853860000075656,
    "iterations": 20,
    "iterations_to_convergence": 4,
    "last_improvement_iteration": 4,
    "stagnation_iterations": 16,
    "accepted_worse_moves": 16,
    "restarts_performed": 1,
    "num_lp_solves": null,
    "num_labels_generated": null
  },
  "routes": [
    {
      "route_index": 1,
      "nodes": [
        0,
        30,
        20,
        93,
        9,
        51,
        15,
        52,
        10,
        33,
        38,
        61,
        88,
        3,
        29,
        101
      ],
      "score": 236.0,
      "length": 88.5219172110827
    },
    {
      "route_index": 2,
      "nodes": [
        0,
        28,
        16,
        4,
        2,
        83,
        49,
        27,
        91,
        48,
        90,
        26,
        75,
        41,
        39,
        101
      ],
      "score": 232.0,
      "length": 92.29954259759398
    },
    {
      "route_index": 3,
      "nodes": [
        0,
        21,
        14,
        57,
        59,
        98,
        74,
        99,
        60,
        36,
        12,
        23,
        42,
        11,
        56,
        8,
        100,
        58,
        63,
        55,
        101
      ],
      "score": 333.0,
      "length": 92.4175155175138
    }
  ],
  "dataset": "chao",
  "instance_name": "p7.3.n.txt",
  "run_seed": 213008,
  "run_index": 1
}