{
  "instance": {
    "num_nodes": 102,
    "team_size": 3,
    "max_route_distance": 120.0,
    "start_depot": 0,
    "end_depot": 101
  },
  "objective": {
    "total_score": 985.0
  },
  "performance": {
    "cpu_time_seconds": 0.2865984000000026,
    "iterations": 20,
    "iterations_to_convergence": 11,
    "last_improvement_iteration": 11,
    "stagnation_iterations": 9,
    "accepted_worse_moves": 9,
    "restarts_performed": 1,
    "num_lp_solves": null,
    "num_labels_generated": null
  },
  "routes": [
    {
      "route_index": 1,
      "nodes": [
        0,
        28,
        20,
        51,
        15,
        52,
        33,
        10,
        17,
        80,
        31,
        18,
        43,
        95,
        3,
        61,
        88,
        29,
        101
      ],
      "score": 273.0,
      "length": 118.10043399062452
    },
    {
      "route_index": 2,
      "nodes": [
        0,
        55,
        24,
        53,
        6,
        65,
        54,
        85,
        1,
        42,
        11,
        60,
        74,
        99,
        56,
        8,
        100,
        58,
        14,
        57,
        59,
        13,
        21,
        101
      ],
      "score": 395.0,
      "length": 119.60535019248867
    },
    {
      "route_index": 3,
      "nodes": [
        0,
        30,
        38,
        50,
        9,
        93,
        40,
        16,
        4,
        2,
        83,
        49,
        27,
        91,
        48,
        90,
        26,
        75,
        41,
        39,
        101
      ],
      "score": 317.0,
      "length": 117.2462663149813
    }
  ],
  "dataset": "chao",
  "instance_name": "p7.3.r.txt",
  "run_seed": 217007,
  "run_index": 0
}