{
  "instance": {
    "num_nodes": 102,
    "team_size": 3,
    "max_route_distance": 126.7,
    "start_depot": 0,
    "end_depot": 101
  },
  "objective": {
    "total_score": 1010.0
  },
  "performance": {
    "cpu_time_seconds": 0.34257290000095963,
    "iterations": 20,
    "iterations_to_convergence": 15,
    "last_improvement_iteration": 15,
    "stagnation_iterations": 5,
    "accepted_worse_moves": 11,
    "restarts_performed": 1,
    "num_lp_solves": null,
    "num_labels_generated": null
  },
  "routes": [
    {
      "route_index": 1,
      "nodes": [
        0,
        21,
        13,
        59,
        57,
        58,
        100,
        8,
        99,
        74,
        60,
        97,
        22,
        36,
        12,
        23,
        42,
        11,
        56,
        1,
        85,
        54,
        24,
        55,
        101
      ],
      "score": 400.0,
      "length": 125.18613726466657
    },
    {
      "route_index": 2,
      "nodes": [
        0,
        29,
        81,
        64,
        53,
        6,
        5,
        25,
        19,
        43,
        95,
        3,
        88,
        61,
        38,
        50,
        20,
        28,
        39,
        101
      ],
      "score": 285.0,
      "length": 126.25151333554776
    },
    {
      "route_index": 3,
      "nodes": [
        0,
        14,
        41,
        75,
        26,
        90,
        48,
        91,
        27,
        49,
        83,
        4,
        16,
        40,
        93,
        9,
        52,
        15,
        51,
        30,
        101
      ],
      "score": 325.0,
      "length": 125.1270755906363
    }
  ],
  "dataset": "chao",
  "instance_name": "p7.3.s.txt",
  "run_seed": 218008,
  "run_index": 1
}