{
  "instance": {
    "num_nodes": 102,
    "team_size": 3,
    "max_route_distance": 93.3,
    "start_depot": 0,
    "end_depot": 101
  },
  "objective": {
    "total_score": 790.0
  },
  "performance": {
    "cpu_time_seconds": 0.2558626000009099,
    "iterations": 20,
    "iterations_to_convergence": 4,
    "last_improvement_iteration": 4,
    "stagnation_iterations": 16,
    "accepted_worse_moves": 11,
    "restarts_performed": 1,
    "num_lp_solves": null,
    "num_labels_generated": null
  },
  "routes": [
    {
      "route_index": 1,
      "nodes": [
        0,
        29,
        81,
        3,
        89,
        31,
        80,
        17,
        10,
        33,
        52,
        15,
        51,
        50,
        30,
        101
      ],
      "score": 220.0,
      "length": 91.94896572813103
    },
    {
      "route_index": 2,
      "nodes": [
        0,
        21,
        13,
        59,
        57,
        98,
        74,
        99,
        60,
        97,
        36,
        23,
        42,
        11,
        56,
        8,
        100,
        58,
        14,
        63,
        55,
        101
      ],
      "score": 325.0,
      "length": 92.86785667805594
    },
    {
      "route_index": 3,
      "nodes": [
        0,
        28,
        20,
        9,
        93,
        40,
        16,
        49,
        27,
        91,
        48,
        90,
        26,
        75,
        41,
        39,
        101
      ],
      "score": 245.0,
      "length": 93.09851145464249
    }
  ],
  "dataset": "chao",
  "instance_name": "p7.3.n.txt",
  "run_seed": 213007,
  "run_index": 0
}