{
  "instance": {
    "num_nodes": 102,
    "team_size": 3,
    "max_route_distance": 113.3,
    "start_depot": 0,
    "end_depot": 101
  },
  "objective": {
    "total_score": 841.0
  },
  "performance": {
    "cpu_time_seconds": 0.28412829999979294,
    "iterations": 20,
    "iterations_to_convergence": 15,
    "last_improvement_iteration": 15,
    "stagnation_iterations": 5,
    "accepted_worse_moves": 12,
    "restarts_performed": 1,
    "num_lp_solves": null,
    "num_labels_generated": null
  },
  "routes": [
    {
      "route_index": 1,
      "nodes": [
        0,
        63,
        58,
        100,
        56,
        11,
        60,
        99,
        74,
        98,
        57,
        14,
        21,
        62,
        84,
        76,
        27,
        49,
        91,
        48,
        90,
        26,
        75,
        39,
        101
      ],
      "score": 324.0,
      "length": 112.58773317700094
    },
    {
      "route_index": 2,
      "nodes": [
        0,
        81,
        24,
        53,
        6,
        5,
        25,
        19,
        43,
        18,
        95,
        3,
        61,
        88,
        29,
        101
      ],
      "score": 232.0,
      "length": 109.9770588084478
    },
    {
      "route_index": 3,
      "nodes": [
        0,
        55,
        85,
        1,
        8,
        59,
        13,
        41,
        28,
        20,
        93,
        9,
        52,
        15,
        51,
        50,
        30,
        101
      ],
      "score": 285.0,
      "length": 112.18463820383657
    }
  ],
  "dataset": "chao",
  "instance_name": "p7.3.q.txt",
  "run_seed": 216007,
  "run_index": 0
}