{
  "instance": {
    "num_nodes": 102,
    "team_size": 3,
    "max_route_distance": 126.7,
    "start_depot": 0,
    "end_depot": 101
  },
  "objective": {
    "total_score": 986.0
  },
  "performance": {
    "cpu_time_seconds": 0.30500879999999597,
    "iterations": 20,
    "iterations_to_convergence": 7,
    "last_improvement_iteration": 7,
    "stagnation_iterations": 13,
    "accepted_worse_moves": 12,
    "restarts_performed": 1,
    "num_lp_solves": null,
    "num_labels_generated": null
  },
  "routes": [
    {
      "route_index": 1,
      "nodes": [
        0,
        81,
        3,
        18,
        43,
        19,
        25,
        5,
        6,
        53,
        65,
        37,
        94,
        11,
        56,
        100,
        58,
        14,
        101
      ],
      "score": 321.0,
      "length": 126.17197241112589
    },
    {
      "route_index": 2,
      "nodes": [
        0,
        39,
        75,
        41,
        21,
        13,
        59,
        57,
        8,
        98,
        99,
        74,
        60,
        97,
        22,
        36,
        12,
        23,
        42,
        1,
        85,
        54,
        24,
        55,
        101
      ],
      "score": 360.0,
      "length": 125.16946006092199
    },
    {
      "route_index": 3,
      "nodes": [
        0,
        29,
        88,
        61,
        89,
        31,
        68,
        80,
        17,
        10,
        33,
        52,
        15,
        51,
        50,
        9,
        93,
        40,
        20,
        28,
        30,
        101
      ],
      "score": 305.0,
      "length": 124.67020606510197
    }
  ],
  "dataset": "chao",
  "instance_name": "p7.3.s.txt",
  "run_seed": 218007,
  "run_index": 0
}