{
  "instance": {
    "num_nodes": 102,
    "team_size": 3,
    "max_route_distance": 113.3,
    "start_depot": 0,
    "end_depot": 101
  },
  "objective": {
    "total_score": 965.0
  },
  "performance": {
    "cpu_time_seconds": 0.2755620000007184,
    "iterations": 20,
    "iterations_to_convergence": 14,
    "last_improvement_iteration": 14,
    "stagnation_iterations": 6,
    "accepted_worse_moves": 10,
    "restarts_performed": 1,
    "num_lp_solves": null,
    "num_labels_generated": null
  },
  "routes": [
    {
      "route_index": 1,
      "nodes": [
        0,
        30,
        50,
        51,
        15,
        52,
        9,
        93,
        40,
        16,
        4,
        83,
        49,
        27,
        91,
        48,
        90,
        26,
        75,
        41,
        39,
        101
      ],
      "score": 325.0,
      "length": 112.747439751991
    },
    {
      "route_index": 2,
      "nodes": [
        0,
        21,
        13,
        59,
        57,
        8,
        56,
        11,
        99,
        74,
        60,
        22,
        36,
        12,
        23,
        42,
        94,
        1,
        100,
        58,
        14,
        101
      ],
      "score": 392.0,
      "length": 111.87120318558547
    },
    {
      "route_index": 3,
      "nodes": [
        0,
        29,
        88,
        3,
        95,
        43,
        19,
        25,
        5,
        6,
        53,
        65,
        37,
        54,
        24,
        55,
        101
      ],
      "score": 248.0,
      "length": 110.78574707012413
    }
  ],
  "dataset": "chao",
  "instance_name": "p7.3.q.txt",
  "run_seed": 216008,
  "run_index": 1
}