{
  "instance": {
    "num_nodes": 102,
    "team_size": 3,
    "max_route_distance": 133.3,
    "start_depot": 0,
    "end_depot": 101
  },
  "objective": {
    "total_score": 1084.0
  },
  "performance": {
    "cpu_time_seconds": 0.2677254999998695,
    "iterations": 20,
    "iterations_to_convergence": 16,
    "last_improvement_iteration": 16,
    "stagnation_iterations": 4,
    "accepted_worse_moves": 7,
    "restarts_performed": 1,
    "num_lp_solves": null,
    "num_labels_generated": null
  },
  "routes": [
    {
      "route_index": 1,
      "nodes": [
        0,
        29,
        88,
        61,
        3,
        95,
        43,
        25,
        7,
        5,
        6,
        53,
        54,
        85,
        1,
        100,
        58,
        14,
        63,
        55,
        101
      ],
      "score": 318.0,
      "length": 132.39720246670993
    },
    {
      "route_index": 2,
      "nodes": [
        0,
        21,
        13,
        59,
        57,
        98,
        8,
        56,
        11,
        99,
        74,
        60,
        97,
        22,
        36,
        12,
        23,
        42,
        94,
        37,
        65,
        24,
        81,
        101
      ],
      "score": 368.0,
      "length": 132.9024415522922
    },
    {
      "route_index": 3,
      "nodes": [
        0,
        39,
        41,
        75,
        26,
        90,
        48,
        91,
        27,
        49,
        2,
        4,
        16,
        40,
        93,
        9,
        51,
        15,
        52,
        10,
        33,
        38,
        50,
        30,
        101
      ],
      "score": 398.0,
      "length": 132.88184693202356
    }
  ],
  "dataset": "chao",
  "instance_name": "p7.3.t.txt",
  "run_seed": 219007,
  "run_index": 0
}