{
  "instance": {
    "num_nodes": 102,
    "team_size": 4,
    "max_route_distance": 85.0,
    "start_depot": 0,
    "end_depot": 101
  },
  "objective": {
    "total_score": 846.0
  },
  "performance": {
    "cpu_time_seconds": 0.3054790000005596,
    "iterations": 20,
    "iterations_to_convergence": 20,
    "last_improvement_iteration": 20,
    "stagnation_iterations": 0,
    "accepted_worse_moves": 6,
    "restarts_performed": 1,
    "num_lp_solves": null,
    "num_labels_generated": null
  },
  "routes": [
    {
      "route_index": 1,
      "nodes": [
        0,
        21,
        59,
        13,
        84,
        76,
        27,
        49,
        91,
        48,
        90,
        26,
        75,
        41,
        39,
        101
      ],
      "score": 203.0,
      "length": 82.44100672525958
    },
    {
      "route_index": 2,
      "nodes": [
        0,
        81,
        95,
        64,
        6,
        53,
        54,
        94,
        1,
        100,
        63,
        101
      ],
      "score": 131.0,
      "length": 84.22669719547653
    },
    {
      "route_index": 3,
      "nodes": [
        0,
        29,
        88,
        61,
        38,
        33,
        10,
        52,
        15,
        51,
        9,
        93,
        20,
        28,
        30,
        101
      ],
      "score": 226.0,
      "length": 81.25644788665419
    },
    {
      "route_index": 4,
      "nodes": [
        0,
        14,
        57,
        98,
        74,
        99,
        60,
        36,
        12,
        23,
        42,
        11,
        56,
        8,
        58,
        55,
        101
      ],
      "score": 286.0,
      "length": 84.54266128355907
    }
  ],
  "dataset": "chao",
  "instance_name": "p7.4.q.txt",
  "run_seed": 236007,
  "run_index": 0
}