{
  "instance": {
    "num_nodes": 102,
    "team_size": 4,
    "max_route_distance": 75.0,
    "start_depot": 0,
    "end_depot": 101
  },
  "objective": {
    "total_score": 741.0
  },
  "performance": {
    "cpu_time_seconds": 0.26691200000095705,
    "iterations": 20,
    "iterations_to_convergence": 3,
    "last_improvement_iteration": 3,
    "stagnation_iterations": 17,
    "accepted_worse_moves": 11,
    "restarts_performed": 1,
    "num_lp_solves": null,
    "num_labels_generated": null
  },
  "routes": [
    {
      "route_index": 1,
      "nodes": [
        0,
        29,
        88,
        61,
        38,
        33,
        10,
        52,
        15,
        51,
        9,
        20,
        30,
        101
      ],
      "score": 203.0,
      "length": 74.22921401437426
    },
    {
      "route_index": 2,
      "nodes": [
        0,
        21,
        13,
        59,
        98,
        99,
        74,
        60,
        97,
        23,
        11,
        56,
        100,
        58,
        63,
        55,
        101
      ],
      "score": 219.0,
      "length": 74.09072139315695
    },
    {
      "route_index": 3,
      "nodes": [
        0,
        28,
        16,
        83,
        49,
        27,
        91,
        48,
        26,
        75,
        41,
        39,
        101
      ],
      "score": 163.0,
      "length": 73.37691819511238
    },
    {
      "route_index": 4,
      "nodes": [
        0,
        14,
        57,
        8,
        42,
        94,
        1,
        85,
        54,
        24,
        81,
        101
      ],
      "score": 156.0,
      "length": 73.75050785591071
    }
  ],
  "dataset": "chao",
  "instance_name": "p7.4.o.txt",
  "run_seed": 234007,
  "run_index": 0
}