{
  "instance": {
    "num_nodes": 102,
    "team_size": 4,
    "max_route_distance": 90.0,
    "start_depot": 0,
    "end_depot": 101
  },
  "objective": {
    "total_score": 860.0
  },
  "performance": {
    "cpu_time_seconds": 0.3564710999999079,
    "iterations": 20,
    "iterations_to_convergence": 10,
    "last_improvement_iteration": 10,
    "stagnation_iterations": 10,
    "accepted_worse_moves": 11,
    "restarts_performed": 1,
    "num_lp_solves": null,
    "num_labels_generated": null
  },
  "routes": [
    {
      "route_index": 1,
      "nodes": [
        0,
        55,
        63,
        58,
        100,
        1,
        42,
        12,
        23,
        97,
        60,
        11,
        56,
        8,
        57,
        21,
        101
      ],
      "score": 283.0,
      "length": 88.85483132307951
    },
    {
      "route_index": 2,
      "nodes": [
        0,
        30,
        93,
        9,
        50,
        38,
        61,
        3,
        43,
        95,
        81,
        101
      ],
      "score": 158.0,
      "length": 89.0035484773343
    },
    {
      "route_index": 3,
      "nodes": [
        0,
        28,
        20,
        51,
        15,
        52,
        33,
        10,
        17,
        80,
        31,
        89,
        88,
        29,
        101
      ],
      "score": 197.0,
      "length": 89.53888088604087
    },
    {
      "route_index": 4,
      "nodes": [
        0,
        14,
        98,
        99,
        74,
        59,
        13,
        62,
        27,
        49,
        91,
        48,
        90,
        26,
        75,
        41,
        39,
        101
      ],
      "score": 222.0,
      "length": 89.62131245474015
    }
  ],
  "dataset": "chao",
  "instance_name": "p7.4.r.txt",
  "run_seed": 237008,
  "run_index": 1
}