{
  "instance": {
    "num_nodes": 102,
    "team_size": 4,
    "max_route_distance": 80.0,
    "start_depot": 0,
    "end_depot": 101
  },
  "objective": {
    "total_score": 803.0
  },
  "performance": {
    "cpu_time_seconds": 0.276775300000736,
    "iterations": 20,
    "iterations_to_convergence": 2,
    "last_improvement_iteration": 2,
    "stagnation_iterations": 18,
    "accepted_worse_moves": 9,
    "restarts_performed": 1,
    "num_lp_solves": null,
    "num_labels_generated": null
  },
  "routes": [
    {
      "route_index": 1,
      "nodes": [
        0,
        39,
        41,
        75,
        26,
        48,
        16,
        40,
        93,
        9,
        20,
        28,
        101
      ],
      "score": 192.0,
      "length": 78.92604922695807
    },
    {
      "route_index": 2,
      "nodes": [
        0,
        21,
        13,
        59,
        98,
        74,
        99,
        60,
        11,
        42,
        1,
        56,
        100,
        8,
        57,
        14,
        101
      ],
      "score": 284.0,
      "length": 79.89933358755935
    },
    {
      "route_index": 3,
      "nodes": [
        0,
        30,
        50,
        51,
        15,
        52,
        10,
        33,
        38,
        61,
        88,
        3,
        29,
        101
      ],
      "score": 188.0,
      "length": 79.53490419112731
    },
    {
      "route_index": 4,
      "nodes": [
        0,
        95,
        43,
        25,
        5,
        6,
        53,
        55,
        101
      ],
      "score": 139.0,
      "length": 79.9088512282666
    }
  ],
  "dataset": "chao",
  "instance_name": "p7.4.p.txt",
  "run_seed": 235007,
  "run_index": 0
}