{
  "instance": {
    "num_nodes": 102,
    "team_size": 4,
    "max_route_distance": 100.0,
    "start_depot": 0,
    "end_depot": 101
  },
  "objective": {
    "total_score": 1010.0
  },
  "performance": {
    "cpu_time_seconds": 0.34356839999963995,
    "iterations": 20,
    "iterations_to_convergence": 9,
    "last_improvement_iteration": 9,
    "stagnation_iterations": 11,
    "accepted_worse_moves": 14,
    "restarts_performed": 1,
    "num_lp_solves": null,
    "num_labels_generated": null
  },
  "routes": [
    {
      "route_index": 1,
      "nodes": [
        0,
        63,
        58,
        100,
        56,
        8,
        59,
        13,
        84,
        62,
        27,
        49,
        91,
        48,
        90,
        26,
        75,
        41,
        39,
        101
      ],
      "score": 255.0,
      "length": 95.95954521315277
    },
    {
      "route_index": 2,
      "nodes": [
        0,
        28,
        20,
        40,
        93,
        9,
        51,
        15,
        52,
        10,
        17,
        33,
        38,
        50,
        30,
        101
      ],
      "score": 241.0,
      "length": 98.49190581217265
    },
    {
      "route_index": 3,
      "nodes": [
        0,
        55,
        1,
        94,
        42,
        23,
        12,
        36,
        22,
        60,
        11,
        99,
        74,
        98,
        57,
        14,
        21,
        101
      ],
      "score": 301.0,
      "length": 99.63438550994064
    },
    {
      "route_index": 4,
      "nodes": [
        0,
        29,
        88,
        3,
        18,
        43,
        19,
        25,
        5,
        6,
        53,
        24,
        81,
        101
      ],
      "score": 213.0,
      "length": 96.9928518587437
    }
  ],
  "dataset": "chao",
  "instance_name": "p7.4.t.txt",
  "run_seed": 239008,
  "run_index": 1
}