{
  "instance": {
    "num_nodes": 102,
    "team_size": 4,
    "max_route_distance": 100.0,
    "start_depot": 0,
    "end_depot": 101
  },
  "objective": {
    "total_score": 941.0
  },
  "performance": {
    "cpu_time_seconds": 0.37401559999852907,
    "iterations": 20,
    "iterations_to_convergence": 2,
    "last_improvement_iteration": 2,
    "stagnation_iterations": 18,
    "accepted_worse_moves": 10,
    "restarts_performed": 1,
    "num_lp_solves": null,
    "num_labels_generated": null
  },
  "routes": [
    {
      "route_index": 1,
      "nodes": [
        0,
        14,
        57,
        98,
        99,
        11,
        56,
        100,
        58,
        55,
        81,
        3,
        89,
        31,
        61,
        88,
        29,
        101
      ],
      "score": 251.0,
      "length": 99.89099793424275
    },
    {
      "route_index": 2,
      "nodes": [
        0,
        95,
        43,
        25,
        5,
        6,
        53,
        65,
        37,
        54,
        24,
        101
      ],
      "score": 172.0,
      "length": 98.0181290886724
    },
    {
      "route_index": 3,
      "nodes": [
        0,
        28,
        20,
        40,
        93,
        9,
        51,
        15,
        52,
        10,
        17,
        33,
        38,
        50,
        30,
        101
      ],
      "score": 241.0,
      "length": 98.49190581217265
    },
    {
      "route_index": 4,
      "nodes": [
        0,
        1,
        42,
        23,
        12,
        36,
        22,
        60,
        74,
        8,
        59,
        13,
        21,
        41,
        39,
        101
      ],
      "score": 277.0,
      "length": 99.5117404046867
    }
  ],
  "dataset": "chao",
  "instance_name": "p7.4.t.txt",
  "run_seed": 239007,
  "run_index": 0
}