{
  "instance": {
    "num_nodes": 102,
    "team_size": 4,
    "max_route_distance": 95.0,
    "start_depot": 0,
    "end_depot": 101
  },
  "objective": {
    "total_score": 918.0
  },
  "performance": {
    "cpu_time_seconds": 0.31045669999912207,
    "iterations": 20,
    "iterations_to_convergence": 20,
    "last_improvement_iteration": 20,
    "stagnation_iterations": 0,
    "accepted_worse_moves": 10,
    "restarts_performed": 1,
    "num_lp_solves": null,
    "num_labels_generated": null
  },
  "routes": [
    {
      "route_index": 1,
      "nodes": [
        0,
        20,
        93,
        9,
        51,
        15,
        52,
        92,
        10,
        33,
        38,
        61,
        88,
        29,
        55,
        101
      ],
      "score": 211.0,
      "length": 94.75105139663277
    },
    {
      "route_index": 2,
      "nodes": [
        0,
        63,
        14,
        58,
        100,
        56,
        11,
        42,
        23,
        36,
        97,
        60,
        74,
        99,
        98,
        8,
        57,
        59,
        13,
        21,
        41,
        101
      ],
      "score": 328.0,
      "length": 94.129860682181
    },
    {
      "route_index": 3,
      "nodes": [
        0,
        81,
        64,
        53,
        6,
        5,
        65,
        54,
        85,
        94,
        1,
        101
      ],
      "score": 149.0,
      "length": 94.88597173722758
    },
    {
      "route_index": 4,
      "nodes": [
        0,
        30,
        28,
        16,
        4,
        2,
        83,
        49,
        27,
        91,
        48,
        90,
        26,
        75,
        39,
        101
      ],
      "score": 230.0,
      "length": 92.99209457201927
    }
  ],
  "dataset": "chao",
  "instance_name": "p7.4.s.txt",
  "run_seed": 238008,
  "run_index": 1
}