{
  "instance": {
    "num_nodes": 102,
    "team_size": 4,
    "max_route_distance": 85.0,
    "start_depot": 0,
    "end_depot": 101
  },
  "objective": {
    "total_score": 876.0
  },
  "performance": {
    "cpu_time_seconds": 0.2864819999995234,
    "iterations": 20,
    "iterations_to_convergence": 6,
    "last_improvement_iteration": 6,
    "stagnation_iterations": 14,
    "accepted_worse_moves": 11,
    "restarts_performed": 1,
    "num_lp_solves": null,
    "num_labels_generated": null
  },
  "routes": [
    {
      "route_index": 1,
      "nodes": [
        0,
        29,
        88,
        61,
        31,
        80,
        17,
        10,
        33,
        52,
        15,
        51,
        50,
        30,
        101
      ],
      "score": 195.0,
      "length": 84.14260849155677
    },
    {
      "route_index": 2,
      "nodes": [
        0,
        3,
        95,
        43,
        25,
        5,
        6,
        53,
        24,
        55,
        101
      ],
      "score": 178.0,
      "length": 83.27147071001781
    },
    {
      "route_index": 3,
      "nodes": [
        0,
        14,
        58,
        100,
        8,
        56,
        11,
        23,
        12,
        36,
        60,
        99,
        74,
        98,
        59,
        57,
        21,
        101
      ],
      "score": 302.0,
      "length": 84.96233920435645
    },
    {
      "route_index": 4,
      "nodes": [
        0,
        39,
        41,
        75,
        26,
        90,
        48,
        16,
        40,
        93,
        9,
        20,
        28,
        101
      ],
      "score": 201.0,
      "length": 80.77846859229525
    }
  ],
  "dataset": "chao",
  "instance_name": "p7.4.q.txt",
  "run_seed": 236008,
  "run_index": 1
}