{
  "instance": {
    "num_nodes": 102,
    "team_size": 4,
    "max_route_distance": 65.0,
    "start_depot": 0,
    "end_depot": 101
  },
  "objective": {
    "total_score": 617.0
  },
  "performance": {
    "cpu_time_seconds": 0.23985180000090622,
    "iterations": 20,
    "iterations_to_convergence": 18,
    "last_improvement_iteration": 18,
    "stagnation_iterations": 2,
    "accepted_worse_moves": 13,
    "restarts_performed": 1,
    "num_lp_solves": null,
    "num_labels_generated": null
  },
  "routes": [
    {
      "route_index": 1,
      "nodes": [
        0,
        55,
        24,
        53,
        6,
        64,
        95,
        81,
        101
      ],
      "score": 102.0,
      "length": 64.77149859682324
    },
    {
      "route_index": 2,
      "nodes": [
        0,
        41,
        21,
        57,
        59,
        98,
        74,
        99,
        60,
        11,
        56,
        8,
        100,
        58,
        14,
        101
      ],
      "score": 248.0,
      "length": 64.6186568030221
    },
    {
      "route_index": 3,
      "nodes": [
        0,
        39,
        28,
        20,
        93,
        9,
        52,
        15,
        51,
        50,
        30,
        101
      ],
      "score": 171.0,
      "length": 63.301022451858984
    },
    {
      "route_index": 4,
      "nodes": [
        0,
        29,
        88,
        61,
        31,
        18,
        3,
        101
      ],
      "score": 96.0,
      "length": 63.324113806338886
    }
  ],
  "dataset": "chao",
  "instance_name": "p7.4.m.txt",
  "run_seed": 232008,
  "run_index": 1
}