{
  "instance": {
    "num_nodes": 102,
    "team_size": 4,
    "max_route_distance": 90.0,
    "start_depot": 0,
    "end_depot": 101
  },
  "objective": {
    "total_score": 911.0
  },
  "performance": {
    "cpu_time_seconds": 0.30157929999950284,
    "iterations": 20,
    "iterations_to_convergence": 8,
    "last_improvement_iteration": 8,
    "stagnation_iterations": 12,
    "accepted_worse_moves": 12,
    "restarts_performed": 1,
    "num_lp_solves": null,
    "num_labels_generated": null
  },
  "routes": [
    {
      "route_index": 1,
      "nodes": [
        0,
        63,
        58,
        100,
        1,
        42,
        12,
        23,
        11,
        60,
        74,
        99,
        56,
        8,
        57,
        21,
        101
      ],
      "score": 285.0,
      "length": 88.57590106610274
    },
    {
      "route_index": 2,
      "nodes": [
        0,
        81,
        64,
        6,
        53,
        24,
        55,
        14,
        59,
        13,
        41,
        101
      ],
      "score": 176.0,
      "length": 88.98554992950041
    },
    {
      "route_index": 3,
      "nodes": [
        0,
        30,
        20,
        93,
        9,
        51,
        15,
        52,
        10,
        33,
        38,
        61,
        88,
        3,
        29,
        101
      ],
      "score": 236.0,
      "length": 88.5219172110827
    },
    {
      "route_index": 4,
      "nodes": [
        0,
        28,
        16,
        4,
        2,
        83,
        49,
        27,
        91,
        48,
        90,
        26,
        75,
        39,
        101
      ],
      "score": 214.0,
      "length": 89.78562139088291
    }
  ],
  "dataset": "chao",
  "instance_name": "p7.4.r.txt",
  "run_seed": 237007,
  "run_index": 0
}