{
  "instance": {
    "num_nodes": 102,
    "team_size": 4,
    "max_route_distance": 70.0,
    "start_depot": 0,
    "end_depot": 101
  },
  "objective": {
    "total_score": 681.0
  },
  "performance": {
    "cpu_time_seconds": 0.24707349999880535,
    "iterations": 20,
    "iterations_to_convergence": 15,
    "last_improvement_iteration": 15,
    "stagnation_iterations": 5,
    "accepted_worse_moves": 16,
    "restarts_performed": 1,
    "num_lp_solves": null,
    "num_labels_generated": null
  },
  "routes": [
    {
      "route_index": 1,
      "nodes": [
        0,
        39,
        41,
        21,
        13,
        59,
        8,
        1,
        85,
        24,
        55,
        101
      ],
      "score": 177.0,
      "length": 68.65253951293455
    },
    {
      "route_index": 2,
      "nodes": [
        0,
        38,
        33,
        10,
        52,
        15,
        51,
        9,
        93,
        20,
        30,
        101
      ],
      "score": 177.0,
      "length": 69.23642836764333
    },
    {
      "route_index": 3,
      "nodes": [
        0,
        29,
        88,
        3,
        95,
        64,
        6,
        53,
        81,
        101
      ],
      "score": 124.0,
      "length": 68.04300872159723
    },
    {
      "route_index": 4,
      "nodes": [
        0,
        63,
        58,
        100,
        56,
        11,
        42,
        23,
        97,
        60,
        99,
        74,
        98,
        57,
        14,
        101
      ],
      "score": 203.0,
      "length": 66.73581374708306
    }
  ],
  "dataset": "chao",
  "instance_name": "p7.4.n.txt",
  "run_seed": 233008,
  "run_index": 1
}