{
  "instance": {
    "num_nodes": 102,
    "team_size": 4,
    "max_route_distance": 70.0,
    "start_depot": 0,
    "end_depot": 101
  },
  "objective": {
    "total_score": 662.0
  },
  "performance": {
    "cpu_time_seconds": 0.27751659999921685,
    "iterations": 20,
    "iterations_to_convergence": 3,
    "last_improvement_iteration": 3,
    "stagnation_iterations": 17,
    "accepted_worse_moves": 13,
    "restarts_performed": 1,
    "num_lp_solves": null,
    "num_labels_generated": null
  },
  "routes": [
    {
      "route_index": 1,
      "nodes": [
        0,
        39,
        41,
        21,
        57,
        59,
        98,
        8,
        99,
        74,
        60,
        97,
        11,
        56,
        100,
        58,
        14,
        63,
        101
      ],
      "score": 266.0,
      "length": 69.55957020773107
    },
    {
      "route_index": 2,
      "nodes": [
        0,
        55,
        24,
        53,
        6,
        64,
        95,
        3,
        101
      ],
      "score": 120.0,
      "length": 66.86665415627404
    },
    {
      "route_index": 3,
      "nodes": [
        0,
        20,
        9,
        93,
        40,
        16,
        28,
        101
      ],
      "score": 115.0,
      "length": 66.81538026774932
    },
    {
      "route_index": 4,
      "nodes": [
        0,
        30,
        50,
        51,
        15,
        52,
        10,
        33,
        38,
        61,
        88,
        29,
        101
      ],
      "score": 161.0,
      "length": 66.35565376382766
    }
  ],
  "dataset": "chao",
  "instance_name": "p7.4.n.txt",
  "run_seed": 233007,
  "run_index": 0
}