{
  "instance": {
    "num_nodes": 102,
    "team_size": 4,
    "max_route_distance": 95.0,
    "start_depot": 0,
    "end_depot": 101
  },
  "objective": {
    "total_score": 969.0
  },
  "performance": {
    "cpu_time_seconds": 0.33811859999877925,
    "iterations": 20,
    "iterations_to_convergence": 10,
    "last_improvement_iteration": 10,
    "stagnation_iterations": 10,
    "accepted_worse_moves": 15,
    "restarts_performed": 1,
    "num_lp_solves": null,
    "num_labels_generated": null
  },
  "routes": [
    {
      "route_index": 1,
      "nodes": [
        0,
        28,
        20,
        40,
        93,
        9,
        51,
        15,
        52,
        92,
        10,
        33,
        38,
        50,
        30,
        101
      ],
      "score": 228.0,
      "length": 92.73097593517589
    },
    {
      "route_index": 2,
      "nodes": [
        0,
        39,
        41,
        75,
        26,
        90,
        48,
        91,
        27,
        62,
        13,
        59,
        98,
        99,
        11,
        56,
        100,
        58,
        57,
        21,
        101
      ],
      "score": 295.0,
      "length": 94.83645895717581
    },
    {
      "route_index": 3,
      "nodes": [
        0,
        55,
        85,
        54,
        1,
        42,
        23,
        12,
        36,
        22,
        60,
        74,
        8,
        14,
        101
      ],
      "score": 240.0,
      "length": 93.96118381206779
    },
    {
      "route_index": 4,
      "nodes": [
        0,
        81,
        24,
        53,
        6,
        5,
        25,
        19,
        43,
        95,
        3,
        88,
        29,
        101
      ],
      "score": 206.0,
      "length": 93.93059411044516
    }
  ],
  "dataset": "chao",
  "instance_name": "p7.4.s.txt",
  "run_seed": 238007,
  "run_index": 0
}