{
  "instance": {
    "num_nodes": 102,
    "team_size": 4,
    "max_route_distance": 75.0,
    "start_depot": 0,
    "end_depot": 101
  },
  "objective": {
    "total_score": 761.0
  },
  "performance": {
    "cpu_time_seconds": 0.2712269000003289,
    "iterations": 20,
    "iterations_to_convergence": 20,
    "last_improvement_iteration": 20,
    "stagnation_iterations": 0,
    "accepted_worse_moves": 16,
    "restarts_performed": 1,
    "num_lp_solves": null,
    "num_labels_generated": null
  },
  "routes": [
    {
      "route_index": 1,
      "nodes": [
        0,
        29,
        88,
        3,
        95,
        43,
        6,
        53,
        24,
        55,
        101
      ],
      "score": 156.0,
      "length": 74.74261872174938
    },
    {
      "route_index": 2,
      "nodes": [
        0,
        41,
        13,
        62,
        27,
        49,
        91,
        48,
        26,
        75,
        39,
        101
      ],
      "score": 154.0,
      "length": 73.26119528033539
    },
    {
      "route_index": 3,
      "nodes": [
        0,
        30,
        50,
        38,
        33,
        10,
        52,
        15,
        51,
        9,
        93,
        20,
        101
      ],
      "score": 190.0,
      "length": 72.86546710106441
    },
    {
      "route_index": 4,
      "nodes": [
        0,
        14,
        57,
        58,
        100,
        8,
        56,
        11,
        42,
        23,
        97,
        60,
        99,
        74,
        59,
        21,
        101
      ],
      "score": 261.0,
      "length": 74.2116199506521
    }
  ],
  "dataset": "chao",
  "instance_name": "p7.4.o.txt",
  "run_seed": 234008,
  "run_index": 1
}