{
  "instance": {
    "num_nodes": 128,
    "team_size": 4,
    "max_route_distance": 14785.2,
    "start_depot": 0,
    "end_depot": 127
  },
  "objective": {
    "total_score": 4802.0
  },
  "performance": {
    "cpu_time_seconds": 0.8296411000010266,
    "iterations": 20,
    "iterations_to_convergence": 12,
    "last_improvement_iteration": 12,
    "stagnation_iterations": 8,
    "accepted_worse_moves": 9,
    "restarts_performed": 1,
    "num_lp_solves": null,
    "num_labels_generated": null
  },
  "routes": [
    {
      "route_index": 1,
      "nodes": [
        0,
        104,
        113,
        105,
        5,
        23,
        22,
        8,
        10,
        2,
        57,
        63,
        112,
        125,
        65,
        54,
        123,
        51,
        55,
        120,
        4,
        100,
        49,
        34,
        35,
        36,
        15,
        127
      ],
      "score": 1180.0,
      "length": 14778.656085204235
    },
    {
      "route_index": 2,
      "nodes": [
        0,
        14,
        107,
        3,
        21,
        18,
        73,
        72,
        67,
        70,
        69,
        68,
        74,
        75,
        116,
        77,
        80,
        81,
        83,
        76,
        20,
        16,
        19,
        127
      ],
      "score": 1189.0,
      "length": 14665.661873482097
    },
    {
      "route_index": 3,
      "nodes": [
        0,
        6,
        119,
        12,
        114,
        9,
        101,
        99,
        90,
        60,
        61,
        58,
        59,
        89,
        115,
        66,
        7,
        71,
        17,
        82,
        78,
        79,
        26,
        30,
        11,
        127
      ],
      "score": 1179.0,
      "length": 14159.35207858787
    },
    {
      "route_index": 4,
      "nodes": [
        0,
        13,
        40,
        29,
        25,
        24,
        32,
        28,
        31,
        121,
        27,
        37,
        38,
        41,
        33,
        42,
        39,
        43,
        102,
        44,
        53,
        56,
        50,
        1,
        127
      ],
      "score": 1254.0,
      "length": 14033.213092183138
    }
  ],
  "dataset": "dang",
  "instance_name": "bier127_gen2_m4.txt",
  "run_seed": 4007,
  "run_index": 0
}