{
  "instance": {
    "num_nodes": 128,
    "team_size": 2,
    "max_route_distance": 29570.5,
    "start_depot": 0,
    "end_depot": 127
  },
  "objective": {
    "total_score": 101.0
  },
  "performance": {
    "cpu_time_seconds": 0.7042073000011442,
    "iterations": 20,
    "iterations_to_convergence": 9,
    "last_improvement_iteration": 9,
    "stagnation_iterations": 11,
    "accepted_worse_moves": 11,
    "restarts_performed": 1,
    "num_lp_solves": null,
    "num_labels_generated": null
  },
  "routes": [
    {
      "route_index": 1,
      "nodes": [
        0,
        1,
        50,
        56,
        120,
        55,
        4,
        100,
        49,
        114,
        12,
        119,
        9,
        101,
        99,
        2,
        5,
        105,
        14,
        19,
        107,
        23,
        22,
        3,
        21,
        18,
        20,
        16,
        17,
        76,
        81,
        80,
        83,
        75,
        116,
        77,
        82,
        78,
        79,
        30,
        11,
        13,
        40,
        29,
        26,
        25,
        24,
        32,
        28,
        31,
        121,
        27,
        37,
        38,
        41,
        33,
        42,
        39,
        35,
        36,
        15,
        127
      ],
      "score": 60.0,
      "length": 29092.655068093496
    },
    {
      "route_index": 2,
      "nodes": [
        0,
        34,
        43,
        102,
        44,
        53,
        47,
        45,
        117,
        52,
        48,
        46,
        123,
        51,
        54,
        65,
        125,
        112,
        63,
        57,
        90,
        60,
        61,
        58,
        59,
        89,
        115,
        66,
        70,
        69,
        68,
        74,
        67,
        72,
        73,
        71,
        7,
        8,
        10,
        113,
        104,
        6,
        127
      ],
      "score": 41.0,
      "length": 29212.670785164242
    }
  ],
  "dataset": "dang",
  "instance_name": "bier127_gen1_m2.txt",
  "run_seed": 7,
  "run_index": 0
}