{
  "instance": {
    "num_nodes": 128,
    "team_size": 4,
    "max_route_distance": 14785.2,
    "start_depot": 0,
    "end_depot": 127
  },
  "objective": {
    "total_score": 4886.0
  },
  "performance": {
    "cpu_time_seconds": 0.6805500999998912,
    "iterations": 20,
    "iterations_to_convergence": 15,
    "last_improvement_iteration": 15,
    "stagnation_iterations": 5,
    "accepted_worse_moves": 12,
    "restarts_performed": 1,
    "num_lp_solves": null,
    "num_labels_generated": null
  },
  "routes": [
    {
      "route_index": 1,
      "nodes": [
        0,
        12,
        114,
        49,
        55,
        46,
        48,
        52,
        47,
        117,
        45,
        93,
        44,
        102,
        43,
        39,
        34,
        35,
        40,
        29,
        13,
        127
      ],
      "score": 837.0,
      "length": 14545.014080352568
    },
    {
      "route_index": 2,
      "nodes": [
        0,
        104,
        105,
        14,
        107,
        19,
        16,
        20,
        21,
        3,
        8,
        10,
        2,
        57,
        63,
        112,
        125,
        65,
        54,
        123,
        51,
        100,
        4,
        120,
        53,
        56,
        50,
        1,
        127
      ],
      "score": 1388.0,
      "length": 14417.53600417569
    },
    {
      "route_index": 3,
      "nodes": [
        0,
        11,
        30,
        26,
        79,
        78,
        82,
        83,
        81,
        80,
        75,
        67,
        72,
        66,
        115,
        89,
        59,
        58,
        61,
        60,
        90,
        99,
        101,
        9,
        119,
        6,
        127
      ],
      "score": 1411.0,
      "length": 14612.024591919344
    },
    {
      "route_index": 4,
      "nodes": [
        0,
        15,
        36,
        42,
        33,
        41,
        38,
        37,
        25,
        24,
        32,
        121,
        27,
        28,
        31,
        116,
        77,
        76,
        17,
        71,
        7,
        18,
        22,
        23,
        5,
        113,
        127
      ],
      "score": 1250.0,
      "length": 14710.960023352452
    }
  ],
  "dataset": "dang",
  "instance_name": "bier127_gen2_m4.txt",
  "run_seed": 4008,
  "run_index": 1
}