{
  "instance": {
    "num_nodes": 128,
    "team_size": 2,
    "max_route_distance": 29570.5,
    "start_depot": 0,
    "end_depot": 127
  },
  "objective": {
    "total_score": 102.0
  },
  "performance": {
    "cpu_time_seconds": 0.7220326000006025,
    "iterations": 20,
    "iterations_to_convergence": 12,
    "last_improvement_iteration": 12,
    "stagnation_iterations": 8,
    "accepted_worse_moves": 9,
    "restarts_performed": 1,
    "num_lp_solves": null,
    "num_labels_generated": null
  },
  "routes": [
    {
      "route_index": 1,
      "nodes": [
        0,
        15,
        36,
        35,
        40,
        11,
        30,
        26,
        79,
        78,
        82,
        83,
        81,
        80,
        77,
        116,
        75,
        74,
        68,
        69,
        70,
        67,
        66,
        72,
        73,
        76,
        17,
        20,
        16,
        3,
        22,
        23,
        8,
        10,
        2,
        99,
        101,
        9,
        119,
        12,
        114,
        49,
        4,
        100,
        51,
        123,
        55,
        120,
        53,
        56,
        50,
        1,
        127
      ],
      "score": 51.0,
      "length": 28289.218690194513
    },
    {
      "route_index": 2,
      "nodes": [
        0,
        13,
        29,
        25,
        24,
        28,
        31,
        32,
        121,
        27,
        37,
        38,
        41,
        33,
        42,
        39,
        34,
        43,
        102,
        44,
        93,
        45,
        47,
        117,
        48,
        52,
        46,
        54,
        65,
        125,
        112,
        63,
        57,
        90,
        60,
        61,
        58,
        59,
        115,
        89,
        7,
        71,
        18,
        21,
        19,
        107,
        14,
        105,
        5,
        113,
        104,
        6,
        127
      ],
      "score": 51.0,
      "length": 29416.266405173996
    }
  ],
  "dataset": "dang",
  "instance_name": "bier127_gen1_m2.txt",
  "run_seed": 8,
  "run_index": 1
}