{
  "instance": {
    "num_nodes": 128,
    "team_size": 3,
    "max_route_distance": 19713.7,
    "start_depot": 0,
    "end_depot": 127
  },
  "objective": {
    "total_score": 96.0
  },
  "performance": {
    "cpu_time_seconds": 0.8209163000010449,
    "iterations": 20,
    "iterations_to_convergence": 20,
    "last_improvement_iteration": 20,
    "stagnation_iterations": 0,
    "accepted_worse_moves": 8,
    "restarts_performed": 1,
    "num_lp_solves": null,
    "num_labels_generated": null
  },
  "routes": [
    {
      "route_index": 1,
      "nodes": [
        0,
        14,
        105,
        5,
        23,
        22,
        7,
        71,
        18,
        21,
        3,
        107,
        19,
        16,
        20,
        76,
        83,
        81,
        80,
        75,
        116,
        77,
        82,
        78,
        79,
        11,
        13,
        1,
        50,
        56,
        53,
        120,
        55,
        4,
        100,
        49,
        114,
        12,
        127
      ],
      "score": 37.0,
      "length": 18438.78108237788
    },
    {
      "route_index": 2,
      "nodes": [
        0,
        15,
        36,
        35,
        34,
        39,
        43,
        102,
        44,
        93,
        45,
        47,
        117,
        48,
        52,
        46,
        54,
        65,
        123,
        51,
        101,
        99,
        63,
        57,
        90,
        60,
        89,
        8,
        10,
        113,
        104,
        127
      ],
      "score": 30.0,
      "length": 19459.71219009295
    },
    {
      "route_index": 3,
      "nodes": [
        0,
        6,
        119,
        9,
        2,
        115,
        59,
        61,
        58,
        66,
        72,
        67,
        73,
        17,
        30,
        26,
        25,
        24,
        32,
        28,
        31,
        121,
        27,
        37,
        38,
        41,
        33,
        42,
        29,
        40,
        127
      ],
      "score": 29.0,
      "length": 19238.91258828766
    }
  ],
  "dataset": "dang",
  "instance_name": "bier127_gen1_m3.txt",
  "run_seed": 1007,
  "run_index": 0
}