{
  "instance": {
    "num_nodes": 128,
    "team_size": 3,
    "max_route_distance": 19713.7,
    "start_depot": 0,
    "end_depot": 127
  },
  "objective": {
    "total_score": 98.0
  },
  "performance": {
    "cpu_time_seconds": 0.8301217999996879,
    "iterations": 20,
    "iterations_to_convergence": 20,
    "last_improvement_iteration": 20,
    "stagnation_iterations": 0,
    "accepted_worse_moves": 10,
    "restarts_performed": 1,
    "num_lp_solves": null,
    "num_labels_generated": null
  },
  "routes": [
    {
      "route_index": 1,
      "nodes": [
        0,
        1,
        50,
        56,
        120,
        55,
        4,
        100,
        49,
        114,
        12,
        113,
        10,
        8,
        66,
        72,
        70,
        69,
        67,
        73,
        71,
        7,
        18,
        20,
        16,
        19,
        107,
        14,
        11,
        29,
        40,
        13,
        127
      ],
      "score": 31.0,
      "length": 18361.099718464015
    },
    {
      "route_index": 2,
      "nodes": [
        0,
        104,
        105,
        5,
        23,
        22,
        3,
        21,
        17,
        76,
        83,
        81,
        80,
        75,
        74,
        116,
        77,
        82,
        78,
        79,
        30,
        26,
        25,
        24,
        32,
        28,
        31,
        121,
        27,
        37,
        38,
        41,
        33,
        42,
        39,
        35,
        36,
        15,
        127
      ],
      "score": 37.0,
      "length": 19353.78714573096
    },
    {
      "route_index": 3,
      "nodes": [
        0,
        6,
        119,
        9,
        2,
        89,
        115,
        59,
        58,
        61,
        60,
        90,
        57,
        63,
        99,
        101,
        51,
        123,
        65,
        54,
        46,
        52,
        48,
        45,
        117,
        47,
        53,
        44,
        102,
        43,
        34,
        127
      ],
      "score": 30.0,
      "length": 18907.247065186108
    }
  ],
  "dataset": "dang",
  "instance_name": "bier127_gen1_m3.txt",
  "run_seed": 1008,
  "run_index": 1
}