{
  "instance": {
    "num_nodes": 128,
    "team_size": 3,
    "max_route_distance": 19713.7,
    "start_depot": 0,
    "end_depot": 127
  },
  "objective": {
    "total_score": 2357.0
  },
  "performance": {
    "cpu_time_seconds": 0.6548177999993641,
    "iterations": 20,
    "iterations_to_convergence": 17,
    "last_improvement_iteration": 17,
    "stagnation_iterations": 3,
    "accepted_worse_moves": 9,
    "restarts_performed": 1,
    "num_lp_solves": null,
    "num_labels_generated": null
  },
  "routes": [
    {
      "route_index": 1,
      "nodes": [
        0,
        104,
        113,
        105,
        5,
        23,
        22,
        8,
        10,
        2,
        89,
        115,
        59,
        61,
        60,
        90,
        57,
        63,
        124,
        91,
        88,
        112,
        125,
        65,
        54,
        123,
        51,
        100,
        4,
        55,
        120,
        50,
        1,
        15,
        127
      ],
      "score": 784.0,
      "length": 19521.893533544207
    },
    {
      "route_index": 2,
      "nodes": [
        0,
        14,
        107,
        3,
        21,
        18,
        71,
        7,
        66,
        72,
        73,
        67,
        69,
        70,
        109,
        108,
        95,
        68,
        74,
        75,
        77,
        82,
        80,
        83,
        81,
        76,
        17,
        20,
        16,
        19,
        127
      ],
      "score": 882.0,
      "length": 19600.294156119246
    },
    {
      "route_index": 3,
      "nodes": [
        0,
        6,
        119,
        9,
        114,
        12,
        49,
        56,
        53,
        44,
        102,
        43,
        34,
        36,
        35,
        40,
        29,
        42,
        33,
        41,
        38,
        37,
        27,
        121,
        31,
        28,
        32,
        24,
        25,
        26,
        79,
        78,
        30,
        11,
        13,
        127
      ],
      "score": 691.0,
      "length": 19684.758527273956
    }
  ],
  "dataset": "dang",
  "instance_name": "bier127_gen3_m3.txt",
  "run_seed": 6007,
  "run_index": 0
}