{
  "instance": {
    "num_nodes": 128,
    "team_size": 2,
    "max_route_distance": 29570.5,
    "start_depot": 0,
    "end_depot": 127
  },
  "objective": {
    "total_score": 5334.0
  },
  "performance": {
    "cpu_time_seconds": 0.5795424999996612,
    "iterations": 20,
    "iterations_to_convergence": 12,
    "last_improvement_iteration": 12,
    "stagnation_iterations": 8,
    "accepted_worse_moves": 6,
    "restarts_performed": 1,
    "num_lp_solves": null,
    "num_labels_generated": null
  },
  "routes": [
    {
      "route_index": 1,
      "nodes": [
        0,
        13,
        40,
        35,
        42,
        33,
        29,
        26,
        30,
        11,
        19,
        16,
        20,
        21,
        3,
        23,
        107,
        5,
        105,
        14,
        104,
        119,
        9,
        2,
        89,
        115,
        59,
        58,
        61,
        60,
        90,
        57,
        63,
        99,
        101,
        114,
        12,
        49,
        120,
        55,
        4,
        100,
        51,
        123,
        65,
        54,
        46,
        52,
        48,
        45,
        117,
        47,
        44,
        102,
        43,
        53,
        56,
        50,
        1,
        127
      ],
      "score": 3059.0,
      "length": 29123.783989567222
    },
    {
      "route_index": 2,
      "nodes": [
        0,
        6,
        113,
        10,
        8,
        22,
        18,
        71,
        72,
        70,
        109,
        84,
        85,
        86,
        87,
        108,
        69,
        67,
        73,
        17,
        76,
        81,
        80,
        83,
        75,
        116,
        77,
        82,
        78,
        79,
        25,
        24,
        32,
        28,
        31,
        121,
        27,
        37,
        38,
        41,
        39,
        34,
        36,
        15,
        127
      ],
      "score": 2275.0,
      "length": 29569.36956185701
    }
  ],
  "dataset": "dang",
  "instance_name": "bier127_gen2_m2.txt",
  "run_seed": 2008,
  "run_index": 1
}