{
  "instance": {
    "num_nodes": 128,
    "team_size": 4,
    "max_route_distance": 14785.2,
    "start_depot": 0,
    "end_depot": 127
  },
  "objective": {
    "total_score": 2090.0
  },
  "performance": {
    "cpu_time_seconds": 0.7787351999995735,
    "iterations": 20,
    "iterations_to_convergence": 13,
    "last_improvement_iteration": 13,
    "stagnation_iterations": 7,
    "accepted_worse_moves": 9,
    "restarts_performed": 1,
    "num_lp_solves": null,
    "num_labels_generated": null
  },
  "routes": [
    {
      "route_index": 1,
      "nodes": [
        0,
        15,
        36,
        35,
        34,
        43,
        102,
        44,
        47,
        117,
        52,
        46,
        54,
        65,
        125,
        112,
        51,
        4,
        100,
        114,
        12,
        127
      ],
      "score": 474.0,
      "length": 14753.530463407746
    },
    {
      "route_index": 2,
      "nodes": [
        0,
        11,
        13,
        40,
        29,
        42,
        33,
        41,
        38,
        37,
        25,
        26,
        30,
        79,
        78,
        82,
        77,
        75,
        83,
        81,
        80,
        76,
        17,
        20,
        16,
        3,
        22,
        23,
        8,
        10,
        5,
        105,
        113,
        104,
        127
      ],
      "score": 632.0,
      "length": 14408.478824063737
    },
    {
      "route_index": 3,
      "nodes": [
        0,
        14,
        107,
        19,
        21,
        18,
        7,
        71,
        73,
        72,
        67,
        69,
        70,
        58,
        61,
        59,
        115,
        89,
        60,
        90,
        57,
        63,
        99,
        101,
        9,
        119,
        6,
        127
      ],
      "score": 603.0,
      "length": 14464.28177808211
    },
    {
      "route_index": 4,
      "nodes": [
        0,
        1,
        50,
        56,
        53,
        93,
        110,
        111,
        45,
        48,
        123,
        55,
        120,
        49,
        127
      ],
      "score": 381.0,
      "length": 14754.645055248495
    }
  ],
  "dataset": "dang",
  "instance_name": "bier127_gen3_m4.txt",
  "run_seed": 7007,
  "run_index": 0
}