{
  "instance": {
    "num_nodes": 152,
    "team_size": 3,
    "max_route_distance": 116.67,
    "start_depot": 0,
    "end_depot": 151
  },
  "objective": {
    "total_score": 1277.0
  },
  "performance": {
    "cpu_time_seconds": 0.6825774000008096,
    "iterations": 20,
    "iterations_to_convergence": 20,
    "last_improvement_iteration": 20,
    "stagnation_iterations": 0,
    "accepted_worse_moves": 8,
    "restarts_performed": 1,
    "num_lp_solves": null,
    "num_labels_generated": null
  },
  "routes": [
    {
      "route_index": 1,
      "nodes": [
        0,
        146,
        88,
        148,
        62,
        11,
        107,
        19,
        123,
        48,
        82,
        114,
        8,
        45,
        125,
        83,
        118,
        99,
        104,
        96,
        13,
        58,
        53,
        151
      ],
      "score": 376.0,
      "length": 116.58731330012084
    },
    {
      "route_index": 2,
      "nodes": [
        0,
        112,
        89,
        147,
        6,
        94,
        95,
        59,
        93,
        85,
        98,
        37,
        100,
        119,
        44,
        141,
        16,
        61,
        5,
        60,
        18,
        52,
        127,
        31,
        69,
        132,
        27,
        151
      ],
      "score": 457.0,
      "length": 115.88372136902183
    },
    {
      "route_index": 3,
      "nodes": [
        0,
        28,
        111,
        76,
        50,
        102,
        33,
        81,
        9,
        120,
        129,
        79,
        3,
        77,
        116,
        68,
        80,
        150,
        134,
        130,
        54,
        109,
        12,
        149,
        26,
        105,
        151
      ],
      "score": 444.0,
      "length": 116.11690937924443
    }
  ],
  "dataset": "dang",
  "instance_name": "cmt151b_m3.txt",
  "run_seed": 9007,
  "run_index": 0
}