{
  "instance": {
    "num_nodes": 152,
    "team_size": 2,
    "max_route_distance": 262.5,
    "start_depot": 0,
    "end_depot": 151
  },
  "objective": {
    "total_score": 1876.0
  },
  "performance": {
    "cpu_time_seconds": 0.8748271999993449,
    "iterations": 20,
    "iterations_to_convergence": 20,
    "last_improvement_iteration": 20,
    "stagnation_iterations": 0,
    "accepted_worse_moves": 10,
    "restarts_performed": 1,
    "num_lp_solves": null,
    "num_labels_generated": null
  },
  "routes": [
    {
      "route_index": 1,
      "nodes": [
        0,
        53,
        105,
        26,
        149,
        109,
        12,
        80,
        150,
        68,
        116,
        77,
        3,
        79,
        129,
        121,
        29,
        24,
        134,
        54,
        130,
        4,
        139,
        39,
        23,
        56,
        75,
        133,
        22,
        74,
        72,
        73,
        21,
        40,
        58,
        137,
        13,
        94,
        95,
        96,
        104,
        99,
        59,
        93,
        85,
        98,
        37,
        100,
        14,
        119,
        44,
        141,
        86,
        16,
        61,
        5,
        118,
        60,
        83,
        18,
        89,
        147,
        6,
        112,
        151
      ],
      "score": 1084.0,
      "length": 261.6117381767286
    },
    {
      "route_index": 2,
      "nodes": [
        0,
        146,
        27,
        132,
        69,
        1,
        101,
        31,
        127,
        88,
        148,
        7,
        106,
        82,
        114,
        125,
        45,
        8,
        48,
        124,
        47,
        143,
        49,
        107,
        19,
        123,
        62,
        10,
        108,
        90,
        32,
        131,
        128,
        20,
        66,
        103,
        71,
        136,
        35,
        135,
        9,
        120,
        81,
        33,
        102,
        50,
        76,
        111,
        138,
        28,
        151
      ],
      "score": 792.0,
      "length": 260.5098090916215
    }
  ],
  "dataset": "dang",
  "instance_name": "cmt151c_m2.txt",
  "run_seed": 10008,
  "run_index": 1
}