{
  "instance": {
    "num_nodes": 152,
    "team_size": 4,
    "max_route_distance": 131.25,
    "start_depot": 0,
    "end_depot": 151
  },
  "objective": {
    "total_score": 1675.0
  },
  "performance": {
    "cpu_time_seconds": 1.0592443000005005,
    "iterations": 20,
    "iterations_to_convergence": 20,
    "last_improvement_iteration": 20,
    "stagnation_iterations": 0,
    "accepted_worse_moves": 11,
    "restarts_performed": 1,
    "num_lp_solves": null,
    "num_labels_generated": null
  },
  "routes": [
    {
      "route_index": 1,
      "nodes": [
        0,
        105,
        26,
        149,
        110,
        4,
        130,
        54,
        134,
        150,
        80,
        68,
        77,
        116,
        76,
        1,
        132,
        69,
        89,
        147,
        6,
        96,
        95,
        117,
        13,
        58,
        53,
        151
      ],
      "score": 397.0,
      "length": 129.4345799713562
    },
    {
      "route_index": 2,
      "nodes": [
        0,
        146,
        52,
        106,
        82,
        114,
        83,
        60,
        118,
        5,
        84,
        61,
        16,
        86,
        141,
        44,
        119,
        14,
        100,
        37,
        98,
        85,
        93,
        104,
        99,
        59,
        92,
        97,
        94,
        112,
        151
      ],
      "score": 509.0,
      "length": 129.15007990860298
    },
    {
      "route_index": 3,
      "nodes": [
        0,
        137,
        87,
        144,
        57,
        2,
        115,
        145,
        41,
        22,
        133,
        74,
        73,
        21,
        72,
        75,
        56,
        23,
        39,
        139,
        109,
        12,
        138,
        28,
        151
      ],
      "score": 343.0,
      "length": 131.24613076382474
    },
    {
      "route_index": 4,
      "nodes": [
        0,
        27,
        127,
        31,
        88,
        148,
        62,
        10,
        108,
        90,
        32,
        131,
        128,
        20,
        30,
        122,
        51,
        9,
        120,
        81,
        33,
        79,
        129,
        3,
        102,
        50,
        111,
        151
      ],
      "score": 426.0,
      "length": 131.23743494543913
    }
  ],
  "dataset": "dang",
  "instance_name": "cmt151c_m4.txt",
  "run_seed": 12008,
  "run_index": 1
}