{
  "instance": {
    "num_nodes": 201,
    "team_size": 3,
    "max_route_distance": 127.33,
    "start_depot": 0,
    "end_depot": 200
  },
  "objective": {
    "total_score": 1828.0
  },
  "performance": {
    "cpu_time_seconds": 1.3687757999996393,
    "iterations": 20,
    "iterations_to_convergence": 20,
    "last_improvement_iteration": 20,
    "stagnation_iterations": 0,
    "accepted_worse_moves": 9,
    "restarts_performed": 1,
    "num_lp_solves": null,
    "num_labels_generated": null
  },
  "routes": [
    {
      "route_index": 1,
      "nodes": [
        0,
        105,
        180,
        26,
        138,
        154,
        12,
        184,
        116,
        68,
        80,
        150,
        177,
        109,
        195,
        149,
        198,
        21,
        73,
        72,
        74,
        133,
        22,
        171,
        115,
        178,
        2,
        144,
        87,
        97,
        95,
        94,
        183,
        6,
        147,
        112,
        156,
        200
      ],
      "score": 669.0,
      "length": 126.23967656057603
    },
    {
      "route_index": 2,
      "nodes": [
        0,
        53,
        58,
        152,
        13,
        117,
        92,
        151,
        59,
        99,
        104,
        93,
        85,
        91,
        193,
        100,
        192,
        14,
        119,
        44,
        191,
        141,
        86,
        16,
        61,
        173,
        5,
        118,
        60,
        166,
        18,
        127,
        167,
        27,
        200
      ],
      "score": 574.0,
      "length": 126.84359421543795
    },
    {
      "route_index": 3,
      "nodes": [
        0,
        28,
        111,
        76,
        196,
        77,
        3,
        158,
        129,
        79,
        185,
        81,
        33,
        157,
        102,
        50,
        1,
        176,
        132,
        101,
        162,
        190,
        31,
        10,
        189,
        108,
        159,
        62,
        148,
        182,
        7,
        194,
        106,
        153,
        52,
        146,
        200
      ],
      "score": 585.0,
      "length": 127.01185742299734
    }
  ],
  "dataset": "dang",
  "instance_name": "cmt200b_m3.txt",
  "run_seed": 14008,
  "run_index": 1
}