{
  "instance": {
    "num_nodes": 201,
    "team_size": 2,
    "max_route_distance": 286.5,
    "start_depot": 0,
    "end_depot": 200
  },
  "objective": {
    "total_score": 2695.0
  },
  "performance": {
    "cpu_time_seconds": 1.9110332000000199,
    "iterations": 20,
    "iterations_to_convergence": 11,
    "last_improvement_iteration": 11,
    "stagnation_iterations": 9,
    "accepted_worse_moves": 8,
    "restarts_performed": 1,
    "num_lp_solves": null,
    "num_labels_generated": null
  },
  "routes": [
    {
      "route_index": 1,
      "nodes": [
        0,
        28,
        154,
        138,
        12,
        184,
        76,
        50,
        102,
        157,
        33,
        81,
        185,
        79,
        129,
        3,
        158,
        77,
        196,
        116,
        68,
        150,
        80,
        177,
        109,
        195,
        149,
        26,
        180,
        21,
        198,
        110,
        155,
        4,
        139,
        187,
        39,
        23,
        186,
        56,
        197,
        75,
        133,
        22,
        74,
        72,
        171,
        115,
        178,
        2,
        144,
        87,
        97,
        92,
        151,
        98,
        37,
        100,
        193,
        91,
        192,
        119,
        44,
        191,
        141,
        86,
        16,
        61,
        85,
        93,
        104,
        99,
        59,
        95,
        94,
        183,
        6,
        147,
        89,
        112,
        13,
        137,
        152,
        58,
        105,
        53,
        156,
        200
      ],
      "score": 1516.0,
      "length": 286.4163162161699
    },
    {
      "route_index": 2,
      "nodes": [
        0,
        27,
        167,
        127,
        52,
        194,
        106,
        153,
        18,
        166,
        60,
        118,
        5,
        83,
        199,
        125,
        45,
        174,
        8,
        114,
        82,
        48,
        124,
        47,
        168,
        123,
        19,
        107,
        175,
        11,
        126,
        63,
        90,
        32,
        131,
        160,
        128,
        20,
        188,
        66,
        103,
        161,
        71,
        35,
        135,
        34,
        164,
        120,
        9,
        51,
        122,
        30,
        108,
        10,
        189,
        159,
        62,
        148,
        182,
        88,
        190,
        31,
        162,
        101,
        1,
        69,
        132,
        176,
        111,
        200
      ],
      "score": 1179.0,
      "length": 285.83735415616536
    }
  ],
  "dataset": "dang",
  "instance_name": "cmt200c_m2.txt",
  "run_seed": 16008,
  "run_index": 1
}