{
  "instance": {
    "num_nodes": 201,
    "team_size": 4,
    "max_route_distance": 143.25,
    "start_depot": 0,
    "end_depot": 200
  },
  "objective": {
    "total_score": 2332.0
  },
  "performance": {
    "cpu_time_seconds": 1.593223300000318,
    "iterations": 20,
    "iterations_to_convergence": 19,
    "last_improvement_iteration": 19,
    "stagnation_iterations": 1,
    "accepted_worse_moves": 5,
    "restarts_performed": 1,
    "num_lp_solves": null,
    "num_labels_generated": null
  },
  "routes": [
    {
      "route_index": 1,
      "nodes": [
        0,
        53,
        180,
        40,
        58,
        152,
        13,
        137,
        2,
        115,
        178,
        144,
        87,
        172,
        42,
        142,
        14,
        192,
        119,
        44,
        191,
        141,
        86,
        113,
        61,
        16,
        91,
        193,
        100,
        37,
        98,
        85,
        93,
        104,
        99,
        96,
        6,
        147,
        156,
        200
      ],
      "score": 622.0,
      "length": 142.12189873425146
    },
    {
      "route_index": 2,
      "nodes": [
        0,
        111,
        50,
        102,
        157,
        33,
        176,
        132,
        69,
        190,
        88,
        148,
        182,
        7,
        194,
        106,
        82,
        114,
        8,
        174,
        45,
        125,
        199,
        83,
        60,
        118,
        5,
        59,
        151,
        92,
        97,
        117,
        95,
        94,
        183,
        112,
        200
      ],
      "score": 617.0,
      "length": 142.5976157678016
    },
    {
      "route_index": 3,
      "nodes": [
        0,
        146,
        89,
        166,
        18,
        153,
        48,
        124,
        47,
        168,
        123,
        19,
        107,
        175,
        11,
        62,
        159,
        189,
        10,
        31,
        127,
        167,
        27,
        28,
        154,
        138,
        12,
        109,
        195,
        149,
        26,
        105,
        200
      ],
      "score": 552.0,
      "length": 142.36186260424864
    },
    {
      "route_index": 4,
      "nodes": [
        0,
        162,
        101,
        70,
        122,
        30,
        160,
        128,
        20,
        188,
        103,
        161,
        9,
        120,
        81,
        164,
        34,
        78,
        169,
        129,
        79,
        185,
        158,
        3,
        77,
        68,
        80,
        150,
        177,
        116,
        196,
        76,
        184,
        200
      ],
      "score": 541.0,
      "length": 141.25642193920459
    }
  ],
  "dataset": "dang",
  "instance_name": "cmt200c_m4.txt",
  "run_seed": 18008,
  "run_index": 1
}