{
  "instance": {
    "num_nodes": 201,
    "team_size": 2,
    "max_route_distance": 191.0,
    "start_depot": 0,
    "end_depot": 200
  },
  "objective": {
    "total_score": 1957.0
  },
  "performance": {
    "cpu_time_seconds": 1.2833156999986386,
    "iterations": 20,
    "iterations_to_convergence": 11,
    "last_improvement_iteration": 11,
    "stagnation_iterations": 9,
    "accepted_worse_moves": 9,
    "restarts_performed": 1,
    "num_lp_solves": null,
    "num_labels_generated": null
  },
  "routes": [
    {
      "route_index": 1,
      "nodes": [
        0,
        28,
        138,
        154,
        12,
        68,
        80,
        150,
        177,
        109,
        195,
        149,
        198,
        21,
        73,
        72,
        197,
        75,
        133,
        22,
        171,
        115,
        178,
        2,
        144,
        87,
        97,
        95,
        151,
        92,
        59,
        93,
        85,
        98,
        37,
        100,
        193,
        91,
        191,
        141,
        16,
        61,
        5,
        118,
        60,
        166,
        89,
        147,
        6,
        183,
        94,
        13,
        58,
        152,
        105,
        53,
        112,
        200
      ],
      "score": 1046.0,
      "length": 190.94737440578947
    },
    {
      "route_index": 2,
      "nodes": [
        0,
        156,
        146,
        52,
        153,
        106,
        194,
        7,
        182,
        88,
        127,
        190,
        31,
        148,
        62,
        159,
        189,
        10,
        108,
        32,
        131,
        160,
        128,
        20,
        188,
        103,
        161,
        9,
        120,
        164,
        34,
        81,
        33,
        185,
        79,
        129,
        3,
        158,
        77,
        116,
        196,
        184,
        76,
        157,
        102,
        50,
        1,
        176,
        132,
        69,
        162,
        167,
        27,
        200
      ],
      "score": 911.0,
      "length": 190.9949403261636
    }
  ],
  "dataset": "dang",
  "instance_name": "cmt200b_m2.txt",
  "run_seed": 13008,
  "run_index": 1
}