{
  "instance": {
    "num_nodes": 102,
    "team_size": 2,
    "max_route_distance": 236.0,
    "start_depot": 0,
    "end_depot": 101
  },
  "objective": {
    "total_score": 1288.0
  },
  "performance": {
    "cpu_time_seconds": 0.30336329999954614,
    "iterations": 20,
    "iterations_to_convergence": 18,
    "last_improvement_iteration": 18,
    "stagnation_iterations": 2,
    "accepted_worse_moves": 12,
    "restarts_performed": 1,
    "num_lp_solves": null,
    "num_labels_generated": null
  },
  "routes": [
    {
      "route_index": 1,
      "nodes": [
        0,
        27,
        69,
        31,
        88,
        10,
        62,
        11,
        19,
        49,
        36,
        47,
        48,
        7,
        82,
        8,
        45,
        83,
        84,
        5,
        61,
        16,
        86,
        44,
        14,
        100,
        37,
        98,
        85,
        93,
        99,
        96,
        59,
        92,
        97,
        87,
        13,
        95,
        94,
        6,
        89,
        101
      ],
      "score": 689.0,
      "length": 235.57530294522917
    },
    {
      "route_index": 2,
      "nodes": [
        0,
        28,
        26,
        12,
        76,
        50,
        1,
        70,
        30,
        32,
        20,
        66,
        71,
        9,
        51,
        81,
        33,
        79,
        3,
        77,
        68,
        80,
        54,
        4,
        39,
        67,
        23,
        56,
        75,
        22,
        74,
        72,
        73,
        21,
        40,
        58,
        53,
        101
      ],
      "score": 599.0,
      "length": 234.0023072239212
    }
  ],
  "dataset": "dang",
  "instance_name": "eil101c_m2.txt",
  "run_seed": 20008,
  "run_index": 1
}