{
  "instance": {
    "num_nodes": 251,
    "team_size": 2,
    "max_route_distance": 594.5,
    "start_depot": 0,
    "end_depot": 250
  },
  "objective": {
    "total_score": 6800.0
  },
  "performance": {
    "cpu_time_seconds": 2.251770499999111,
    "iterations": 20,
    "iterations_to_convergence": 19,
    "last_improvement_iteration": 19,
    "stagnation_iterations": 1,
    "accepted_worse_moves": 7,
    "restarts_performed": 1,
    "num_lp_solves": null,
    "num_labels_generated": null
  },
  "routes": [
    {
      "route_index": 1,
      "nodes": [
        0,
        112,
        96,
        73,
        198,
        207,
        166,
        72,
        185,
        19,
        79,
        211,
        90,
        61,
        221,
        129,
        130,
        49,
        12,
        133,
        5,
        191,
        30,
        18,
        137,
        54,
        173,
        217,
        83,
        206,
        65,
        220,
        36,
        150,
        183,
        58,
        189,
        121,
        248,
        89,
        153,
        9,
        26,
        230,
        170,
        2,
        114,
        101,
        193,
        203,
        57,
        131,
        10,
        214,
        11,
        235,
        241,
        225,
        43,
        224,
        64,
        125,
        250
      ],
      "score": 3404.0,
      "length": 592.8655916566928
    },
    {
      "route_index": 2,
      "nodes": [
        0,
        163,
        69,
        177,
        237,
        62,
        249,
        157,
        82,
        223,
        38,
        39,
        102,
        15,
        219,
        75,
        162,
        59,
        181,
        171,
        132,
        97,
        51,
        67,
        32,
        78,
        201,
        245,
        147,
        134,
        158,
        60,
        110,
        20,
        227,
        109,
        41,
        210,
        178,
        92,
        105,
        85,
        222,
        165,
        37,
        6,
        243,
        16,
        84,
        146,
        135,
        123,
        118,
        3,
        116,
        126,
        25,
        246,
        141,
        104,
        215,
        8,
        190,
        250
      ],
      "score": 3396.0,
      "length": 594.4315701524183
    }
  ],
  "dataset": "dang",
  "instance_name": "gil262b_m2.txt",
  "run_seed": 30007,
  "run_index": 0
}