{
  "instance": {
    "num_nodes": 263,
    "team_size": 3,
    "max_route_distance": 396.333,
    "start_depot": 0,
    "end_depot": 262
  },
  "objective": {
    "total_score": 84.0
  },
  "performance": {
    "cpu_time_seconds": 1.6632876999992732,
    "iterations": 20,
    "iterations_to_convergence": 15,
    "last_improvement_iteration": 15,
    "stagnation_iterations": 5,
    "accepted_worse_moves": 6,
    "restarts_performed": 1,
    "num_lp_solves": null,
    "num_labels_generated": null
  },
  "routes": [
    {
      "route_index": 1,
      "nodes": [
        0,
        230,
        231,
        98,
        69,
        107,
        243,
        114,
        185,
        6,
        245,
        24,
        140,
        73,
        103,
        125,
        115,
        214,
        212,
        111,
        95,
        72,
        197,
        203,
        17,
        29,
        190,
        261,
        78,
        70,
        228,
        262
      ],
      "score": 30.0,
      "length": 392.01115985631566
    },
    {
      "route_index": 2,
      "nodes": [
        0,
        30,
        204,
        4,
        132,
        11,
        48,
        123,
        256,
        136,
        172,
        26,
        260,
        53,
        206,
        165,
        18,
        184,
        71,
        171,
        139,
        163,
        80,
        99,
        208,
        253,
        233,
        141,
        67,
        262
      ],
      "score": 28.0,
      "length": 384.0225839373958
    },
    {
      "route_index": 3,
      "nodes": [
        0,
        220,
        128,
        60,
        89,
        210,
        32,
        137,
        20,
        144,
        3,
        257,
        187,
        27,
        155,
        259,
        238,
        34,
        181,
        94,
        33,
        86,
        153,
        75,
        154,
        201,
        138,
        262
      ],
      "score": 26.0,
      "length": 394.8003755882397
    }
  ],
  "dataset": "dang",
  "instance_name": "gil262_gen1_m3.txt",
  "run_seed": 22007,
  "run_index": 0
}