{
  "instance": {
    "num_nodes": 251,
    "team_size": 3,
    "max_route_distance": 594.67,
    "start_depot": 0,
    "end_depot": 250
  },
  "objective": {
    "total_score": 8431.0
  },
  "performance": {
    "cpu_time_seconds": 3.097330399999919,
    "iterations": 20,
    "iterations_to_convergence": 17,
    "last_improvement_iteration": 17,
    "stagnation_iterations": 3,
    "accepted_worse_moves": 4,
    "restarts_performed": 1,
    "num_lp_solves": null,
    "num_labels_generated": null
  },
  "routes": [
    {
      "route_index": 1,
      "nodes": [
        0,
        64,
        125,
        114,
        170,
        2,
        183,
        150,
        58,
        230,
        89,
        167,
        13,
        238,
        10,
        42,
        197,
        194,
        80,
        113,
        103,
        168,
        66,
        56,
        242,
        38,
        39,
        233,
        176,
        136,
        226,
        32,
        78,
        201,
        245,
        147,
        51,
        67,
        97,
        132,
        171,
        181,
        169,
        162,
        59,
        75,
        219,
        15,
        102,
        52,
        243,
        16,
        3,
        118,
        123,
        135,
        146,
        62,
        249,
        237,
        177,
        69,
        250
      ],
      "score": 3114.0,
      "length": 591.5684060697163
    },
    {
      "route_index": 2,
      "nodes": [
        0,
        190,
        8,
        215,
        104,
        141,
        25,
        246,
        160,
        164,
        140,
        172,
        186,
        115,
        145,
        138,
        21,
        72,
        185,
        19,
        166,
        73,
        198,
        54,
        191,
        5,
        133,
        12,
        49,
        124,
        53,
        228,
        65,
        206,
        36,
        220,
        189,
        121,
        248,
        153,
        9,
        26,
        148,
        101,
        193,
        203,
        57,
        131,
        214,
        11,
        235,
        241,
        225,
        223,
        43,
        157,
        82,
        224,
        163,
        250
      ],
      "score": 3206.0,
      "length": 591.5161401021354
    },
    {
      "route_index": 3,
      "nodes": [
        0,
        112,
        96,
        207,
        79,
        33,
        234,
        209,
        100,
        81,
        4,
        188,
        95,
        28,
        156,
        182,
        34,
        87,
        154,
        76,
        155,
        108,
        244,
        99,
        70,
        232,
        142,
        68,
        231,
        202,
        71,
        31,
        205,
        221,
        129,
        61,
        90,
        211,
        30,
        18,
        137,
        173,
        83,
        217,
        195,
        250
      ],
      "score": 2111.0,
      "length": 593.5763692576467
    }
  ],
  "dataset": "dang",
  "instance_name": "gil262c_m3.txt",
  "run_seed": 34008,
  "run_index": 1
}