{
  "instance": {
    "num_nodes": 263,
    "team_size": 4,
    "max_route_distance": 297.25,
    "start_depot": 0,
    "end_depot": 262
  },
  "objective": {
    "total_score": 2119.0
  },
  "performance": {
    "cpu_time_seconds": 1.7085191999995004,
    "iterations": 20,
    "iterations_to_convergence": 6,
    "last_improvement_iteration": 6,
    "stagnation_iterations": 14,
    "accepted_worse_moves": 11,
    "restarts_performed": 1,
    "num_lp_solves": null,
    "num_labels_generated": null
  },
  "routes": [
    {
      "route_index": 1,
      "nodes": [
        0,
        233,
        253,
        32,
        137,
        20,
        80,
        3,
        159,
        27,
        257,
        153,
        243,
        98,
        262
      ],
      "score": 393.0,
      "length": 296.94006212140545
    },
    {
      "route_index": 2,
      "nodes": [
        0,
        228,
        70,
        78,
        261,
        18,
        184,
        71,
        171,
        139,
        6,
        163,
        185,
        99,
        144,
        114,
        208,
        141,
        67,
        262
      ],
      "score": 517.0,
      "length": 289.2619826403941
    },
    {
      "route_index": 3,
      "nodes": [
        0,
        138,
        201,
        154,
        75,
        86,
        33,
        34,
        238,
        259,
        181,
        94,
        187,
        107,
        69,
        231,
        230,
        262
      ],
      "score": 494.0,
      "length": 296.20445335410756
    },
    {
      "route_index": 4,
      "nodes": [
        0,
        30,
        204,
        210,
        89,
        60,
        11,
        132,
        4,
        190,
        29,
        17,
        53,
        260,
        26,
        172,
        136,
        256,
        123,
        48,
        129,
        128,
        220,
        262
      ],
      "score": 715.0,
      "length": 289.6815142994247
    }
  ],
  "dataset": "dang",
  "instance_name": "gil262_gen3_m4.txt",
  "run_seed": 27007,
  "run_index": 0
}