{
  "instance": {
    "num_nodes": 263,
    "team_size": 2,
    "max_route_distance": 594.5,
    "start_depot": 0,
    "end_depot": 262
  },
  "objective": {
    "total_score": 6630.0
  },
  "performance": {
    "cpu_time_seconds": 2.197756499999741,
    "iterations": 20,
    "iterations_to_convergence": 19,
    "last_improvement_iteration": 19,
    "stagnation_iterations": 1,
    "accepted_worse_moves": 7,
    "restarts_performed": 1,
    "num_lp_solves": null,
    "num_labels_generated": null
  },
  "routes": [
    {
      "route_index": 1,
      "nodes": [
        0,
        228,
        70,
        30,
        204,
        220,
        128,
        60,
        89,
        210,
        11,
        48,
        123,
        256,
        136,
        172,
        216,
        82,
        205,
        219,
        35,
        149,
        182,
        57,
        229,
        152,
        8,
        25,
        147,
        113,
        252,
        192,
        63,
        124,
        1,
        194,
        26,
        260,
        53,
        203,
        197,
        72,
        206,
        165,
        261,
        4,
        132,
        78,
        18,
        184,
        71,
        185,
        99,
        144,
        153,
        75,
        154,
        201,
        138,
        262
      ],
      "score": 3439.0,
      "length": 594.2245829305323
    },
    {
      "route_index": 2,
      "nodes": [
        0,
        230,
        231,
        69,
        98,
        243,
        114,
        80,
        3,
        257,
        187,
        33,
        94,
        181,
        27,
        155,
        259,
        238,
        143,
        191,
        183,
        217,
        118,
        148,
        85,
        93,
        150,
        87,
        76,
        90,
        92,
        186,
        160,
        178,
        45,
        215,
        179,
        62,
        199,
        21,
        119,
        43,
        198,
        250,
        24,
        245,
        6,
        163,
        139,
        171,
        20,
        137,
        253,
        233,
        141,
        67,
        262
      ],
      "score": 3191.0,
      "length": 593.5435951726076
    }
  ],
  "dataset": "dang",
  "instance_name": "gil262_gen2_m2.txt",
  "run_seed": 24008,
  "run_index": 1
}