{
  "instance": {
    "num_nodes": 263,
    "team_size": 4,
    "max_route_distance": 297.25,
    "start_depot": 0,
    "end_depot": 262
  },
  "objective": {
    "total_score": 68.0
  },
  "performance": {
    "cpu_time_seconds": 1.3348339000003762,
    "iterations": 20,
    "iterations_to_convergence": 6,
    "last_improvement_iteration": 6,
    "stagnation_iterations": 14,
    "accepted_worse_moves": 8,
    "restarts_performed": 1,
    "num_lp_solves": null,
    "num_labels_generated": null
  },
  "routes": [
    {
      "route_index": 1,
      "nodes": [
        0,
        138,
        201,
        154,
        69,
        243,
        114,
        144,
        32,
        71,
        184,
        18,
        261,
        4,
        132,
        210,
        204,
        30,
        262
      ],
      "score": 17.0,
      "length": 261.6682104863937
    },
    {
      "route_index": 2,
      "nodes": [
        0,
        228,
        70,
        78,
        206,
        165,
        95,
        212,
        171,
        80,
        3,
        99,
        208,
        141,
        67,
        262
      ],
      "score": 14.0,
      "length": 296.4473265587409
    },
    {
      "route_index": 3,
      "nodes": [
        0,
        230,
        231,
        98,
        107,
        75,
        153,
        86,
        33,
        94,
        181,
        27,
        159,
        6,
        163,
        185,
        20,
        137,
        253,
        233,
        262
      ],
      "score": 19.0,
      "length": 296.63838890458277
    },
    {
      "route_index": 4,
      "nodes": [
        0,
        220,
        128,
        129,
        48,
        123,
        256,
        136,
        260,
        203,
        72,
        197,
        53,
        17,
        29,
        190,
        11,
        60,
        89,
        262
      ],
      "score": 18.0,
      "length": 295.9476310436494
    }
  ],
  "dataset": "dang",
  "instance_name": "gil262_gen1_m4.txt",
  "run_seed": 23007,
  "run_index": 0
}