{
  "instance": {
    "num_nodes": 263,
    "team_size": 2,
    "max_route_distance": 594.5,
    "start_depot": 0,
    "end_depot": 262
  },
  "objective": {
    "total_score": 5812.0
  },
  "performance": {
    "cpu_time_seconds": 2.7518287999992026,
    "iterations": 20,
    "iterations_to_convergence": 20,
    "last_improvement_iteration": 20,
    "stagnation_iterations": 0,
    "accepted_worse_moves": 8,
    "restarts_performed": 1,
    "num_lp_solves": null,
    "num_labels_generated": null
  },
  "routes": [
    {
      "route_index": 1,
      "nodes": [
        0,
        67,
        141,
        233,
        253,
        137,
        20,
        185,
        171,
        139,
        163,
        6,
        245,
        207,
        250,
        199,
        62,
        179,
        215,
        45,
        160,
        178,
        127,
        21,
        119,
        22,
        235,
        110,
        195,
        47,
        173,
        142,
        13,
        44,
        186,
        92,
        90,
        76,
        49,
        143,
        191,
        183,
        217,
        238,
        259,
        181,
        94,
        33,
        187,
        257,
        3,
        80,
        99,
        144,
        114,
        243,
        107,
        69,
        231,
        230,
        138,
        262
      ],
      "score": 2866.0,
      "length": 592.8132023018442
    },
    {
      "route_index": 2,
      "nodes": [
        0,
        220,
        128,
        129,
        48,
        123,
        52,
        227,
        64,
        205,
        82,
        35,
        219,
        149,
        182,
        57,
        229,
        152,
        8,
        25,
        147,
        113,
        252,
        169,
        1,
        124,
        63,
        249,
        162,
        223,
        81,
        156,
        248,
        61,
        236,
        176,
        68,
        145,
        83,
        134,
        2,
        117,
        122,
        7,
        189,
        111,
        95,
        72,
        197,
        203,
        53,
        17,
        29,
        190,
        4,
        132,
        210,
        89,
        60,
        204,
        30,
        70,
        228,
        262
      ],
      "score": 2946.0,
      "length": 590.8181771682611
    }
  ],
  "dataset": "dang",
  "instance_name": "gil262_gen3_m2.txt",
  "run_seed": 26007,
  "run_index": 0
}