{
  "instance": {
    "num_nodes": 251,
    "team_size": 2,
    "max_route_distance": 892.0,
    "start_depot": 0,
    "end_depot": 250
  },
  "objective": {
    "total_score": 10002.0
  },
  "performance": {
    "cpu_time_seconds": 3.9973067000009905,
    "iterations": 20,
    "iterations_to_convergence": 19,
    "last_improvement_iteration": 19,
    "stagnation_iterations": 1,
    "accepted_worse_moves": 9,
    "restarts_performed": 1,
    "num_lp_solves": null,
    "num_labels_generated": null
  },
  "routes": [
    {
      "route_index": 1,
      "nodes": [
        0,
        73,
        198,
        207,
        166,
        96,
        112,
        190,
        8,
        123,
        118,
        3,
        135,
        146,
        84,
        16,
        243,
        6,
        37,
        165,
        222,
        85,
        111,
        236,
        120,
        128,
        48,
        196,
        174,
        143,
        14,
        107,
        98,
        240,
        117,
        92,
        178,
        210,
        41,
        110,
        60,
        158,
        109,
        20,
        227,
        29,
        97,
        132,
        171,
        181,
        169,
        162,
        59,
        75,
        219,
        15,
        102,
        39,
        38,
        242,
        223,
        43,
        62,
        237,
        177,
        69,
        249,
        157,
        82,
        235,
        225,
        241,
        11,
        214,
        131,
        57,
        203,
        193,
        101,
        114,
        148,
        26,
        230,
        9,
        153,
        167,
        89,
        248,
        121,
        189,
        58,
        183,
        150,
        36,
        220,
        65,
        206,
        83,
        217,
        170,
        2,
        125,
        64,
        224,
        163,
        250
      ],
      "score": 5760.0,
      "length": 890.4481128812114
    },
    {
      "route_index": 2,
      "nodes": [
        0,
        195,
        27,
        173,
        137,
        124,
        49,
        12,
        211,
        90,
        61,
        129,
        221,
        205,
        31,
        71,
        139,
        202,
        231,
        68,
        142,
        232,
        70,
        99,
        244,
        108,
        155,
        76,
        154,
        115,
        145,
        100,
        81,
        4,
        188,
        34,
        95,
        182,
        28,
        156,
        239,
        119,
        218,
        184,
        192,
        144,
        91,
        77,
        212,
        45,
        187,
        93,
        161,
        179,
        46,
        216,
        63,
        180,
        152,
        208,
        246,
        25,
        141,
        104,
        215,
        74,
        7,
        160,
        164,
        140,
        186,
        21,
        138,
        33,
        72,
        185,
        19,
        79,
        133,
        5,
        191,
        30,
        18,
        54,
        204,
        250
      ],
      "score": 4242.0,
      "length": 891.2547855691002
    }
  ],
  "dataset": "dang",
  "instance_name": "gil262c_m2.txt",
  "run_seed": 33007,
  "run_index": 0
}