{
  "instance": {
    "num_nodes": 251,
    "team_size": 4,
    "max_route_distance": 446.0,
    "start_depot": 0,
    "end_depot": 250
  },
  "objective": {
    "total_score": 8227.0
  },
  "performance": {
    "cpu_time_seconds": 2.973131700000522,
    "iterations": 20,
    "iterations_to_convergence": 20,
    "last_improvement_iteration": 20,
    "stagnation_iterations": 0,
    "accepted_worse_moves": 4,
    "restarts_performed": 1,
    "num_lp_solves": null,
    "num_labels_generated": null
  },
  "routes": [
    {
      "route_index": 1,
      "nodes": [
        0,
        69,
        190,
        8,
        112,
        213,
        215,
        104,
        141,
        25,
        246,
        160,
        164,
        81,
        4,
        154,
        76,
        155,
        70,
        99,
        108,
        244,
        115,
        145,
        100,
        186,
        21,
        138,
        33,
        166,
        30,
        18,
        137,
        54,
        198,
        73,
        204,
        250
      ],
      "score": 1963.0,
      "length": 445.7510747861107
    },
    {
      "route_index": 2,
      "nodes": [
        0,
        177,
        237,
        146,
        84,
        16,
        243,
        52,
        169,
        181,
        171,
        59,
        226,
        136,
        176,
        233,
        38,
        56,
        242,
        225,
        241,
        235,
        11,
        214,
        13,
        167,
        89,
        248,
        121,
        189,
        58,
        183,
        150,
        36,
        220,
        65,
        206,
        83,
        217,
        27,
        195,
        250
      ],
      "score": 2000.0,
      "length": 441.72358481285545
    },
    {
      "route_index": 3,
      "nodes": [
        0,
        96,
        207,
        191,
        12,
        124,
        49,
        129,
        221,
        61,
        90,
        211,
        133,
        5,
        79,
        19,
        185,
        72,
        172,
        140,
        7,
        74,
        126,
        116,
        37,
        165,
        6,
        3,
        118,
        123,
        135,
        223,
        43,
        157,
        82,
        224,
        163,
        250
      ],
      "score": 1684.0,
      "length": 444.3957455733821
    },
    {
      "route_index": 4,
      "nodes": [
        0,
        249,
        62,
        122,
        39,
        102,
        15,
        219,
        75,
        162,
        132,
        97,
        29,
        227,
        109,
        20,
        51,
        67,
        32,
        78,
        201,
        245,
        24,
        40,
        17,
        175,
        47,
        168,
        103,
        113,
        194,
        197,
        42,
        10,
        131,
        57,
        203,
        193,
        101,
        114,
        148,
        26,
        9,
        153,
        230,
        170,
        2,
        125,
        64,
        250
      ],
      "score": 2580.0,
      "length": 444.93900828570975
    }
  ],
  "dataset": "dang",
  "instance_name": "gil262c_m4.txt",
  "run_seed": 35007,
  "run_index": 0
}