{
  "instance": {
    "num_nodes": 263,
    "team_size": 4,
    "max_route_distance": 297.25,
    "start_depot": 0,
    "end_depot": 262
  },
  "objective": {
    "total_score": 2203.0
  },
  "performance": {
    "cpu_time_seconds": 1.6158684999991237,
    "iterations": 20,
    "iterations_to_convergence": 15,
    "last_improvement_iteration": 15,
    "stagnation_iterations": 5,
    "accepted_worse_moves": 10,
    "restarts_performed": 1,
    "num_lp_solves": null,
    "num_labels_generated": null
  },
  "routes": [
    {
      "route_index": 1,
      "nodes": [
        0,
        233,
        253,
        137,
        20,
        185,
        139,
        6,
        245,
        207,
        159,
        163,
        80,
        114,
        208,
        141,
        67,
        262
      ],
      "score": 526.0,
      "length": 293.3224316636183
    },
    {
      "route_index": 2,
      "nodes": [
        0,
        220,
        128,
        60,
        89,
        11,
        48,
        123,
        256,
        136,
        53,
        203,
        197,
        72,
        95,
        165,
        206,
        190,
        4,
        132,
        210,
        204,
        30,
        262
      ],
      "score": 729.0,
      "length": 294.63936565507555
    },
    {
      "route_index": 3,
      "nodes": [
        0,
        228,
        70,
        32,
        78,
        261,
        17,
        29,
        18,
        184,
        71,
        171,
        99,
        144,
        243,
        107,
        69,
        201,
        262
      ],
      "score": 451.0,
      "length": 295.2518467896033
    },
    {
      "route_index": 4,
      "nodes": [
        0,
        138,
        154,
        75,
        153,
        86,
        33,
        181,
        155,
        27,
        94,
        187,
        257,
        3,
        98,
        231,
        230,
        262
      ],
      "score": 497.0,
      "length": 286.01758078342067
    }
  ],
  "dataset": "dang",
  "instance_name": "gil262_gen3_m4.txt",
  "run_seed": 27008,
  "run_index": 1
}