{
  "instance": {
    "num_nodes": 251,
    "team_size": 4,
    "max_route_distance": 446.0,
    "start_depot": 0,
    "end_depot": 250
  },
  "objective": {
    "total_score": 8005.0
  },
  "performance": {
    "cpu_time_seconds": 2.8687647999995534,
    "iterations": 20,
    "iterations_to_convergence": 20,
    "last_improvement_iteration": 20,
    "stagnation_iterations": 0,
    "accepted_worse_moves": 4,
    "restarts_performed": 1,
    "num_lp_solves": null,
    "num_labels_generated": null
  },
  "routes": [
    {
      "route_index": 1,
      "nodes": [
        0,
        96,
        73,
        198,
        207,
        166,
        72,
        185,
        19,
        79,
        133,
        5,
        191,
        30,
        137,
        217,
        195,
        125,
        64,
        82,
        43,
        223,
        122,
        39,
        102,
        15,
        219,
        75,
        162,
        59,
        171,
        181,
        169,
        85,
        222,
        37,
        6,
        243,
        16,
        135,
        237,
        177,
        250
      ],
      "score": 2226.0,
      "length": 442.65938580659014
    },
    {
      "route_index": 2,
      "nodes": [
        0,
        27,
        173,
        124,
        53,
        65,
        206,
        83,
        36,
        220,
        183,
        58,
        150,
        189,
        121,
        248,
        89,
        167,
        13,
        214,
        11,
        241,
        235,
        249,
        62,
        146,
        84,
        190,
        8,
        215,
        104,
        213,
        112,
        250
      ],
      "score": 1525.0,
      "length": 443.5991543552269
    },
    {
      "route_index": 3,
      "nodes": [
        0,
        204,
        54,
        18,
        12,
        49,
        130,
        129,
        221,
        61,
        90,
        211,
        33,
        138,
        21,
        100,
        145,
        115,
        244,
        108,
        99,
        70,
        155,
        76,
        154,
        4,
        81,
        186,
        140,
        7,
        246,
        25,
        141,
        126,
        116,
        3,
        118,
        123,
        69,
        250
      ],
      "score": 1862.0,
      "length": 443.14972601842555
    },
    {
      "route_index": 4,
      "nodes": [
        0,
        163,
        224,
        157,
        225,
        242,
        56,
        38,
        176,
        136,
        226,
        78,
        32,
        67,
        51,
        201,
        147,
        245,
        24,
        40,
        17,
        175,
        55,
        47,
        168,
        66,
        103,
        113,
        80,
        194,
        197,
        42,
        10,
        238,
        131,
        57,
        203,
        193,
        101,
        114,
        148,
        26,
        9,
        153,
        230,
        170,
        2,
        250
      ],
      "score": 2392.0,
      "length": 442.63378608659
    }
  ],
  "dataset": "dang",
  "instance_name": "gil262c_m4.txt",
  "run_seed": 35008,
  "run_index": 1
}