{
  "instance": {
    "num_nodes": 230,
    "team_size": 4,
    "max_route_distance": 441.25,
    "start_depot": 0,
    "end_depot": 229
  },
  "objective": {
    "total_score": 217.0
  },
  "performance": {
    "cpu_time_seconds": 3.53017920000093,
    "iterations": 20,
    "iterations_to_convergence": 19,
    "last_improvement_iteration": 19,
    "stagnation_iterations": 1,
    "accepted_worse_moves": 6,
    "restarts_performed": 1,
    "num_lp_solves": null,
    "num_labels_generated": null
  },
  "routes": [
    {
      "route_index": 1,
      "nodes": [
        0,
        3,
        4,
        6,
        8,
        50,
        51,
        64,
        63,
        61,
        60,
        80,
        86,
        79,
        87,
        78,
        77,
        76,
        75,
        74,
        73,
        102,
        111,
        115,
        119,
        142,
        204,
        209,
        219,
        220,
        201,
        157,
        153,
        150,
        151,
        135,
        134,
        133,
        132,
        170,
        169,
        168,
        165,
        124,
        123,
        104,
        106,
        105,
        98,
        99,
        90,
        89,
        88,
        85,
        84,
        83,
        81,
        82,
        56,
        54,
        10,
        9,
        7,
        229
      ],
      "score": 62.0,
      "length": 439.69282823770686
    },
    {
      "route_index": 2,
      "nodes": [
        0,
        12,
        13,
        14,
        35,
        36,
        34,
        166,
        167,
        176,
        178,
        180,
        179,
        177,
        181,
        182,
        184,
        185,
        186,
        195,
        222,
        221,
        210,
        199,
        198,
        162,
        171,
        137,
        128,
        113,
        116,
        112,
        72,
        71,
        69,
        70,
        68,
        67,
        66,
        65,
        62,
        59,
        58,
        57,
        53,
        52,
        18,
        17,
        16,
        5,
        2,
        229
      ],
      "score": 50.0,
      "length": 436.17043402473274
    },
    {
      "route_index": 3,
      "nodes": [
        0,
        11,
        15,
        19,
        55,
        23,
        22,
        24,
        91,
        94,
        95,
        97,
        96,
        103,
        107,
        108,
        109,
        110,
        125,
        126,
        127,
        129,
        130,
        131,
        136,
        152,
        155,
        156,
        200,
        158,
        159,
        160,
        161,
        163,
        164,
        172,
        173,
        174,
        175,
        196,
        197,
        194,
        193,
        191,
        192,
        187,
        48,
        43,
        44,
        46,
        47,
        45,
        41,
        40,
        39,
        37,
        33,
        32,
        26,
        25,
        1,
        229
      ],
      "score": 60.0,
      "length": 412.3873114426778
    },
    {
      "route_index": 4,
      "nodes": [
        0,
        20,
        21,
        92,
        93,
        100,
        101,
        114,
        117,
        118,
        120,
        121,
        122,
        141,
        138,
        139,
        140,
        143,
        144,
        145,
        146,
        147,
        148,
        154,
        149,
        203,
        211,
        205,
        206,
        208,
        212,
        213,
        214,
        215,
        202,
        190,
        189,
        188,
        49,
        183,
        38,
        31,
        28,
        30,
        29,
        27,
        229
      ],
      "score": 45.0,
      "length": 438.10520111635986
    }
  ],
  "dataset": "dang",
  "instance_name": "gr229_gen1_m4.txt",
  "run_seed": 36008,
  "run_index": 1
}