{
  "instance": {
    "num_nodes": 230,
    "team_size": 4,
    "max_route_distance": 441.25,
    "start_depot": 0,
    "end_depot": 229
  },
  "objective": {
    "total_score": 216.0
  },
  "performance": {
    "cpu_time_seconds": 2.926019099999394,
    "iterations": 20,
    "iterations_to_convergence": 16,
    "last_improvement_iteration": 16,
    "stagnation_iterations": 4,
    "accepted_worse_moves": 2,
    "restarts_performed": 1,
    "num_lp_solves": null,
    "num_labels_generated": null
  },
  "routes": [
    {
      "route_index": 1,
      "nodes": [
        0,
        19,
        22,
        23,
        83,
        84,
        85,
        86,
        81,
        82,
        80,
        79,
        78,
        87,
        88,
        90,
        99,
        98,
        104,
        107,
        108,
        109,
        124,
        165,
        166,
        176,
        181,
        182,
        183,
        47,
        49,
        184,
        185,
        174,
        173,
        169,
        170,
        126,
        110,
        72,
        71,
        69,
        70,
        68,
        67,
        66,
        62,
        65,
        64,
        63,
        61,
        59,
        58,
        56,
        55,
        54,
        53,
        52,
        50,
        10,
        9,
        8,
        7,
        6,
        5,
        4,
        3,
        2,
        229
      ],
      "score": 67.0,
      "length": 358.16329922504246
    },
    {
      "route_index": 2,
      "nodes": [
        0,
        16,
        17,
        18,
        51,
        57,
        60,
        77,
        76,
        75,
        89,
        74,
        73,
        102,
        101,
        111,
        114,
        117,
        118,
        119,
        141,
        142,
        143,
        144,
        145,
        146,
        147,
        150,
        148,
        204,
        210,
        202,
        200,
        157,
        156,
        133,
        132,
        171,
        162,
        163,
        164,
        172,
        175,
        177,
        179,
        180,
        178,
        167,
        168,
        37,
        33,
        32,
        26,
        25,
        1,
        229
      ],
      "score": 54.0,
      "length": 416.29599136206235
    },
    {
      "route_index": 3,
      "nodes": [
        0,
        13,
        34,
        95,
        106,
        112,
        115,
        120,
        121,
        122,
        138,
        139,
        140,
        151,
        155,
        158,
        159,
        160,
        198,
        197,
        196,
        186,
        195,
        194,
        193,
        191,
        192,
        190,
        189,
        188,
        187,
        48,
        43,
        42,
        44,
        46,
        41,
        45,
        40,
        39,
        38,
        31,
        28,
        30,
        29,
        27,
        229
      ],
      "score": 45.0,
      "length": 424.72171954782647
    },
    {
      "route_index": 4,
      "nodes": [
        0,
        11,
        15,
        20,
        21,
        24,
        91,
        92,
        93,
        100,
        105,
        116,
        113,
        128,
        137,
        136,
        135,
        152,
        153,
        154,
        149,
        203,
        211,
        205,
        206,
        207,
        208,
        209,
        219,
        218,
        220,
        221,
        222,
        201,
        199,
        161,
        134,
        131,
        130,
        129,
        127,
        125,
        123,
        103,
        96,
        97,
        94,
        36,
        35,
        14,
        12,
        229
      ],
      "score": 50.0,
      "length": 434.06367029838646
    }
  ],
  "dataset": "dang",
  "instance_name": "gr229_gen1_m4.txt",
  "run_seed": 36007,
  "run_index": 0
}