{
  "instance": {
    "num_nodes": 230,
    "team_size": 4,
    "max_route_distance": 441.25,
    "start_depot": 0,
    "end_depot": 229
  },
  "objective": {
    "total_score": 11057.0
  },
  "performance": {
    "cpu_time_seconds": 2.543236199999228,
    "iterations": 20,
    "iterations_to_convergence": 14,
    "last_improvement_iteration": 14,
    "stagnation_iterations": 6,
    "accepted_worse_moves": 3,
    "restarts_performed": 1,
    "num_lp_solves": null,
    "num_labels_generated": null
  },
  "routes": [
    {
      "route_index": 1,
      "nodes": [
        0,
        16,
        15,
        13,
        26,
        29,
        30,
        31,
        32,
        34,
        35,
        36,
        94,
        95,
        97,
        96,
        104,
        103,
        123,
        124,
        165,
        45,
        131,
        129,
        128,
        113,
        116,
        119,
        118,
        117,
        114,
        101,
        100,
        99,
        93,
        90,
        75,
        76,
        77,
        78,
        79,
        87,
        85,
        84,
        83,
        23,
        22,
        54,
        53,
        57,
        58,
        59,
        60,
        62,
        63,
        61,
        52,
        18,
        17,
        9,
        7,
        6,
        4,
        3,
        229
      ],
      "score": 3388.0,
      "length": 389.3681506775497
    },
    {
      "route_index": 2,
      "nodes": [
        0,
        12,
        14,
        33,
        39,
        178,
        176,
        180,
        179,
        177,
        181,
        184,
        185,
        186,
        192,
        189,
        191,
        193,
        194,
        195,
        196,
        197,
        198,
        164,
        172,
        175,
        174,
        173,
        169,
        168,
        170,
        130,
        137,
        136,
        135,
        151,
        150,
        204,
        146,
        145,
        144,
        143,
        142,
        141,
        122,
        121,
        120,
        72,
        71,
        69,
        70,
        68,
        67,
        66,
        65,
        64,
        51,
        50,
        10,
        8,
        5,
        2,
        229
      ],
      "score": 3014.0,
      "length": 429.29406303068924
    },
    {
      "route_index": 3,
      "nodes": [
        0,
        11,
        19,
        55,
        56,
        82,
        81,
        80,
        86,
        88,
        89,
        74,
        73,
        102,
        111,
        107,
        108,
        109,
        110,
        125,
        126,
        127,
        132,
        133,
        134,
        152,
        153,
        154,
        149,
        203,
        209,
        213,
        214,
        215,
        219,
        218,
        221,
        220,
        201,
        200,
        157,
        156,
        155,
        158,
        159,
        160,
        161,
        163,
        162,
        171,
        167,
        166,
        37,
        25,
        229
      ],
      "score": 2691.0,
      "length": 439.92357530759494
    },
    {
      "route_index": 4,
      "nodes": [
        0,
        1,
        27,
        28,
        38,
        40,
        182,
        183,
        49,
        47,
        46,
        41,
        44,
        43,
        48,
        187,
        188,
        190,
        199,
        202,
        210,
        208,
        206,
        205,
        211,
        148,
        147,
        140,
        139,
        138,
        115,
        112,
        106,
        105,
        98,
        92,
        91,
        24,
        21,
        20,
        229
      ],
      "score": 1964.0,
      "length": 438.6503084572209
    }
  ],
  "dataset": "dang",
  "instance_name": "gr229_gen2_m4.txt",
  "run_seed": 38008,
  "run_index": 1
}