{
  "instance": {
    "num_nodes": 230,
    "team_size": 4,
    "max_route_distance": 441.25,
    "start_depot": 0,
    "end_depot": 229
  },
  "objective": {
    "total_score": 7355.0
  },
  "performance": {
    "cpu_time_seconds": 2.905718500000148,
    "iterations": 20,
    "iterations_to_convergence": 13,
    "last_improvement_iteration": 13,
    "stagnation_iterations": 7,
    "accepted_worse_moves": 3,
    "restarts_performed": 1,
    "num_lp_solves": null,
    "num_labels_generated": null
  },
  "routes": [
    {
      "route_index": 1,
      "nodes": [
        0,
        2,
        16,
        17,
        18,
        54,
        56,
        55,
        22,
        23,
        83,
        82,
        81,
        80,
        86,
        79,
        78,
        87,
        89,
        88,
        91,
        35,
        34,
        94,
        100,
        102,
        101,
        105,
        114,
        117,
        118,
        121,
        122,
        120,
        119,
        110,
        126,
        127,
        129,
        130,
        131,
        133,
        134,
        132,
        173,
        174,
        175,
        177,
        182,
        49,
        42,
        46,
        40,
        166,
        37,
        33,
        32,
        26,
        25,
        1,
        229
      ],
      "score": 1542.0,
      "length": 440.72618411854324
    },
    {
      "route_index": 2,
      "nodes": [
        0,
        11,
        15,
        19,
        20,
        21,
        24,
        84,
        85,
        90,
        93,
        99,
        97,
        103,
        123,
        124,
        165,
        170,
        168,
        169,
        171,
        162,
        163,
        161,
        160,
        159,
        158,
        211,
        204,
        148,
        150,
        147,
        146,
        145,
        144,
        143,
        140,
        142,
        141,
        116,
        115,
        112,
        111,
        73,
        74,
        75,
        76,
        77,
        72,
        71,
        69,
        70,
        68,
        67,
        66,
        62,
        65,
        64,
        63,
        61,
        60,
        59,
        58,
        57,
        53,
        52,
        51,
        50,
        10,
        9,
        8,
        7,
        6,
        5,
        4,
        3,
        229
      ],
      "score": 1954.0,
      "length": 420.6491192678895
    },
    {
      "route_index": 3,
      "nodes": [
        0,
        29,
        30,
        167,
        176,
        172,
        164,
        198,
        197,
        196,
        186,
        195,
        194,
        193,
        191,
        192,
        187,
        188,
        189,
        190,
        199,
        221,
        222,
        43,
        44,
        48,
        47,
        41,
        45,
        183,
        184,
        185,
        181,
        179,
        180,
        178,
        39,
        38,
        31,
        28,
        27,
        229
      ],
      "score": 1711.0,
      "length": 433.27424237007915
    },
    {
      "route_index": 4,
      "nodes": [
        0,
        12,
        92,
        98,
        106,
        113,
        138,
        139,
        151,
        153,
        154,
        149,
        203,
        210,
        209,
        208,
        205,
        206,
        207,
        212,
        213,
        214,
        215,
        218,
        219,
        220,
        201,
        202,
        200,
        157,
        156,
        155,
        152,
        135,
        136,
        137,
        128,
        125,
        109,
        108,
        107,
        104,
        96,
        95,
        36,
        14,
        13,
        229
      ],
      "score": 2148.0,
      "length": 432.0505363440325
    }
  ],
  "dataset": "dang",
  "instance_name": "gr229_gen3_m4.txt",
  "run_seed": 40008,
  "run_index": 1
}