{
  "instance": {
    "num_nodes": 230,
    "team_size": 4,
    "max_route_distance": 441.25,
    "start_depot": 0,
    "end_depot": 229
  },
  "objective": {
    "total_score": 7355.0
  },
  "performance": {
    "cpu_time_seconds": 3.145017299999381,
    "iterations": 20,
    "iterations_to_convergence": 11,
    "last_improvement_iteration": 11,
    "stagnation_iterations": 9,
    "accepted_worse_moves": 4,
    "restarts_performed": 1,
    "num_lp_solves": null,
    "num_labels_generated": null
  },
  "routes": [
    {
      "route_index": 1,
      "nodes": [
        0,
        12,
        21,
        22,
        23,
        83,
        84,
        85,
        35,
        36,
        34,
        28,
        97,
        105,
        106,
        112,
        116,
        113,
        126,
        127,
        170,
        169,
        168,
        166,
        167,
        176,
        177,
        175,
        174,
        173,
        132,
        134,
        133,
        131,
        122,
        121,
        120,
        118,
        115,
        111,
        102,
        101,
        100,
        99,
        90,
        74,
        75,
        76,
        77,
        68,
        67,
        66,
        62,
        65,
        64,
        63,
        61,
        60,
        59,
        58,
        57,
        53,
        54,
        52,
        51,
        50,
        18,
        10,
        9,
        7,
        6,
        8,
        5,
        4,
        3,
        229
      ],
      "score": 1699.0,
      "length": 426.2489344604051
    },
    {
      "route_index": 2,
      "nodes": [
        0,
        14,
        104,
        107,
        108,
        109,
        110,
        138,
        139,
        140,
        143,
        145,
        146,
        147,
        148,
        150,
        152,
        171,
        162,
        163,
        172,
        164,
        198,
        197,
        196,
        186,
        195,
        193,
        191,
        190,
        189,
        188,
        187,
        48,
        43,
        42,
        44,
        41,
        46,
        47,
        183,
        182,
        184,
        185,
        181,
        179,
        180,
        178,
        37,
        33,
        32,
        29,
        26,
        25,
        1,
        229
      ],
      "score": 2152.0,
      "length": 430.9719475736761
    },
    {
      "route_index": 3,
      "nodes": [
        0,
        2,
        16,
        17,
        19,
        55,
        56,
        82,
        81,
        80,
        86,
        79,
        78,
        87,
        88,
        89,
        69,
        70,
        71,
        72,
        73,
        114,
        117,
        119,
        141,
        142,
        144,
        149,
        204,
        211,
        205,
        206,
        207,
        208,
        209,
        210,
        203,
        156,
        154,
        153,
        151,
        135,
        136,
        137,
        128,
        165,
        95,
        94,
        13,
        229
      ],
      "score": 1630.0,
      "length": 425.2346592290318
    },
    {
      "route_index": 4,
      "nodes": [
        0,
        11,
        15,
        20,
        24,
        91,
        92,
        93,
        98,
        96,
        103,
        123,
        124,
        125,
        129,
        130,
        161,
        160,
        159,
        158,
        155,
        157,
        200,
        202,
        201,
        220,
        219,
        212,
        213,
        214,
        215,
        218,
        221,
        222,
        199,
        194,
        192,
        49,
        45,
        40,
        39,
        38,
        31,
        30,
        27,
        229
      ],
      "score": 1874.0,
      "length": 440.27718849446774
    }
  ],
  "dataset": "dang",
  "instance_name": "gr229_gen3_m4.txt",
  "run_seed": 40007,
  "run_index": 0
}