{
  "instance": {
    "num_nodes": 230,
    "team_size": 3,
    "max_route_distance": 588.333,
    "start_depot": 0,
    "end_depot": 229
  },
  "objective": {
    "total_score": 11120.0
  },
  "performance": {
    "cpu_time_seconds": 4.991007099999479,
    "iterations": 20,
    "iterations_to_convergence": 0,
    "last_improvement_iteration": 0,
    "stagnation_iterations": 20,
    "accepted_worse_moves": 4,
    "restarts_performed": 2,
    "num_lp_solves": null,
    "num_labels_generated": null
  },
  "routes": [
    {
      "route_index": 1,
      "nodes": [
        0,
        1,
        11,
        15,
        16,
        17,
        19,
        20,
        14,
        13,
        25,
        26,
        21,
        24,
        91,
        35,
        36,
        34,
        33,
        94,
        98,
        97,
        96,
        105,
        106,
        104,
        103,
        107,
        108,
        109,
        123,
        165,
        124,
        125,
        126,
        127,
        170,
        168,
        169,
        173,
        174,
        180,
        179,
        181,
        184,
        185,
        196,
        197,
        198,
        164,
        172,
        163,
        162,
        134,
        133,
        136,
        135,
        140,
        143,
        147,
        148,
        146,
        145,
        144,
        142,
        139,
        138,
        137,
        131,
        130,
        129,
        128,
        110,
        113,
        116,
        115,
        119,
        120,
        121,
        118,
        117,
        114,
        102,
        101,
        100,
        99,
        93,
        92,
        90,
        74,
        72,
        71,
        69,
        68,
        67,
        66,
        77,
        76,
        75,
        89,
        88,
        85,
        84,
        83,
        86,
        79,
        87,
        78,
        80,
        81,
        82,
        55,
        56,
        58,
        59,
        60,
        62,
        65,
        64,
        63,
        61,
        57,
        53,
        54,
        52,
        50,
        18,
        10,
        9,
        8,
        5,
        6,
        4,
        3,
        2,
        229
      ],
      "score": 7269.0,
      "length": 579.0605839366812
    },
    {
      "route_index": 2,
      "nodes": [
        0,
        27,
        32,
        30,
        28,
        31,
        37,
        38,
        39,
        166,
        167,
        178,
        176,
        177,
        175,
        186,
        182,
        183,
        45,
        41,
        46,
        47,
        49,
        48,
        187,
        188,
        189,
        190,
        192,
        191,
        193,
        194,
        199,
        222,
        221,
        220,
        201,
        202,
        200,
        157,
        156,
        155,
        154,
        150,
        153,
        152,
        158,
        159,
        160,
        161,
        171,
        132,
        141,
        122,
        111,
        73,
        70,
        23,
        22,
        12,
        229
      ],
      "score": 2854.0,
      "length": 579.4630301834461
    },
    {
      "route_index": 3,
      "nodes": [
        0,
        7,
        51,
        95,
        112,
        151,
        204,
        211,
        205,
        206,
        207,
        208,
        212,
        213,
        214,
        215,
        218,
        219,
        209,
        210,
        203,
        149,
        195,
        43,
        42,
        44,
        40,
        29,
        229
      ],
      "score": 997.0,
      "length": 577.3029680731598
    }
  ],
  "dataset": "dang",
  "instance_name": "gr229_gen2_m3.txt",
  "run_seed": 37008,
  "run_index": 1
}