{
  "instance": {
    "num_nodes": 151,
    "team_size": 3,
    "max_route_distance": 4420.67,
    "start_depot": 0,
    "end_depot": 150
  },
  "objective": {
    "total_score": 1864.0
  },
  "performance": {
    "cpu_time_seconds": 0.48708999999871594,
    "iterations": 20,
    "iterations_to_convergence": 4,
    "last_improvement_iteration": 4,
    "stagnation_iterations": 16,
    "accepted_worse_moves": 13,
    "restarts_performed": 1,
    "num_lp_solves": null,
    "num_labels_generated": null
  },
  "routes": [
    {
      "route_index": 1,
      "nodes": [
        0,
        141,
        104,
        66,
        39,
        63,
        143,
        113,
        72,
        68,
        80,
        24,
        144,
        86,
        124,
        50,
        60,
        57,
        92,
        150
      ],
      "score": 723.0,
      "length": 4347.462023890259
    },
    {
      "route_index": 2,
      "nodes": [
        0,
        91,
        74,
        96,
        3,
        64,
        65,
        128,
        25,
        123,
        117,
        118,
        142,
        55,
        138,
        79,
        30,
        88,
        121,
        41,
        7,
        150
      ],
      "score": 707.0,
      "length": 4409.570488483905
    },
    {
      "route_index": 3,
      "nodes": [
        0,
        129,
        147,
        53,
        1,
        43,
        49,
        84,
        67,
        107,
        27,
        150
      ],
      "score": 434.0,
      "length": 4393.050169982109
    }
  ],
  "dataset": "dang",
  "instance_name": "kroA150_gen3_m3.txt",
  "run_seed": 42008,
  "run_index": 1
}