{
  "instance": {
    "num_nodes": 201,
    "team_size": 4,
    "max_route_distance": 3671.0,
    "start_depot": 0,
    "end_depot": 200
  },
  "objective": {
    "total_score": 72.0
  },
  "performance": {
    "cpu_time_seconds": 0.8618037000014738,
    "iterations": 20,
    "iterations_to_convergence": 11,
    "last_improvement_iteration": 11,
    "stagnation_iterations": 9,
    "accepted_worse_moves": 9,
    "restarts_performed": 1,
    "num_lp_solves": null,
    "num_labels_generated": null
  },
  "routes": [
    {
      "route_index": 1,
      "nodes": [
        0,
        84,
        14,
        12,
        176,
        66,
        30,
        46,
        156,
        108,
        106,
        111,
        126,
        185,
        134,
        41,
        54,
        19,
        63,
        161,
        159,
        78,
        144,
        200
      ],
      "score": 22.0,
      "length": 3647.380535484659
    },
    {
      "route_index": 2,
      "nodes": [
        0,
        110,
        45,
        171,
        28,
        183,
        36,
        123,
        137,
        8,
        77,
        81,
        6,
        198,
        25,
        60,
        120,
        173,
        52,
        200
      ],
      "score": 18.0,
      "length": 3592.1623101478476
    },
    {
      "route_index": 3,
      "nodes": [
        0,
        190,
        122,
        197,
        26,
        192,
        127,
        59,
        100,
        3,
        162,
        92,
        105,
        148,
        189,
        48,
        200
      ],
      "score": 15.0,
      "length": 3635.207108980664
    },
    {
      "route_index": 4,
      "nodes": [
        0,
        114,
        116,
        158,
        23,
        31,
        135,
        117,
        15,
        62,
        187,
        43,
        178,
        17,
        109,
        11,
        39,
        131,
        200
      ],
      "score": 17.0,
      "length": 3656.2483584284564
    }
  ],
  "dataset": "dang",
  "instance_name": "kroA200_gen1_m4.txt",
  "run_seed": 43007,
  "run_index": 0
}