{
  "instance": {
    "num_nodes": 151,
    "team_size": 3,
    "max_route_distance": 4420.67,
    "start_depot": 0,
    "end_depot": 150
  },
  "objective": {
    "total_score": 2139.0
  },
  "performance": {
    "cpu_time_seconds": 0.5788763999989897,
    "iterations": 20,
    "iterations_to_convergence": 7,
    "last_improvement_iteration": 7,
    "stagnation_iterations": 13,
    "accepted_worse_moves": 13,
    "restarts_performed": 1,
    "num_lp_solves": null,
    "num_labels_generated": null
  },
  "routes": [
    {
      "route_index": 1,
      "nodes": [
        0,
        5,
        48,
        89,
        105,
        78,
        87,
        15,
        93,
        21,
        69,
        65,
        128,
        25,
        123,
        117,
        118,
        142,
        55,
        138,
        7,
        129,
        150
      ],
      "score": 777.0,
      "length": 4376.7734723338135
    },
    {
      "route_index": 2,
      "nodes": [
        0,
        130,
        109,
        76,
        149,
        61,
        59,
        22,
        97,
        90,
        108,
        31,
        10,
        14,
        16,
        140,
        58,
        73,
        20,
        71,
        112,
        150
      ],
      "score": 684.0,
      "length": 4280.724801785378
    },
    {
      "route_index": 3,
      "nodes": [
        0,
        91,
        74,
        96,
        18,
        52,
        133,
        136,
        17,
        23,
        37,
        103,
        110,
        101,
        98,
        35,
        83,
        9,
        62,
        150
      ],
      "score": 678.0,
      "length": 4260.569212676505
    }
  ],
  "dataset": "dang",
  "instance_name": "kroA150_gen3_m3.txt",
  "run_seed": 42007,
  "run_index": 0
}