{
  "instance": {
    "num_nodes": 201,
    "team_size": 2,
    "max_route_distance": 7359.5,
    "start_depot": 0,
    "end_depot": 200
  },
  "objective": {
    "total_score": 2845.0
  },
  "performance": {
    "cpu_time_seconds": 1.089784800000416,
    "iterations": 20,
    "iterations_to_convergence": 20,
    "last_improvement_iteration": 20,
    "stagnation_iterations": 0,
    "accepted_worse_moves": 7,
    "restarts_performed": 1,
    "num_lp_solves": null,
    "num_labels_generated": null
  },
  "routes": [
    {
      "route_index": 1,
      "nodes": [
        0,
        89,
        45,
        24,
        8,
        26,
        175,
        33,
        6,
        83,
        57,
        185,
        195,
        51,
        115,
        162,
        53,
        153,
        190,
        176,
        142,
        170,
        87,
        138,
        172,
        114,
        71,
        36,
        183,
        140,
        64,
        123,
        126,
        187,
        78,
        178,
        112,
        55,
        99,
        25,
        149,
        74,
        29,
        180,
        133,
        48,
        85,
        137,
        165,
        107,
        20,
        200
      ],
      "score": 1676.0,
      "length": 7353.8851298121135
    },
    {
      "route_index": 2,
      "nodes": [
        0,
        173,
        11,
        160,
        70,
        56,
        179,
        93,
        177,
        73,
        164,
        59,
        86,
        113,
        167,
        132,
        65,
        144,
        198,
        130,
        156,
        171,
        34,
        60,
        106,
        31,
        166,
        174,
        58,
        135,
        75,
        7,
        98,
        96,
        90,
        128,
        27,
        157,
        2,
        10,
        92,
        121,
        84,
        72,
        141,
        122,
        200
      ],
      "score": 1169.0,
      "length": 7358.064020173756
    }
  ],
  "dataset": "dang",
  "instance_name": "kroB200_gen3_m2.txt",
  "run_seed": 47008,
  "run_index": 1
}