{
  "instance": {
    "num_nodes": 319,
    "team_size": 2,
    "max_route_distance": 10522.5,
    "start_depot": 0,
    "end_depot": 318
  },
  "objective": {
    "total_score": 8059.0
  },
  "performance": {
    "cpu_time_seconds": 4.178660499999751,
    "iterations": 20,
    "iterations_to_convergence": 11,
    "last_improvement_iteration": 11,
    "stagnation_iterations": 9,
    "accepted_worse_moves": 8,
    "restarts_performed": 1,
    "num_lp_solves": null,
    "num_labels_generated": null
  },
  "routes": [
    {
      "route_index": 1,
      "nodes": [
        0,
        1,
        20,
        21,
        28,
        31,
        30,
        29,
        26,
        23,
        18,
        15,
        16,
        17,
        24,
        25,
        35,
        36,
        41,
        42,
        40,
        44,
        48,
        47,
        49,
        54,
        55,
        58,
        104,
        61,
        62,
        65,
        64,
        60,
        59,
        163,
        161,
        158,
        155,
        151,
        148,
        162,
        157,
        156,
        150,
        147,
        145,
        141,
        140,
        130,
        129,
        122,
        121,
        120,
        123,
        128,
        131,
        124,
        127,
        132,
        134,
        135,
        136,
        13,
        12,
        115,
        114,
        3,
        4,
        8,
        7,
        11,
        318
      ],
      "score": 3766.0,
      "length": 10459.905462767447
    },
    {
      "route_index": 2,
      "nodes": [
        0,
        2,
        105,
        106,
        110,
        111,
        119,
        125,
        126,
        133,
        33,
        34,
        38,
        37,
        153,
        149,
        152,
        154,
        159,
        160,
        209,
        166,
        167,
        174,
        173,
        178,
        179,
        185,
        184,
        180,
        177,
        183,
        181,
        176,
        171,
        172,
        175,
        182,
        186,
        187,
        189,
        86,
        87,
        69,
        68,
        73,
        74,
        80,
        79,
        75,
        72,
        71,
        76,
        78,
        83,
        84,
        82,
        81,
        77,
        70,
        67,
        66,
        63,
        56,
        53,
        57,
        52,
        51,
        45,
        50,
        46,
        43,
        103,
        32,
        27,
        22,
        19,
        102,
        14,
        10,
        9,
        6,
        5,
        318
      ],
      "score": 4293.0,
      "length": 10475.383798691068
    }
  ],
  "dataset": "dang",
  "instance_name": "lin318_gen2_m2.txt",
  "run_seed": 51007,
  "run_index": 0
}