{
  "instance": {
    "num_nodes": 319,
    "team_size": 4,
    "max_route_distance": 5261.25,
    "start_depot": 0,
    "end_depot": 318
  },
  "objective": {
    "total_score": 3080.0
  },
  "performance": {
    "cpu_time_seconds": 2.999934100000246,
    "iterations": 20,
    "iterations_to_convergence": 14,
    "last_improvement_iteration": 14,
    "stagnation_iterations": 6,
    "accepted_worse_moves": 7,
    "restarts_performed": 1,
    "num_lp_solves": null,
    "num_labels_generated": null
  },
  "routes": [
    {
      "route_index": 1,
      "nodes": [
        0,
        1,
        5,
        6,
        9,
        10,
        14,
        102,
        27,
        32,
        24,
        13,
        12,
        133,
        126,
        125,
        116,
        113,
        112,
        107,
        3,
        4,
        8,
        7,
        2,
        318
      ],
      "score": 475.0,
      "length": 5017.087376816162
    },
    {
      "route_index": 2,
      "nodes": [
        0,
        20,
        21,
        28,
        30,
        31,
        103,
        44,
        47,
        49,
        54,
        55,
        58,
        66,
        67,
        70,
        77,
        81,
        82,
        83,
        78,
        76,
        71,
        63,
        104,
        50,
        42,
        40,
        35,
        26,
        23,
        18,
        11,
        318
      ],
      "score": 989.0,
      "length": 5242.307608675579
    },
    {
      "route_index": 3,
      "nodes": [
        0,
        19,
        22,
        29,
        39,
        43,
        46,
        53,
        56,
        61,
        68,
        73,
        74,
        80,
        69,
        62,
        57,
        52,
        51,
        45,
        41,
        36,
        25,
        17,
        15,
        318
      ],
      "score": 741.0,
      "length": 5223.711016926449
    },
    {
      "route_index": 4,
      "nodes": [
        0,
        105,
        106,
        110,
        111,
        114,
        115,
        119,
        207,
        124,
        127,
        132,
        128,
        123,
        120,
        121,
        122,
        129,
        130,
        131,
        137,
        134,
        135,
        136,
        33,
        34,
        16,
        318
      ],
      "score": 875.0,
      "length": 5079.491528271575
    }
  ],
  "dataset": "dang",
  "instance_name": "lin318_gen3_m4.txt",
  "run_seed": 54007,
  "run_index": 0
}