{
  "instance": {
    "num_nodes": 319,
    "team_size": 3,
    "max_route_distance": 7015.0,
    "start_depot": 0,
    "end_depot": 318
  },
  "objective": {
    "total_score": 121.0
  },
  "performance": {
    "cpu_time_seconds": 3.2017962000008993,
    "iterations": 20,
    "iterations_to_convergence": 10,
    "last_improvement_iteration": 10,
    "stagnation_iterations": 10,
    "accepted_worse_moves": 9,
    "restarts_performed": 1,
    "num_lp_solves": null,
    "num_labels_generated": null
  },
  "routes": [
    {
      "route_index": 1,
      "nodes": [
        0,
        4,
        110,
        111,
        114,
        115,
        116,
        123,
        128,
        131,
        132,
        127,
        124,
        207,
        135,
        136,
        33,
        34,
        37,
        38,
        45,
        51,
        52,
        57,
        50,
        53,
        56,
        104,
        58,
        55,
        54,
        49,
        47,
        44,
        103,
        31,
        30,
        29,
        28,
        21,
        20,
        10,
        9,
        6,
        5,
        1,
        318
      ],
      "score": 45.0,
      "length": 6718.038089978309
    },
    {
      "route_index": 2,
      "nodes": [
        0,
        14,
        102,
        19,
        22,
        27,
        32,
        39,
        48,
        46,
        43,
        40,
        42,
        41,
        153,
        152,
        154,
        159,
        160,
        155,
        158,
        161,
        162,
        157,
        156,
        150,
        147,
        146,
        145,
        148,
        151,
        149,
        144,
        36,
        35,
        25,
        24,
        15,
        318
      ],
      "score": 37.0,
      "length": 6930.757823825663
    },
    {
      "route_index": 3,
      "nodes": [
        0,
        11,
        18,
        23,
        26,
        17,
        16,
        13,
        12,
        119,
        125,
        126,
        133,
        134,
        137,
        130,
        129,
        122,
        120,
        121,
        118,
        117,
        224,
        220,
        219,
        216,
        215,
        211,
        210,
        108,
        109,
        113,
        112,
        107,
        105,
        106,
        3,
        8,
        7,
        2,
        318
      ],
      "score": 39.0,
      "length": 6966.236009116053
    }
  ],
  "dataset": "dang",
  "instance_name": "lin318_gen1_m3.txt",
  "run_seed": 50008,
  "run_index": 1
}