{
  "instance": {
    "num_nodes": 319,
    "team_size": 2,
    "max_route_distance": 10522.5,
    "start_depot": 0,
    "end_depot": 318
  },
  "objective": {
    "total_score": 155.0
  },
  "performance": {
    "cpu_time_seconds": 4.2964033000007475,
    "iterations": 20,
    "iterations_to_convergence": 16,
    "last_improvement_iteration": 16,
    "stagnation_iterations": 4,
    "accepted_worse_moves": 10,
    "restarts_performed": 1,
    "num_lp_solves": null,
    "num_labels_generated": null
  },
  "routes": [
    {
      "route_index": 1,
      "nodes": [
        0,
        1,
        5,
        6,
        9,
        10,
        14,
        20,
        21,
        28,
        31,
        30,
        29,
        26,
        23,
        18,
        25,
        35,
        43,
        46,
        50,
        53,
        56,
        41,
        38,
        37,
        34,
        33,
        136,
        135,
        134,
        137,
        208,
        144,
        153,
        160,
        159,
        154,
        152,
        149,
        148,
        151,
        155,
        158,
        161,
        162,
        157,
        156,
        150,
        147,
        145,
        146,
        141,
        140,
        130,
        129,
        122,
        121,
        120,
        123,
        128,
        131,
        132,
        127,
        124,
        207,
        133,
        126,
        125,
        119,
        115,
        114,
        111,
        110,
        106,
        105,
        3,
        4,
        12,
        13,
        8,
        7,
        2,
        318
      ],
      "score": 82.0,
      "length": 10467.426532713322
    },
    {
      "route_index": 2,
      "nodes": [
        0,
        11,
        15,
        16,
        17,
        24,
        36,
        40,
        42,
        45,
        51,
        52,
        57,
        61,
        62,
        65,
        64,
        175,
        172,
        171,
        176,
        181,
        183,
        188,
        182,
        186,
        187,
        189,
        86,
        87,
        69,
        68,
        73,
        74,
        80,
        79,
        75,
        72,
        71,
        76,
        78,
        85,
        88,
        92,
        101,
        100,
        96,
        95,
        91,
        90,
        84,
        83,
        82,
        81,
        77,
        70,
        67,
        66,
        63,
        104,
        58,
        55,
        54,
        49,
        47,
        44,
        48,
        39,
        103,
        32,
        27,
        22,
        19,
        102,
        318
      ],
      "score": 73.0,
      "length": 10441.810805985864
    }
  ],
  "dataset": "dang",
  "instance_name": "lin318_gen1_m2.txt",
  "run_seed": 49007,
  "run_index": 0
}