{
  "instance": {
    "num_nodes": 319,
    "team_size": 3,
    "max_route_distance": 7015.0,
    "start_depot": 0,
    "end_depot": 318
  },
  "objective": {
    "total_score": 6531.0
  },
  "performance": {
    "cpu_time_seconds": 3.275449500000832,
    "iterations": 20,
    "iterations_to_convergence": 19,
    "last_improvement_iteration": 19,
    "stagnation_iterations": 1,
    "accepted_worse_moves": 5,
    "restarts_performed": 1,
    "num_lp_solves": null,
    "num_labels_generated": null
  },
  "routes": [
    {
      "route_index": 1,
      "nodes": [
        0,
        15,
        16,
        17,
        24,
        25,
        36,
        41,
        40,
        42,
        45,
        51,
        52,
        57,
        61,
        62,
        68,
        72,
        75,
        85,
        83,
        84,
        82,
        81,
        77,
        70,
        67,
        66,
        58,
        55,
        54,
        49,
        47,
        44,
        48,
        316,
        315,
        39,
        32,
        29,
        28,
        21,
        20,
        102,
        14,
        10,
        9,
        6,
        5,
        1,
        318
      ],
      "score": 2571.0,
      "length": 6917.132635291905
    },
    {
      "route_index": 2,
      "nodes": [
        0,
        2,
        7,
        8,
        13,
        12,
        125,
        126,
        133,
        135,
        136,
        208,
        149,
        153,
        152,
        154,
        159,
        160,
        163,
        59,
        60,
        69,
        73,
        74,
        80,
        79,
        78,
        76,
        71,
        63,
        104,
        56,
        53,
        50,
        46,
        43,
        103,
        31,
        30,
        27,
        22,
        19,
        318
      ],
      "score": 2116.0,
      "length": 6944.0249738433295
    },
    {
      "route_index": 3,
      "nodes": [
        0,
        11,
        18,
        23,
        26,
        35,
        38,
        37,
        34,
        33,
        134,
        132,
        137,
        140,
        141,
        130,
        129,
        122,
        120,
        121,
        113,
        112,
        116,
        123,
        128,
        131,
        127,
        124,
        207,
        119,
        115,
        114,
        111,
        110,
        106,
        105,
        3,
        4,
        318
      ],
      "score": 1844.0,
      "length": 6975.622940423786
    }
  ],
  "dataset": "dang",
  "instance_name": "lin318_gen2_m3.txt",
  "run_seed": 52007,
  "run_index": 0
}