{
  "instance": {
    "num_nodes": 319,
    "team_size": 3,
    "max_route_distance": 7015.0,
    "start_depot": 0,
    "end_depot": 318
  },
  "objective": {
    "total_score": 6091.0
  },
  "performance": {
    "cpu_time_seconds": 3.0688107999994827,
    "iterations": 20,
    "iterations_to_convergence": 15,
    "last_improvement_iteration": 15,
    "stagnation_iterations": 5,
    "accepted_worse_moves": 6,
    "restarts_performed": 1,
    "num_lp_solves": null,
    "num_labels_generated": null
  },
  "routes": [
    {
      "route_index": 1,
      "nodes": [
        0,
        15,
        16,
        34,
        208,
        149,
        152,
        154,
        159,
        160,
        209,
        163,
        59,
        60,
        64,
        65,
        69,
        62,
        61,
        104,
        58,
        55,
        54,
        49,
        47,
        44,
        48,
        39,
        103,
        31,
        30,
        29,
        102,
        14,
        318
      ],
      "score": 1701.0,
      "length": 6968.180532075081
    },
    {
      "route_index": 2,
      "nodes": [
        0,
        4,
        3,
        106,
        105,
        107,
        110,
        111,
        114,
        115,
        119,
        125,
        126,
        133,
        207,
        124,
        127,
        132,
        137,
        134,
        135,
        37,
        38,
        41,
        42,
        45,
        51,
        52,
        57,
        56,
        53,
        50,
        46,
        43,
        40,
        36,
        35,
        32,
        27,
        22,
        19,
        28,
        21,
        20,
        10,
        9,
        6,
        5,
        1,
        318
      ],
      "score": 2356.0,
      "length": 6912.675964034423
    },
    {
      "route_index": 3,
      "nodes": [
        0,
        2,
        7,
        8,
        13,
        12,
        116,
        123,
        128,
        131,
        120,
        121,
        122,
        129,
        130,
        140,
        141,
        146,
        145,
        147,
        150,
        156,
        157,
        162,
        161,
        158,
        155,
        151,
        148,
        153,
        144,
        136,
        33,
        25,
        24,
        17,
        26,
        23,
        18,
        11,
        318
      ],
      "score": 2034.0,
      "length": 6822.681528320054
    }
  ],
  "dataset": "dang",
  "instance_name": "lin318_gen2_m3.txt",
  "run_seed": 52008,
  "run_index": 1
}