{
  "instance": {
    "num_nodes": 319,
    "team_size": 2,
    "max_route_distance": 10522.5,
    "start_depot": 0,
    "end_depot": 318
  },
  "objective": {
    "total_score": 144.0
  },
  "performance": {
    "cpu_time_seconds": 3.8504407000000356,
    "iterations": 20,
    "iterations_to_convergence": 10,
    "last_improvement_iteration": 10,
    "stagnation_iterations": 10,
    "accepted_worse_moves": 8,
    "restarts_performed": 1,
    "num_lp_solves": null,
    "num_labels_generated": null
  },
  "routes": [
    {
      "route_index": 1,
      "nodes": [
        0,
        1,
        5,
        6,
        9,
        10,
        20,
        21,
        28,
        32,
        103,
        39,
        315,
        316,
        48,
        49,
        42,
        45,
        51,
        52,
        57,
        61,
        62,
        60,
        59,
        163,
        160,
        159,
        154,
        152,
        149,
        153,
        144,
        37,
        38,
        34,
        33,
        136,
        135,
        134,
        133,
        126,
        125,
        119,
        207,
        124,
        127,
        132,
        123,
        128,
        131,
        130,
        129,
        122,
        120,
        121,
        113,
        112,
        107,
        105,
        106,
        110,
        111,
        3,
        4,
        114,
        115,
        12,
        13,
        16,
        25,
        24,
        17,
        15,
        11,
        318
      ],
      "score": 74.0,
      "length": 10455.562543265982
    },
    {
      "route_index": 2,
      "nodes": [
        0,
        2,
        7,
        18,
        23,
        26,
        35,
        36,
        41,
        40,
        43,
        46,
        50,
        53,
        56,
        104,
        63,
        72,
        75,
        79,
        73,
        68,
        69,
        74,
        80,
        88,
        89,
        87,
        86,
        195,
        196,
        200,
        201,
        205,
        206,
        99,
        93,
        94,
        98,
        97,
        92,
        101,
        100,
        96,
        95,
        91,
        90,
        84,
        82,
        81,
        77,
        83,
        78,
        76,
        71,
        70,
        67,
        66,
        58,
        55,
        54,
        47,
        44,
        31,
        30,
        29,
        27,
        22,
        19,
        102,
        14,
        318
      ],
      "score": 70.0,
      "length": 10467.545956519758
    }
  ],
  "dataset": "dang",
  "instance_name": "lin318_gen1_m2.txt",
  "run_seed": 49008,
  "run_index": 1
}