{
  "instance": {
    "num_nodes": 319,
    "team_size": 3,
    "max_route_distance": 7015.0,
    "start_depot": 0,
    "end_depot": 318
  },
  "objective": {
    "total_score": 132.0
  },
  "performance": {
    "cpu_time_seconds": 3.482756100000188,
    "iterations": 20,
    "iterations_to_convergence": 14,
    "last_improvement_iteration": 14,
    "stagnation_iterations": 6,
    "accepted_worse_moves": 7,
    "restarts_performed": 1,
    "num_lp_solves": null,
    "num_labels_generated": null
  },
  "routes": [
    {
      "route_index": 1,
      "nodes": [
        0,
        1,
        5,
        6,
        9,
        11,
        18,
        23,
        26,
        25,
        24,
        17,
        15,
        16,
        34,
        33,
        136,
        135,
        134,
        137,
        140,
        141,
        130,
        129,
        122,
        121,
        120,
        131,
        128,
        123,
        116,
        124,
        127,
        132,
        207,
        133,
        126,
        125,
        119,
        13,
        12,
        115,
        114,
        111,
        110,
        106,
        105,
        3,
        4,
        8,
        7,
        2,
        318
      ],
      "score": 51.0,
      "length": 6862.228500416416
    },
    {
      "route_index": 2,
      "nodes": [
        0,
        14,
        102,
        29,
        103,
        44,
        47,
        49,
        56,
        53,
        50,
        46,
        43,
        40,
        41,
        42,
        45,
        51,
        52,
        57,
        60,
        59,
        163,
        160,
        159,
        161,
        158,
        155,
        151,
        148,
        149,
        152,
        154,
        153,
        144,
        37,
        38,
        36,
        35,
        32,
        27,
        22,
        19,
        318
      ],
      "score": 42.0,
      "length": 6941.087133877397
    },
    {
      "route_index": 3,
      "nodes": [
        0,
        10,
        315,
        316,
        58,
        63,
        66,
        67,
        70,
        77,
        81,
        82,
        84,
        83,
        78,
        76,
        71,
        72,
        75,
        79,
        85,
        88,
        89,
        80,
        74,
        73,
        68,
        69,
        62,
        61,
        104,
        55,
        54,
        48,
        39,
        31,
        30,
        28,
        21,
        20,
        318
      ],
      "score": 39.0,
      "length": 6892.075335920948
    }
  ],
  "dataset": "dang",
  "instance_name": "lin318_gen1_m3.txt",
  "run_seed": 50007,
  "run_index": 0
}