{
  "instance": {
    "num_nodes": 319,
    "team_size": 2,
    "max_route_distance": 10522.5,
    "start_depot": 0,
    "end_depot": 318
  },
  "objective": {
    "total_score": 7785.0
  },
  "performance": {
    "cpu_time_seconds": 4.028962999998839,
    "iterations": 20,
    "iterations_to_convergence": 20,
    "last_improvement_iteration": 20,
    "stagnation_iterations": 0,
    "accepted_worse_moves": 3,
    "restarts_performed": 1,
    "num_lp_solves": null,
    "num_labels_generated": null
  },
  "routes": [
    {
      "route_index": 1,
      "nodes": [
        0,
        14,
        102,
        19,
        22,
        27,
        32,
        103,
        44,
        48,
        47,
        49,
        54,
        55,
        58,
        104,
        63,
        66,
        67,
        70,
        77,
        81,
        82,
        84,
        83,
        71,
        76,
        78,
        85,
        79,
        75,
        72,
        80,
        74,
        73,
        68,
        69,
        65,
        64,
        59,
        60,
        62,
        61,
        57,
        52,
        56,
        53,
        50,
        46,
        43,
        45,
        42,
        40,
        41,
        35,
        36,
        34,
        33,
        136,
        135,
        134,
        132,
        124,
        207,
        119,
        115,
        114,
        111,
        110,
        106,
        105,
        318
      ],
      "score": 3703.0,
      "length": 10432.547972162623
    },
    {
      "route_index": 2,
      "nodes": [
        0,
        2,
        7,
        8,
        4,
        3,
        107,
        112,
        113,
        109,
        108,
        210,
        211,
        215,
        216,
        219,
        220,
        224,
        312,
        229,
        228,
        233,
        236,
        237,
        232,
        230,
        231,
        238,
        239,
        240,
        241,
        138,
        139,
        142,
        143,
        146,
        147,
        150,
        156,
        157,
        162,
        161,
        158,
        155,
        151,
        148,
        145,
        141,
        140,
        130,
        129,
        122,
        121,
        120,
        123,
        128,
        131,
        127,
        133,
        126,
        125,
        12,
        13,
        16,
        15,
        17,
        24,
        25,
        18,
        23,
        26,
        29,
        30,
        31,
        28,
        21,
        20,
        10,
        9,
        6,
        5,
        1,
        318
      ],
      "score": 4082.0,
      "length": 10506.545050380142
    }
  ],
  "dataset": "dang",
  "instance_name": "lin318_gen2_m2.txt",
  "run_seed": 51008,
  "run_index": 1
}