{
  "instance": {
    "num_nodes": 137,
    "team_size": 2,
    "max_route_distance": 24193.0,
    "start_depot": 0,
    "end_depot": 136
  },
  "objective": {
    "total_score": 3501.0
  },
  "performance": {
    "cpu_time_seconds": 0.46189790000062203,
    "iterations": 20,
    "iterations_to_convergence": 7,
    "last_improvement_iteration": 7,
    "stagnation_iterations": 13,
    "accepted_worse_moves": 15,
    "restarts_performed": 1,
    "num_lp_solves": null,
    "num_labels_generated": null
  },
  "routes": [
    {
      "route_index": 1,
      "nodes": [
        0,
        27,
        26,
        31,
        36,
        60,
        65,
        70,
        75,
        82,
        86,
        99,
        104,
        116,
        120,
        128,
        109,
        108,
        105,
        98,
        85,
        83,
        71,
        64,
        52,
        50,
        62,
        63,
        38,
        30,
        18,
        16,
        136
      ],
      "score": 1922.0,
      "length": 24157.885731644747
    },
    {
      "route_index": 2,
      "nodes": [
        0,
        6,
        7,
        15,
        19,
        14,
        8,
        9,
        2,
        13,
        20,
        24,
        32,
        35,
        43,
        47,
        54,
        58,
        59,
        48,
        53,
        49,
        41,
        40,
        37,
        28,
        29,
        4,
        5,
        136
      ],
      "score": 1579.0,
      "length": 24114.341536157925
    }
  ],
  "dataset": "dang",
  "instance_name": "pr136_gen2_m2.txt",
  "run_seed": 56008,
  "run_index": 1
}