{
  "instance": {
    "num_nodes": 137,
    "team_size": 2,
    "max_route_distance": 24193.0,
    "start_depot": 0,
    "end_depot": 136
  },
  "objective": {
    "total_score": 3555.0
  },
  "performance": {
    "cpu_time_seconds": 0.4486164000009012,
    "iterations": 20,
    "iterations_to_convergence": 6,
    "last_improvement_iteration": 6,
    "stagnation_iterations": 14,
    "accepted_worse_moves": 6,
    "restarts_performed": 1,
    "num_lp_solves": null,
    "num_labels_generated": null
  },
  "routes": [
    {
      "route_index": 1,
      "nodes": [
        0,
        16,
        18,
        30,
        37,
        40,
        41,
        48,
        42,
        43,
        58,
        54,
        47,
        35,
        23,
        32,
        24,
        20,
        13,
        2,
        9,
        8,
        14,
        19,
        15,
        1,
        7,
        6,
        136
      ],
      "score": 1587.0,
      "length": 24138.067931684815
    },
    {
      "route_index": 2,
      "nodes": [
        0,
        27,
        26,
        31,
        36,
        49,
        53,
        60,
        65,
        70,
        82,
        86,
        99,
        94,
        75,
        74,
        83,
        85,
        98,
        96,
        97,
        72,
        73,
        71,
        64,
        52,
        50,
        62,
        63,
        38,
        28,
        4,
        5,
        136
      ],
      "score": 1968.0,
      "length": 23976.263140087933
    }
  ],
  "dataset": "dang",
  "instance_name": "pr136_gen2_m2.txt",
  "run_seed": 56007,
  "run_index": 0
}