{
  "instance": {
    "num_nodes": 137,
    "team_size": 2,
    "max_route_distance": 24193.0,
    "start_depot": 0,
    "end_depot": 136
  },
  "objective": {
    "total_score": 57.0
  },
  "performance": {
    "cpu_time_seconds": 0.49344899999960035,
    "iterations": 20,
    "iterations_to_convergence": 4,
    "last_improvement_iteration": 4,
    "stagnation_iterations": 16,
    "accepted_worse_moves": 11,
    "restarts_performed": 1,
    "num_lp_solves": null,
    "num_labels_generated": null
  },
  "routes": [
    {
      "route_index": 1,
      "nodes": [
        0,
        6,
        7,
        1,
        15,
        19,
        31,
        36,
        49,
        53,
        60,
        61,
        71,
        83,
        85,
        96,
        97,
        73,
        72,
        84,
        51,
        63,
        62,
        52,
        50,
        40,
        37,
        30,
        28,
        18,
        16,
        136
      ],
      "score": 30.0,
      "length": 22926.401229358922
    },
    {
      "route_index": 2,
      "nodes": [
        0,
        27,
        26,
        41,
        65,
        70,
        82,
        86,
        99,
        104,
        116,
        120,
        134,
        128,
        109,
        108,
        105,
        98,
        95,
        94,
        75,
        74,
        64,
        39,
        38,
        29,
        4,
        5,
        136
      ],
      "score": 27.0,
      "length": 24124.879562830276
    }
  ],
  "dataset": "dang",
  "instance_name": "pr136_gen1_m2.txt",
  "run_seed": 55008,
  "run_index": 1
}