{
  "instance": {
    "num_nodes": 265,
    "team_size": 4,
    "max_route_distance": 6142.0,
    "start_depot": 0,
    "end_depot": 264
  },
  "objective": {
    "total_score": 5088.0
  },
  "performance": {
    "cpu_time_seconds": 2.1660431000000244,
    "iterations": 20,
    "iterations_to_convergence": 20,
    "last_improvement_iteration": 20,
    "stagnation_iterations": 0,
    "accepted_worse_moves": 7,
    "restarts_performed": 1,
    "num_lp_solves": null,
    "num_labels_generated": null
  },
  "routes": [
    {
      "route_index": 1,
      "nodes": [
        0,
        39,
        37,
        36,
        61,
        35,
        34,
        33,
        32,
        27,
        26,
        28,
        31,
        30,
        64,
        65,
        66,
        67,
        108,
        109,
        110,
        111,
        114,
        63,
        62,
        115,
        116,
        117,
        118,
        119,
        120,
        59,
        60,
        40,
        264
      ],
      "score": 1727.0,
      "length": 6123.319444564563
    },
    {
      "route_index": 2,
      "nodes": [
        0,
        42,
        43,
        44,
        45,
        56,
        48,
        47,
        46,
        51,
        50,
        49,
        55,
        52,
        53,
        54,
        126,
        125,
        124,
        123,
        122,
        121,
        57,
        58,
        41,
        264
      ],
      "score": 1272.0,
      "length": 6078.984196403685
    },
    {
      "route_index": 3,
      "nodes": [
        0,
        113,
        106,
        104,
        103,
        70,
        102,
        101,
        99,
        94,
        95,
        96,
        75,
        76,
        73,
        74,
        72,
        18,
        23,
        22,
        21,
        25,
        38,
        264
      ],
      "score": 1230.0,
      "length": 6082.649722579001
    },
    {
      "route_index": 4,
      "nodes": [
        0,
        24,
        20,
        15,
        14,
        9,
        10,
        11,
        80,
        77,
        13,
        16,
        19,
        69,
        68,
        29,
        264
      ],
      "score": 859.0,
      "length": 6103.469747746198
    }
  ],
  "dataset": "dang",
  "instance_name": "pr264_gen2_m4.txt",
  "run_seed": 60008,
  "run_index": 1
}