{
  "instance": {
    "num_nodes": 265,
    "team_size": 3,
    "max_route_distance": 8189.33,
    "start_depot": 0,
    "end_depot": 264
  },
  "objective": {
    "total_score": 6091.0
  },
  "performance": {
    "cpu_time_seconds": 2.604682299999695,
    "iterations": 20,
    "iterations_to_convergence": 14,
    "last_improvement_iteration": 14,
    "stagnation_iterations": 6,
    "accepted_worse_moves": 5,
    "restarts_performed": 1,
    "num_lp_solves": null,
    "num_labels_generated": null
  },
  "routes": [
    {
      "route_index": 1,
      "nodes": [
        0,
        39,
        60,
        59,
        120,
        119,
        118,
        117,
        116,
        115,
        114,
        113,
        112,
        111,
        110,
        109,
        108,
        107,
        106,
        105,
        104,
        103,
        70,
        71,
        102,
        101,
        100,
        98,
        99,
        94,
        95,
        96,
        74,
        73,
        17,
        16,
        18,
        19,
        22,
        23,
        24,
        25,
        28,
        29,
        65,
        63,
        64,
        30,
        31,
        34,
        38,
        264
      ],
      "score": 2494.0,
      "length": 8129.009696546097
    },
    {
      "route_index": 2,
      "nodes": [
        0,
        40,
        41,
        42,
        43,
        44,
        45,
        48,
        47,
        46,
        51,
        50,
        49,
        55,
        54,
        52,
        53,
        127,
        124,
        125,
        126,
        123,
        122,
        121,
        57,
        56,
        58,
        36,
        35,
        264
      ],
      "score": 1490.0,
      "length": 7802.017551605339
    },
    {
      "route_index": 3,
      "nodes": [
        0,
        33,
        32,
        27,
        26,
        21,
        20,
        15,
        14,
        13,
        9,
        10,
        11,
        77,
        79,
        80,
        6,
        3,
        4,
        5,
        81,
        82,
        85,
        86,
        87,
        88,
        89,
        92,
        91,
        75,
        97,
        72,
        69,
        67,
        66,
        62,
        61,
        37,
        264
      ],
      "score": 2107.0,
      "length": 8146.393656765889
    }
  ],
  "dataset": "dang",
  "instance_name": "pr264_gen2_m3.txt",
  "run_seed": 59008,
  "run_index": 1
}