{
  "instance": {
    "num_nodes": 265,
    "team_size": 2,
    "max_route_distance": 12284.0,
    "start_depot": 0,
    "end_depot": 264
  },
  "objective": {
    "total_score": 6348.0
  },
  "performance": {
    "cpu_time_seconds": 2.5675473999999667,
    "iterations": 20,
    "iterations_to_convergence": 20,
    "last_improvement_iteration": 20,
    "stagnation_iterations": 0,
    "accepted_worse_moves": 4,
    "restarts_performed": 1,
    "num_lp_solves": null,
    "num_labels_generated": null
  },
  "routes": [
    {
      "route_index": 1,
      "nodes": [
        0,
        38,
        35,
        61,
        64,
        30,
        65,
        29,
        24,
        68,
        23,
        69,
        70,
        71,
        72,
        17,
        13,
        12,
        76,
        75,
        78,
        77,
        6,
        7,
        8,
        3,
        2,
        1,
        4,
        5,
        81,
        82,
        83,
        84,
        85,
        86,
        87,
        88,
        92,
        91,
        95,
        94,
        99,
        98,
        100,
        101,
        102,
        103,
        104,
        105,
        106,
        107,
        108,
        67,
        66,
        109,
        110,
        111,
        112,
        113,
        114,
        63,
        62,
        115,
        116,
        117,
        118,
        119,
        120,
        59,
        60,
        36,
        39,
        264
      ],
      "score": 3590.0,
      "length": 11705.5250104606
    },
    {
      "route_index": 2,
      "nodes": [
        0,
        33,
        32,
        27,
        26,
        21,
        20,
        16,
        15,
        14,
        9,
        10,
        11,
        80,
        79,
        90,
        89,
        93,
        96,
        97,
        74,
        73,
        18,
        19,
        22,
        25,
        28,
        31,
        34,
        37,
        58,
        57,
        121,
        122,
        123,
        124,
        125,
        126,
        54,
        53,
        52,
        55,
        49,
        48,
        47,
        45,
        44,
        43,
        42,
        41,
        40,
        264
      ],
      "score": 2758.0,
      "length": 12229.782896481085
    }
  ],
  "dataset": "dang",
  "instance_name": "pr264_gen2_m2.txt",
  "run_seed": 58008,
  "run_index": 1
}