{
  "instance": {
    "num_nodes": 265,
    "team_size": 4,
    "max_route_distance": 6142.0,
    "start_depot": 0,
    "end_depot": 264
  },
  "objective": {
    "total_score": 5023.0
  },
  "performance": {
    "cpu_time_seconds": 2.299538900000698,
    "iterations": 20,
    "iterations_to_convergence": 9,
    "last_improvement_iteration": 9,
    "stagnation_iterations": 11,
    "accepted_worse_moves": 6,
    "restarts_performed": 1,
    "num_lp_solves": null,
    "num_labels_generated": null
  },
  "routes": [
    {
      "route_index": 1,
      "nodes": [
        0,
        39,
        36,
        60,
        59,
        120,
        119,
        118,
        128,
        117,
        116,
        115,
        62,
        64,
        63,
        114,
        113,
        112,
        111,
        109,
        66,
        68,
        29,
        28,
        33,
        264
      ],
      "score": 1219.0,
      "length": 5497.893379564907
    },
    {
      "route_index": 2,
      "nodes": [
        0,
        38,
        34,
        31,
        67,
        108,
        107,
        103,
        70,
        69,
        72,
        71,
        102,
        100,
        98,
        97,
        75,
        76,
        12,
        16,
        20,
        21,
        22,
        25,
        26,
        27,
        32,
        264
      ],
      "score": 1269.0,
      "length": 6117.673389898533
    },
    {
      "route_index": 3,
      "nodes": [
        0,
        42,
        43,
        44,
        45,
        48,
        47,
        46,
        51,
        50,
        49,
        55,
        52,
        53,
        54,
        126,
        125,
        124,
        123,
        122,
        121,
        57,
        56,
        58,
        41,
        40,
        264
      ],
      "score": 1327.0,
      "length": 6051.813044357188
    },
    {
      "route_index": 4,
      "nodes": [
        0,
        37,
        61,
        110,
        106,
        105,
        104,
        101,
        99,
        94,
        95,
        96,
        74,
        73,
        17,
        13,
        14,
        15,
        19,
        18,
        23,
        24,
        65,
        30,
        35,
        264
      ],
      "score": 1208.0,
      "length": 6118.136326877695
    }
  ],
  "dataset": "dang",
  "instance_name": "pr264_gen2_m4.txt",
  "run_seed": 60007,
  "run_index": 0
}