{
  "instance": {
    "num_nodes": 265,
    "team_size": 4,
    "max_route_distance": 6142.0,
    "start_depot": 0,
    "end_depot": 264
  },
  "objective": {
    "total_score": 99.0
  },
  "performance": {
    "cpu_time_seconds": 2.4150136999996903,
    "iterations": 20,
    "iterations_to_convergence": 14,
    "last_improvement_iteration": 14,
    "stagnation_iterations": 6,
    "accepted_worse_moves": 6,
    "restarts_performed": 1,
    "num_lp_solves": null,
    "num_labels_generated": null
  },
  "routes": [
    {
      "route_index": 1,
      "nodes": [
        0,
        35,
        30,
        64,
        114,
        65,
        29,
        25,
        24,
        68,
        67,
        108,
        107,
        106,
        111,
        128,
        116,
        115,
        59,
        60,
        36,
        264
      ],
      "score": 20.0,
      "length": 5478.5152303811365
    },
    {
      "route_index": 2,
      "nodes": [
        0,
        40,
        41,
        58,
        48,
        56,
        57,
        121,
        122,
        123,
        124,
        125,
        126,
        54,
        53,
        52,
        55,
        49,
        50,
        51,
        46,
        47,
        45,
        44,
        43,
        42,
        264
      ],
      "score": 25.0,
      "length": 6072.717252098692
    },
    {
      "route_index": 3,
      "nodes": [
        0,
        39,
        120,
        119,
        118,
        117,
        112,
        113,
        110,
        109,
        69,
        70,
        103,
        104,
        105,
        100,
        101,
        102,
        73,
        17,
        72,
        18,
        22,
        21,
        26,
        27,
        32,
        33,
        264
      ],
      "score": 27.0,
      "length": 6030.277614541018
    },
    {
      "route_index": 4,
      "nodes": [
        0,
        38,
        34,
        31,
        28,
        23,
        19,
        20,
        16,
        15,
        14,
        13,
        12,
        76,
        75,
        96,
        95,
        94,
        99,
        98,
        97,
        74,
        71,
        66,
        63,
        62,
        61,
        37,
        264
      ],
      "score": 27.0,
      "length": 6103.3023022525695
    }
  ],
  "dataset": "dang",
  "instance_name": "pr264_gen1_m4.txt",
  "run_seed": 57008,
  "run_index": 1
}