{
  "instance": {
    "num_nodes": 265,
    "team_size": 3,
    "max_route_distance": 8189.33,
    "start_depot": 0,
    "end_depot": 264
  },
  "objective": {
    "total_score": 5791.0
  },
  "performance": {
    "cpu_time_seconds": 2.2211205000003247,
    "iterations": 20,
    "iterations_to_convergence": 10,
    "last_improvement_iteration": 10,
    "stagnation_iterations": 10,
    "accepted_worse_moves": 7,
    "restarts_performed": 1,
    "num_lp_solves": null,
    "num_labels_generated": null
  },
  "routes": [
    {
      "route_index": 1,
      "nodes": [
        0,
        39,
        61,
        62,
        115,
        116,
        117,
        112,
        113,
        66,
        68,
        67,
        108,
        107,
        100,
        71,
        72,
        73,
        75,
        96,
        95,
        91,
        78,
        77,
        76,
        17,
        16,
        15,
        18,
        19,
        20,
        21,
        22,
        25,
        26,
        27,
        28,
        29,
        31,
        32,
        33,
        264
      ],
      "score": 1594.0,
      "length": 8113.384778015448
    },
    {
      "route_index": 2,
      "nodes": [
        0,
        38,
        34,
        30,
        65,
        24,
        23,
        69,
        70,
        103,
        102,
        97,
        74,
        12,
        13,
        14,
        11,
        10,
        9,
        8,
        7,
        6,
        80,
        79,
        90,
        89,
        88,
        93,
        92,
        94,
        99,
        98,
        101,
        104,
        105,
        106,
        111,
        110,
        109,
        114,
        63,
        64,
        35,
        37,
        264
      ],
      "score": 2425.0,
      "length": 8155.912190901544
    },
    {
      "route_index": 3,
      "nodes": [
        0,
        40,
        41,
        42,
        43,
        44,
        45,
        47,
        46,
        51,
        50,
        49,
        55,
        52,
        53,
        54,
        126,
        125,
        124,
        123,
        122,
        121,
        57,
        56,
        48,
        58,
        128,
        118,
        119,
        120,
        59,
        60,
        36,
        264
      ],
      "score": 1772.0,
      "length": 8180.296487491862
    }
  ],
  "dataset": "dang",
  "instance_name": "pr264_gen2_m3.txt",
  "run_seed": 59007,
  "run_index": 0
}