{
  "instance": {
    "num_nodes": 265,
    "team_size": 4,
    "max_route_distance": 6142.0,
    "start_depot": 0,
    "end_depot": 264
  },
  "objective": {
    "total_score": 90.0
  },
  "performance": {
    "cpu_time_seconds": 1.9367087000009633,
    "iterations": 20,
    "iterations_to_convergence": 19,
    "last_improvement_iteration": 19,
    "stagnation_iterations": 1,
    "accepted_worse_moves": 5,
    "restarts_performed": 1,
    "num_lp_solves": null,
    "num_labels_generated": null
  },
  "routes": [
    {
      "route_index": 1,
      "nodes": [
        0,
        38,
        34,
        30,
        65,
        24,
        23,
        69,
        70,
        104,
        105,
        107,
        106,
        111,
        110,
        113,
        112,
        117,
        128,
        118,
        119,
        120,
        59,
        60,
        39,
        264
      ],
      "score": 24.0,
      "length": 5784.728382658709
    },
    {
      "route_index": 2,
      "nodes": [
        0,
        36,
        61,
        62,
        114,
        115,
        116,
        58,
        121,
        57,
        56,
        48,
        47,
        45,
        44,
        43,
        42,
        41,
        40,
        264
      ],
      "score": 18.0,
      "length": 6133.170007921292
    },
    {
      "route_index": 3,
      "nodes": [
        0,
        37,
        35,
        64,
        63,
        66,
        109,
        108,
        101,
        100,
        99,
        98,
        75,
        76,
        12,
        13,
        14,
        15,
        16,
        17,
        73,
        19,
        20,
        21,
        26,
        27,
        32,
        264
      ],
      "score": 26.0,
      "length": 6059.9152575233675
    },
    {
      "route_index": 4,
      "nodes": [
        0,
        31,
        29,
        68,
        67,
        103,
        102,
        71,
        97,
        95,
        94,
        93,
        92,
        91,
        78,
        96,
        74,
        72,
        18,
        22,
        25,
        28,
        33,
        264
      ],
      "score": 22.0,
      "length": 6118.365350596739
    }
  ],
  "dataset": "dang",
  "instance_name": "pr264_gen1_m4.txt",
  "run_seed": 57007,
  "run_index": 0
}