{
  "instance": {
    "num_nodes": 300,
    "team_size": 3,
    "max_route_distance": 8032.0,
    "start_depot": 0,
    "end_depot": 299
  },
  "objective": {
    "total_score": 5494.0
  },
  "performance": {
    "cpu_time_seconds": 2.351057399999263,
    "iterations": 20,
    "iterations_to_convergence": 11,
    "last_improvement_iteration": 11,
    "stagnation_iterations": 9,
    "accepted_worse_moves": 12,
    "restarts_performed": 1,
    "num_lp_solves": null,
    "num_labels_generated": null
  },
  "routes": [
    {
      "route_index": 1,
      "nodes": [
        0,
        92,
        142,
        141,
        140,
        88,
        90,
        84,
        86,
        94,
        82,
        97,
        98,
        99,
        101,
        102,
        131,
        128,
        77,
        75,
        79,
        81,
        80,
        19,
        18,
        16,
        15,
        14,
        12,
        11,
        10,
        9,
        8,
        7,
        4,
        5,
        1,
        2,
        3,
        299
      ],
      "score": 2251.0,
      "length": 7979.130259453189
    },
    {
      "route_index": 2,
      "nodes": [
        0,
        144,
        145,
        143,
        157,
        158,
        210,
        205,
        204,
        203,
        223,
        219,
        208,
        221,
        217,
        215,
        216,
        286,
        287,
        288,
        290,
        289,
        291,
        292,
        214,
        213,
        153,
        152,
        151,
        150,
        149,
        148,
        299
      ],
      "score": 1646.0,
      "length": 7997.121092642274
    },
    {
      "route_index": 3,
      "nodes": [
        0,
        6,
        87,
        89,
        85,
        93,
        95,
        96,
        138,
        139,
        160,
        159,
        209,
        207,
        206,
        222,
        225,
        226,
        224,
        282,
        279,
        283,
        284,
        285,
        218,
        220,
        211,
        212,
        156,
        155,
        154,
        147,
        299
      ],
      "score": 1597.0,
      "length": 8015.501423738197
    }
  ],
  "dataset": "dang",
  "instance_name": "pr299_gen2_m3.txt",
  "run_seed": 65007,
  "run_index": 0
}