{
  "instance": {
    "num_nodes": 300,
    "team_size": 4,
    "max_route_distance": 6024.0,
    "start_depot": 0,
    "end_depot": 299
  },
  "objective": {
    "total_score": 77.0
  },
  "performance": {
    "cpu_time_seconds": 1.599319099999775,
    "iterations": 20,
    "iterations_to_convergence": 11,
    "last_improvement_iteration": 11,
    "stagnation_iterations": 9,
    "accepted_worse_moves": 5,
    "restarts_performed": 1,
    "num_lp_solves": null,
    "num_labels_generated": null
  },
  "routes": [
    {
      "route_index": 1,
      "nodes": [
        0,
        148,
        149,
        297,
        295,
        296,
        293,
        294,
        292,
        291,
        289,
        214,
        213,
        154,
        153,
        152,
        151,
        150,
        146,
        147,
        299
      ],
      "score": 19.0,
      "length": 5950.947961351666
    },
    {
      "route_index": 2,
      "nodes": [
        0,
        6,
        87,
        89,
        84,
        15,
        18,
        19,
        80,
        81,
        78,
        21,
        22,
        20,
        17,
        16,
        14,
        9,
        4,
        5,
        1,
        2,
        3,
        299
      ],
      "score": 22.0,
      "length": 5984.024577160318
    },
    {
      "route_index": 3,
      "nodes": [
        0,
        144,
        145,
        155,
        156,
        157,
        158,
        159,
        160,
        139,
        95,
        93,
        85,
        13,
        12,
        11,
        10,
        8,
        7,
        299
      ],
      "score": 18.0,
      "length": 6022.877139935074
    },
    {
      "route_index": 4,
      "nodes": [
        0,
        91,
        88,
        90,
        86,
        94,
        97,
        82,
        83,
        98,
        99,
        100,
        96,
        138,
        140,
        141,
        142,
        143,
        92,
        299
      ],
      "score": 18.0,
      "length": 5810.88045888233
    }
  ],
  "dataset": "dang",
  "instance_name": "pr299_gen1_m4.txt",
  "run_seed": 64008,
  "run_index": 1
}