{
  "instance": {
    "num_nodes": 300,
    "team_size": 3,
    "max_route_distance": 8032.0,
    "start_depot": 0,
    "end_depot": 299
  },
  "objective": {
    "total_score": 5046.0
  },
  "performance": {
    "cpu_time_seconds": 2.3804817000000185,
    "iterations": 20,
    "iterations_to_convergence": 15,
    "last_improvement_iteration": 15,
    "stagnation_iterations": 5,
    "accepted_worse_moves": 4,
    "restarts_performed": 1,
    "num_lp_solves": null,
    "num_labels_generated": null
  },
  "routes": [
    {
      "route_index": 1,
      "nodes": [
        0,
        3,
        91,
        142,
        157,
        158,
        209,
        207,
        206,
        205,
        204,
        203,
        222,
        223,
        219,
        218,
        284,
        285,
        220,
        221,
        211,
        217,
        215,
        216,
        156,
        143,
        145,
        144,
        147,
        299
      ],
      "score": 1431.0,
      "length": 7997.784109496015
    },
    {
      "route_index": 2,
      "nodes": [
        0,
        148,
        149,
        150,
        151,
        152,
        153,
        154,
        155,
        213,
        212,
        208,
        210,
        159,
        160,
        139,
        138,
        93,
        84,
        15,
        18,
        19,
        17,
        20,
        16,
        14,
        12,
        11,
        10,
        9,
        8,
        7,
        4,
        5,
        1,
        2,
        299
      ],
      "score": 1681.0,
      "length": 7999.070118663344
    },
    {
      "route_index": 3,
      "nodes": [
        0,
        6,
        13,
        87,
        89,
        85,
        86,
        82,
        83,
        80,
        81,
        78,
        21,
        23,
        24,
        25,
        26,
        71,
        74,
        76,
        77,
        75,
        79,
        101,
        99,
        98,
        97,
        94,
        95,
        96,
        140,
        141,
        92,
        299
      ],
      "score": 1934.0,
      "length": 8001.995958030224
    }
  ],
  "dataset": "dang",
  "instance_name": "pr299_gen2_m3.txt",
  "run_seed": 65008,
  "run_index": 1
}