{
  "instance": {
    "num_nodes": 300,
    "team_size": 4,
    "max_route_distance": 6024.0,
    "start_depot": 0,
    "end_depot": 299
  },
  "objective": {
    "total_score": 3993.0
  },
  "performance": {
    "cpu_time_seconds": 1.6453617999995913,
    "iterations": 20,
    "iterations_to_convergence": 19,
    "last_improvement_iteration": 19,
    "stagnation_iterations": 1,
    "accepted_worse_moves": 4,
    "restarts_performed": 1,
    "num_lp_solves": null,
    "num_labels_generated": null
  },
  "routes": [
    {
      "route_index": 1,
      "nodes": [
        0,
        148,
        146,
        147,
        151,
        150,
        149,
        297,
        295,
        296,
        293,
        294,
        292,
        214,
        213,
        155,
        154,
        153,
        152,
        144,
        145,
        299
      ],
      "score": 1008.0,
      "length": 5918.260498238332
    },
    {
      "route_index": 2,
      "nodes": [
        0,
        7,
        8,
        9,
        13,
        85,
        82,
        83,
        80,
        81,
        101,
        99,
        98,
        97,
        94,
        95,
        140,
        141,
        91,
        299
      ],
      "score": 1034.0,
      "length": 5964.738296444101
    },
    {
      "route_index": 3,
      "nodes": [
        0,
        92,
        143,
        142,
        157,
        158,
        159,
        160,
        139,
        138,
        96,
        93,
        86,
        84,
        11,
        10,
        4,
        5,
        1,
        299
      ],
      "score": 968.0,
      "length": 5913.123423927312
    },
    {
      "route_index": 4,
      "nodes": [
        0,
        3,
        2,
        12,
        14,
        16,
        17,
        20,
        22,
        23,
        24,
        21,
        19,
        18,
        15,
        89,
        87,
        6,
        299
      ],
      "score": 983.0,
      "length": 5974.510965562713
    }
  ],
  "dataset": "dang",
  "instance_name": "pr299_gen2_m4.txt",
  "run_seed": 66008,
  "run_index": 1
}