{
  "instance": {
    "num_nodes": 300,
    "team_size": 2,
    "max_route_distance": 12048.0,
    "start_depot": 0,
    "end_depot": 299
  },
  "objective": {
    "total_score": 129.0
  },
  "performance": {
    "cpu_time_seconds": 3.4439642999986972,
    "iterations": 20,
    "iterations_to_convergence": 5,
    "last_improvement_iteration": 5,
    "stagnation_iterations": 15,
    "accepted_worse_moves": 6,
    "restarts_performed": 1,
    "num_lp_solves": null,
    "num_labels_generated": null
  },
  "routes": [
    {
      "route_index": 1,
      "nodes": [
        0,
        3,
        2,
        91,
        7,
        8,
        9,
        10,
        11,
        12,
        14,
        15,
        16,
        18,
        19,
        17,
        20,
        22,
        23,
        21,
        78,
        80,
        81,
        79,
        74,
        76,
        75,
        77,
        102,
        132,
        131,
        128,
        103,
        129,
        130,
        164,
        165,
        200,
        163,
        161,
        162,
        133,
        136,
        134,
        135,
        137,
        100,
        99,
        98,
        83,
        82,
        97,
        86,
        94,
        95,
        96,
        140,
        141,
        142,
        143,
        145,
        144,
        152,
        151,
        150,
        149,
        148,
        299
      ],
      "score": 66.0,
      "length": 12039.003241239132
    },
    {
      "route_index": 2,
      "nodes": [
        0,
        146,
        147,
        153,
        154,
        155,
        156,
        157,
        158,
        212,
        216,
        215,
        217,
        211,
        221,
        208,
        219,
        220,
        218,
        285,
        284,
        283,
        279,
        282,
        280,
        281,
        230,
        229,
        232,
        231,
        198,
        199,
        201,
        227,
        202,
        228,
        298,
        226,
        224,
        225,
        222,
        203,
        204,
        205,
        206,
        223,
        207,
        209,
        210,
        159,
        160,
        139,
        138,
        93,
        85,
        90,
        88,
        89,
        87,
        13,
        6,
        4,
        5,
        1,
        299
      ],
      "score": 63.0,
      "length": 12025.079172569833
    }
  ],
  "dataset": "dang",
  "instance_name": "pr299_gen1_m2.txt",
  "run_seed": 62007,
  "run_index": 0
}