{
  "instance": {
    "num_nodes": 300,
    "team_size": 3,
    "max_route_distance": 8032.0,
    "start_depot": 0,
    "end_depot": 299
  },
  "objective": {
    "total_score": 2949.0
  },
  "performance": {
    "cpu_time_seconds": 2.456934400001046,
    "iterations": 20,
    "iterations_to_convergence": 18,
    "last_improvement_iteration": 18,
    "stagnation_iterations": 2,
    "accepted_worse_moves": 6,
    "restarts_performed": 1,
    "num_lp_solves": null,
    "num_labels_generated": null
  },
  "routes": [
    {
      "route_index": 1,
      "nodes": [
        0,
        148,
        150,
        151,
        152,
        153,
        154,
        213,
        214,
        290,
        288,
        287,
        286,
        215,
        217,
        220,
        219,
        223,
        222,
        203,
        204,
        205,
        206,
        207,
        209,
        210,
        159,
        160,
        139,
        138,
        140,
        141,
        142,
        92,
        299
      ],
      "score": 1029.0,
      "length": 7950.645363353106
    },
    {
      "route_index": 2,
      "nodes": [
        0,
        3,
        2,
        1,
        5,
        4,
        7,
        8,
        9,
        10,
        11,
        13,
        87,
        89,
        84,
        15,
        14,
        16,
        18,
        19,
        17,
        20,
        22,
        23,
        21,
        78,
        80,
        81,
        79,
        74,
        76,
        77,
        75,
        101,
        99,
        98,
        83,
        82,
        97,
        94,
        95,
        93,
        85,
        90,
        88,
        6,
        299
      ],
      "score": 1294.0,
      "length": 7955.679281233494
    },
    {
      "route_index": 3,
      "nodes": [
        0,
        144,
        145,
        143,
        155,
        156,
        157,
        158,
        208,
        221,
        211,
        212,
        216,
        289,
        291,
        292,
        294,
        293,
        296,
        295,
        297,
        149,
        146,
        147,
        299
      ],
      "score": 626.0,
      "length": 7721.039812181262
    }
  ],
  "dataset": "dang",
  "instance_name": "pr299_gen3_m3.txt",
  "run_seed": 68008,
  "run_index": 1
}