{
  "instance": {
    "num_nodes": 300,
    "team_size": 3,
    "max_route_distance": 8032.0,
    "start_depot": 0,
    "end_depot": 299
  },
  "objective": {
    "total_score": 97.0
  },
  "performance": {
    "cpu_time_seconds": 2.469794599999659,
    "iterations": 20,
    "iterations_to_convergence": 8,
    "last_improvement_iteration": 8,
    "stagnation_iterations": 12,
    "accepted_worse_moves": 7,
    "restarts_performed": 1,
    "num_lp_solves": null,
    "num_labels_generated": null
  },
  "routes": [
    {
      "route_index": 1,
      "nodes": [
        0,
        3,
        2,
        1,
        5,
        4,
        7,
        8,
        9,
        10,
        11,
        12,
        13,
        89,
        90,
        88,
        140,
        141,
        142,
        143,
        145,
        144,
        153,
        154,
        294,
        293,
        296,
        295,
        297,
        149,
        146,
        147,
        299
      ],
      "score": 31.0,
      "length": 8011.588685374102
    },
    {
      "route_index": 2,
      "nodes": [
        0,
        148,
        150,
        151,
        152,
        155,
        213,
        214,
        292,
        291,
        289,
        290,
        288,
        287,
        286,
        216,
        215,
        217,
        212,
        211,
        221,
        208,
        219,
        223,
        222,
        203,
        206,
        207,
        209,
        210,
        159,
        158,
        157,
        92,
        299
      ],
      "score": 33.0,
      "length": 7944.712086215587
    },
    {
      "route_index": 3,
      "nodes": [
        0,
        91,
        87,
        85,
        84,
        86,
        94,
        95,
        96,
        100,
        99,
        98,
        97,
        82,
        83,
        80,
        81,
        101,
        75,
        76,
        74,
        79,
        78,
        21,
        23,
        22,
        20,
        17,
        19,
        18,
        16,
        14,
        15,
        6,
        299
      ],
      "score": 33.0,
      "length": 8030.217399967426
    }
  ],
  "dataset": "dang",
  "instance_name": "pr299_gen1_m3.txt",
  "run_seed": 63007,
  "run_index": 0
}