{
  "instance": {
    "num_nodes": 300,
    "team_size": 4,
    "max_route_distance": 6024.0,
    "start_depot": 0,
    "end_depot": 299
  },
  "objective": {
    "total_score": 4123.0
  },
  "performance": {
    "cpu_time_seconds": 1.6450616999991325,
    "iterations": 20,
    "iterations_to_convergence": 20,
    "last_improvement_iteration": 20,
    "stagnation_iterations": 0,
    "accepted_worse_moves": 7,
    "restarts_performed": 1,
    "num_lp_solves": null,
    "num_labels_generated": null
  },
  "routes": [
    {
      "route_index": 1,
      "nodes": [
        0,
        92,
        143,
        142,
        141,
        140,
        138,
        96,
        100,
        99,
        98,
        97,
        94,
        86,
        84,
        85,
        90,
        89,
        87,
        13,
        11,
        10,
        9,
        8,
        7,
        6,
        4,
        5,
        1,
        2,
        3,
        299
      ],
      "score": 1730.0,
      "length": 6017.544088622026
    },
    {
      "route_index": 2,
      "nodes": [
        0,
        148,
        149,
        150,
        151,
        297,
        295,
        296,
        293,
        294,
        292,
        291,
        214,
        213,
        154,
        153,
        152,
        144,
        145,
        299
      ],
      "score": 941.0,
      "length": 5920.007988959335
    },
    {
      "route_index": 3,
      "nodes": [
        0,
        91,
        88,
        93,
        82,
        83,
        101,
        75,
        79,
        81,
        80,
        19,
        18,
        16,
        14,
        12,
        299
      ],
      "score": 837.0,
      "length": 5984.0986063984965
    },
    {
      "route_index": 4,
      "nodes": [
        0,
        157,
        158,
        159,
        210,
        209,
        208,
        221,
        217,
        211,
        212,
        156,
        155,
        147,
        299
      ],
      "score": 615.0,
      "length": 5969.300597464741
    }
  ],
  "dataset": "dang",
  "instance_name": "pr299_gen2_m4.txt",
  "run_seed": 66007,
  "run_index": 0
}