{
  "instance": {
    "num_nodes": 300,
    "team_size": 2,
    "max_route_distance": 12048.0,
    "start_depot": 0,
    "end_depot": 299
  },
  "objective": {
    "total_score": 4917.0
  },
  "performance": {
    "cpu_time_seconds": 3.4762802999994165,
    "iterations": 20,
    "iterations_to_convergence": 11,
    "last_improvement_iteration": 11,
    "stagnation_iterations": 9,
    "accepted_worse_moves": 6,
    "restarts_performed": 1,
    "num_lp_solves": null,
    "num_labels_generated": null
  },
  "routes": [
    {
      "route_index": 1,
      "nodes": [
        0,
        3,
        2,
        1,
        5,
        4,
        7,
        8,
        9,
        10,
        11,
        12,
        14,
        15,
        16,
        18,
        19,
        17,
        20,
        22,
        21,
        78,
        81,
        79,
        74,
        24,
        25,
        26,
        27,
        28,
        70,
        73,
        72,
        71,
        76,
        75,
        77,
        102,
        131,
        128,
        103,
        129,
        130,
        164,
        165,
        200,
        198,
        199,
        227,
        202,
        201,
        163,
        162,
        136,
        133,
        134,
        135,
        100,
        99,
        98,
        83,
        82,
        97,
        94,
        95,
        93,
        85,
        84,
        89,
        87,
        6,
        299
      ],
      "score": 2541.0,
      "length": 12041.37878832858
    },
    {
      "route_index": 2,
      "nodes": [
        0,
        92,
        142,
        157,
        158,
        160,
        159,
        210,
        209,
        207,
        219,
        223,
        222,
        206,
        203,
        204,
        205,
        298,
        226,
        225,
        224,
        228,
        230,
        229,
        232,
        231,
        276,
        275,
        274,
        278,
        277,
        280,
        281,
        282,
        279,
        283,
        284,
        285,
        218,
        220,
        221,
        208,
        211,
        212,
        217,
        215,
        216,
        286,
        287,
        288,
        290,
        289,
        291,
        292,
        214,
        213,
        155,
        154,
        153,
        152,
        151,
        150,
        149,
        148,
        146,
        299
      ],
      "score": 2376.0,
      "length": 12043.668921395358
    }
  ],
  "dataset": "dang",
  "instance_name": "pr299_gen3_m2.txt",
  "run_seed": 67008,
  "run_index": 1
}