{
  "instance": {
    "num_nodes": 300,
    "team_size": 4,
    "max_route_distance": 6024.0,
    "start_depot": 0,
    "end_depot": 299
  },
  "objective": {
    "total_score": 1977.0
  },
  "performance": {
    "cpu_time_seconds": 1.6510966999994707,
    "iterations": 20,
    "iterations_to_convergence": 20,
    "last_improvement_iteration": 20,
    "stagnation_iterations": 0,
    "accepted_worse_moves": 6,
    "restarts_performed": 1,
    "num_lp_solves": null,
    "num_labels_generated": null
  },
  "routes": [
    {
      "route_index": 1,
      "nodes": [
        0,
        146,
        149,
        295,
        296,
        293,
        294,
        292,
        291,
        289,
        290,
        288,
        213,
        154,
        153,
        147,
        3,
        299
      ],
      "score": 398.0,
      "length": 5969.981762874418
    },
    {
      "route_index": 2,
      "nodes": [
        0,
        92,
        87,
        89,
        88,
        90,
        85,
        93,
        95,
        94,
        97,
        83,
        18,
        17,
        20,
        15,
        12,
        11,
        10,
        9,
        8,
        7,
        4,
        5,
        1,
        2,
        299
      ],
      "score": 588.0,
      "length": 5978.974228945815
    },
    {
      "route_index": 3,
      "nodes": [
        0,
        91,
        141,
        140,
        138,
        139,
        160,
        159,
        210,
        209,
        208,
        221,
        217,
        211,
        212,
        157,
        142,
        299
      ],
      "score": 501.0,
      "length": 6015.518036481007
    },
    {
      "route_index": 4,
      "nodes": [
        0,
        6,
        13,
        84,
        86,
        82,
        98,
        99,
        101,
        81,
        80,
        78,
        21,
        19,
        16,
        14,
        299
      ],
      "score": 490.0,
      "length": 5988.3732193299065
    }
  ],
  "dataset": "dang",
  "instance_name": "pr299_gen3_m4.txt",
  "run_seed": 69008,
  "run_index": 1
}