{
  "instance": {
    "num_nodes": 196,
    "team_size": 3,
    "max_route_distance": 387.333,
    "start_depot": 0,
    "end_depot": 195
  },
  "objective": {
    "total_score": 2414.0
  },
  "performance": {
    "cpu_time_seconds": 0.9278169000008347,
    "iterations": 20,
    "iterations_to_convergence": 11,
    "last_improvement_iteration": 11,
    "stagnation_iterations": 9,
    "accepted_worse_moves": 6,
    "restarts_performed": 1,
    "num_lp_solves": null,
    "num_labels_generated": null
  },
  "routes": [
    {
      "route_index": 1,
      "nodes": [
        0,
        15,
        16,
        17,
        43,
        44,
        58,
        59,
        60,
        61,
        62,
        63,
        74,
        75,
        88,
        87,
        86,
        85,
        84,
        71,
        70,
        57,
        56,
        55,
        42,
        27,
        195
      ],
      "score": 843.0,
      "length": 386.6884899536976
    },
    {
      "route_index": 2,
      "nodes": [
        0,
        1,
        2,
        3,
        4,
        5,
        6,
        19,
        20,
        21,
        22,
        23,
        24,
        25,
        37,
        38,
        51,
        50,
        49,
        36,
        35,
        48,
        47,
        46,
        45,
        32,
        31,
        30,
        29,
        195
      ],
      "score": 776.0,
      "length": 387.09547927838094
    },
    {
      "route_index": 3,
      "nodes": [
        0,
        13,
        26,
        39,
        52,
        53,
        66,
        65,
        78,
        91,
        92,
        93,
        106,
        94,
        95,
        96,
        83,
        82,
        81,
        69,
        68,
        54,
        41,
        28,
        14,
        195
      ],
      "score": 795.0,
      "length": 385.6279308558403
    }
  ],
  "dataset": "dang",
  "instance_name": "rat195_gen3_m3.txt",
  "run_seed": 71007,
  "run_index": 0
}