{
  "instance": {
    "num_nodes": 196,
    "team_size": 2,
    "max_route_distance": 581.0,
    "start_depot": 0,
    "end_depot": 195
  },
  "objective": {
    "total_score": 4361.0
  },
  "performance": {
    "cpu_time_seconds": 0.8941584999993211,
    "iterations": 20,
    "iterations_to_convergence": 14,
    "last_improvement_iteration": 14,
    "stagnation_iterations": 6,
    "accepted_worse_moves": 10,
    "restarts_performed": 1,
    "num_lp_solves": null,
    "num_labels_generated": null
  },
  "routes": [
    {
      "route_index": 1,
      "nodes": [
        0,
        14,
        27,
        40,
        41,
        42,
        55,
        56,
        70,
        71,
        84,
        86,
        85,
        72,
        60,
        49,
        50,
        36,
        35,
        34,
        33,
        20,
        21,
        22,
        23,
        24,
        11,
        10,
        9,
        8,
        7,
        6,
        19,
        31,
        30,
        17,
        18,
        5,
        4,
        3,
        2,
        1,
        195
      ],
      "score": 2286.0,
      "length": 578.2110537492243
    },
    {
      "route_index": 2,
      "nodes": [
        0,
        15,
        16,
        28,
        29,
        43,
        44,
        45,
        46,
        47,
        48,
        62,
        63,
        64,
        77,
        76,
        75,
        74,
        61,
        59,
        58,
        57,
        69,
        68,
        67,
        79,
        80,
        81,
        82,
        94,
        93,
        92,
        91,
        78,
        65,
        66,
        53,
        52,
        39,
        26,
        13,
        195
      ],
      "score": 2075.0,
      "length": 577.7736408373407
    }
  ],
  "dataset": "dang",
  "instance_name": "rat195_gen2_m2.txt",
  "run_seed": 70008,
  "run_index": 1
}