{
  "instance": {
    "num_nodes": 196,
    "team_size": 2,
    "max_route_distance": 581.0,
    "start_depot": 0,
    "end_depot": 195
  },
  "objective": {
    "total_score": 4629.0
  },
  "performance": {
    "cpu_time_seconds": 0.8796304000006785,
    "iterations": 20,
    "iterations_to_convergence": 14,
    "last_improvement_iteration": 14,
    "stagnation_iterations": 6,
    "accepted_worse_moves": 10,
    "restarts_performed": 1,
    "num_lp_solves": null,
    "num_labels_generated": null
  },
  "routes": [
    {
      "route_index": 1,
      "nodes": [
        0,
        14,
        27,
        28,
        40,
        39,
        52,
        53,
        65,
        66,
        67,
        79,
        80,
        81,
        82,
        83,
        84,
        86,
        85,
        72,
        71,
        70,
        57,
        58,
        59,
        60,
        48,
        47,
        34,
        35,
        36,
        37,
        24,
        23,
        22,
        21,
        33,
        20,
        19,
        31,
        30,
        17,
        16,
        15,
        195
      ],
      "score": 2451.0,
      "length": 580.3668013630866
    },
    {
      "route_index": 2,
      "nodes": [
        0,
        1,
        2,
        3,
        4,
        5,
        6,
        7,
        8,
        9,
        10,
        11,
        12,
        25,
        38,
        50,
        63,
        64,
        77,
        76,
        89,
        103,
        102,
        116,
        115,
        114,
        101,
        87,
        88,
        75,
        74,
        62,
        61,
        46,
        45,
        44,
        43,
        42,
        41,
        26,
        13,
        195
      ],
      "score": 2178.0,
      "length": 580.7051872006223
    }
  ],
  "dataset": "dang",
  "instance_name": "rat195_gen2_m2.txt",
  "run_seed": 70007,
  "run_index": 0
}