{
  "instance": {
    "num_nodes": 196,
    "team_size": 3,
    "max_route_distance": 387.333,
    "start_depot": 0,
    "end_depot": 195
  },
  "objective": {
    "total_score": 2333.0
  },
  "performance": {
    "cpu_time_seconds": 0.9639494000002742,
    "iterations": 20,
    "iterations_to_convergence": 17,
    "last_improvement_iteration": 17,
    "stagnation_iterations": 3,
    "accepted_worse_moves": 11,
    "restarts_performed": 1,
    "num_lp_solves": null,
    "num_labels_generated": null
  },
  "routes": [
    {
      "route_index": 1,
      "nodes": [
        0,
        13,
        26,
        41,
        42,
        55,
        56,
        57,
        70,
        71,
        84,
        83,
        96,
        97,
        98,
        99,
        86,
        85,
        72,
        45,
        31,
        17,
        16,
        195
      ],
      "score": 722.0,
      "length": 384.9184551591104
    },
    {
      "route_index": 2,
      "nodes": [
        0,
        1,
        2,
        3,
        4,
        5,
        6,
        7,
        8,
        9,
        10,
        11,
        12,
        25,
        38,
        51,
        50,
        49,
        36,
        35,
        37,
        24,
        23,
        22,
        21,
        33,
        20,
        19,
        18,
        195
      ],
      "score": 803.0,
      "length": 383.39446350615873
    },
    {
      "route_index": 3,
      "nodes": [
        0,
        15,
        30,
        32,
        46,
        60,
        61,
        62,
        63,
        64,
        77,
        76,
        89,
        88,
        75,
        74,
        73,
        59,
        58,
        44,
        43,
        29,
        28,
        27,
        14,
        195
      ],
      "score": 808.0,
      "length": 381.55148659404443
    }
  ],
  "dataset": "dang",
  "instance_name": "rat195_gen3_m3.txt",
  "run_seed": 71008,
  "run_index": 1
}