{
  "instance": {
    "num_nodes": 401,
    "team_size": 4,
    "max_route_distance": 1910.25,
    "start_depot": 0,
    "end_depot": 400
  },
  "objective": {
    "total_score": 9091.0
  },
  "performance": {
    "cpu_time_seconds": 7.684332199998607,
    "iterations": 20,
    "iterations_to_convergence": 20,
    "last_improvement_iteration": 20,
    "stagnation_iterations": 0,
    "accepted_worse_moves": 3,
    "restarts_performed": 1,
    "num_lp_solves": null,
    "num_labels_generated": null
  },
  "routes": [
    {
      "route_index": 1,
      "nodes": [
        0,
        202,
        357,
        366,
        21,
        256,
        107,
        353,
        359,
        384,
        147,
        292,
        109,
        343,
        306,
        157,
        326,
        253,
        362,
        244,
        223,
        58,
        31,
        22,
        123,
        47,
        252,
        67,
        319,
        275,
        299,
        338,
        272,
        55,
        114,
        221,
        246,
        38,
        294,
        33,
        160,
        168,
        400
      ],
      "score": 2474.0,
      "length": 1907.681027321816
    },
    {
      "route_index": 2,
      "nodes": [
        0,
        8,
        303,
        119,
        128,
        335,
        215,
        116,
        163,
        172,
        316,
        267,
        16,
        185,
        281,
        201,
        284,
        213,
        177,
        308,
        237,
        50,
        243,
        87,
        251,
        101,
        382,
        231,
        89,
        120,
        374,
        78,
        348,
        180,
        144,
        228,
        174,
        90,
        148,
        334,
        127,
        43,
        37,
        238,
        248,
        132,
        3,
        400
      ],
      "score": 2574.0,
      "length": 1909.745666194649
    },
    {
      "route_index": 3,
      "nodes": [
        0,
        136,
        75,
        396,
        250,
        310,
        349,
        112,
        141,
        61,
        328,
        344,
        59,
        121,
        1,
        138,
        298,
        102,
        95,
        178,
        56,
        19,
        81,
        269,
        74,
        219,
        230,
        290,
        369,
        142,
        103,
        111,
        263,
        108,
        167,
        54,
        39,
        245,
        351,
        400
      ],
      "score": 1814.0,
      "length": 1899.9384589972078
    },
    {
      "route_index": 4,
      "nodes": [
        0,
        200,
        255,
        44,
        289,
        146,
        370,
        110,
        385,
        98,
        309,
        333,
        302,
        193,
        104,
        170,
        354,
        247,
        317,
        169,
        217,
        26,
        125,
        130,
        375,
        42,
        11,
        320,
        62,
        296,
        175,
        27,
        377,
        36,
        325,
        105,
        273,
        367,
        165,
        226,
        214,
        65,
        400
      ],
      "score": 2229.0,
      "length": 1897.9777455205901
    }
  ],
  "dataset": "dang",
  "instance_name": "rd400_gen2_m4.txt",
  "run_seed": 77007,
  "run_index": 0
}