{
  "instance": {
    "num_nodes": 401,
    "team_size": 4,
    "max_route_distance": 1910.25,
    "start_depot": 0,
    "end_depot": 400
  },
  "objective": {
    "total_score": 8165.0
  },
  "performance": {
    "cpu_time_seconds": 8.458409000000756,
    "iterations": 20,
    "iterations_to_convergence": 20,
    "last_improvement_iteration": 20,
    "stagnation_iterations": 0,
    "accepted_worse_moves": 7,
    "restarts_performed": 1,
    "num_lp_solves": null,
    "num_labels_generated": null
  },
  "routes": [
    {
      "route_index": 1,
      "nodes": [
        0,
        107,
        95,
        178,
        102,
        225,
        227,
        79,
        259,
        279,
        140,
        13,
        51,
        387,
        222,
        249,
        268,
        27,
        377,
        175,
        296,
        62,
        320,
        11,
        42,
        375,
        130,
        125,
        26,
        217,
        169,
        317,
        247,
        309,
        333,
        302,
        263,
        108,
        167,
        54,
        39,
        245,
        351,
        400
      ],
      "score": 2131.0,
      "length": 1908.2221573134907
    },
    {
      "route_index": 2,
      "nodes": [
        0,
        200,
        168,
        255,
        44,
        160,
        236,
        257,
        120,
        374,
        78,
        348,
        228,
        174,
        334,
        192,
        96,
        73,
        218,
        332,
        234,
        93,
        240,
        80,
        323,
        293,
        170,
        290,
        230,
        219,
        74,
        36,
        325,
        81,
        273,
        367,
        165,
        19,
        214,
        226,
        256,
        21,
        366,
        400
      ],
      "score": 1798.0,
      "length": 1904.4296354992143
    },
    {
      "route_index": 3,
      "nodes": [
        0,
        3,
        132,
        248,
        238,
        127,
        43,
        180,
        144,
        7,
        90,
        148,
        337,
        398,
        364,
        216,
        187,
        266,
        171,
        133,
        363,
        69,
        207,
        77,
        197,
        143,
        176,
        137,
        149,
        32,
        104,
        354,
        369,
        98,
        385,
        110,
        370,
        146,
        289,
        400
      ],
      "score": 2116.0,
      "length": 1908.2425112990975
    },
    {
      "route_index": 4,
      "nodes": [
        0,
        202,
        357,
        91,
        156,
        338,
        109,
        343,
        326,
        292,
        147,
        1,
        121,
        208,
        264,
        381,
        72,
        211,
        280,
        4,
        254,
        265,
        134,
        92,
        329,
        386,
        194,
        313,
        389,
        115,
        331,
        131,
        10,
        362,
        244,
        223,
        58,
        31,
        361,
        253,
        328,
        61,
        141,
        112,
        250,
        310,
        129,
        157,
        306,
        299,
        272,
        55,
        400
      ],
      "score": 2120.0,
      "length": 1898.758630654935
    }
  ],
  "dataset": "dang",
  "instance_name": "rd400_gen3_m4.txt",
  "run_seed": 80008,
  "run_index": 1
}