{
  "instance": {
    "num_nodes": 401,
    "team_size": 4,
    "max_route_distance": 1910.25,
    "start_depot": 0,
    "end_depot": 400
  },
  "objective": {
    "total_score": 185.0
  },
  "performance": {
    "cpu_time_seconds": 8.701400800000556,
    "iterations": 20,
    "iterations_to_convergence": 20,
    "last_improvement_iteration": 20,
    "stagnation_iterations": 0,
    "accepted_worse_moves": 3,
    "restarts_performed": 1,
    "num_lp_solves": null,
    "num_labels_generated": null
  },
  "routes": [
    {
      "route_index": 1,
      "nodes": [
        0,
        3,
        132,
        248,
        43,
        127,
        192,
        337,
        148,
        90,
        334,
        7,
        144,
        180,
        174,
        228,
        258,
        348,
        312,
        161,
        224,
        260,
        314,
        286,
        391,
        113,
        342,
        40,
        70,
        339,
        152,
        126,
        184,
        251,
        87,
        243,
        50,
        164,
        237,
        308,
        177,
        346,
        285,
        33,
        255,
        200,
        400
      ],
      "score": 45.0,
      "length": 1873.170722268611
    },
    {
      "route_index": 2,
      "nodes": [
        0,
        8,
        303,
        114,
        221,
        38,
        294,
        284,
        213,
        201,
        154,
        210,
        283,
        76,
        198,
        394,
        233,
        356,
        204,
        66,
        281,
        116,
        215,
        335,
        128,
        119,
        246,
        300,
        14,
        20,
        117,
        315,
        340,
        68,
        75,
        396,
        319,
        395,
        100,
        275,
        299,
        272,
        274,
        357,
        256,
        366,
        202,
        400
      ],
      "score": 46.0,
      "length": 1901.5580287658179
    },
    {
      "route_index": 3,
      "nodes": [
        0,
        289,
        146,
        370,
        165,
        367,
        273,
        19,
        56,
        178,
        95,
        102,
        353,
        359,
        298,
        384,
        138,
        1,
        121,
        208,
        271,
        331,
        131,
        10,
        99,
        362,
        244,
        223,
        58,
        31,
        361,
        253,
        344,
        59,
        328,
        61,
        292,
        147,
        109,
        343,
        326,
        112,
        349,
        250,
        310,
        129,
        157,
        306,
        156,
        338,
        55,
        400
      ],
      "score": 50.0,
      "length": 1909.835366942823
    },
    {
      "route_index": 4,
      "nodes": [
        0,
        168,
        44,
        160,
        236,
        257,
        120,
        374,
        37,
        238,
        54,
        167,
        39,
        245,
        108,
        263,
        302,
        333,
        309,
        354,
        247,
        317,
        169,
        217,
        26,
        125,
        375,
        42,
        11,
        320,
        62,
        296,
        219,
        230,
        290,
        369,
        142,
        103,
        98,
        385,
        110,
        214,
        226,
        65,
        21,
        400
      ],
      "score": 44.0,
      "length": 1902.04398993722
    }
  ],
  "dataset": "dang",
  "instance_name": "rd400_gen1_m4.txt",
  "run_seed": 74007,
  "run_index": 0
}