{
  "instance": {
    "num_nodes": 401,
    "team_size": 2,
    "max_route_distance": 3820.5,
    "start_depot": 0,
    "end_depot": 400
  },
  "objective": {
    "total_score": 11649.0
  },
  "performance": {
    "cpu_time_seconds": 10.398447800000213,
    "iterations": 20,
    "iterations_to_convergence": 20,
    "last_improvement_iteration": 20,
    "stagnation_iterations": 0,
    "accepted_worse_moves": 5,
    "restarts_performed": 1,
    "num_lp_solves": null,
    "num_labels_generated": null
  },
  "routes": [
    {
      "route_index": 1,
      "nodes": [
        0,
        202,
        274,
        338,
        156,
        91,
        359,
        353,
        102,
        178,
        256,
        21,
        65,
        214,
        226,
        19,
        165,
        367,
        273,
        81,
        325,
        36,
        74,
        219,
        269,
        385,
        98,
        369,
        142,
        333,
        309,
        302,
        354,
        247,
        104,
        193,
        60,
        234,
        93,
        240,
        80,
        69,
        363,
        133,
        171,
        266,
        187,
        216,
        181,
        232,
        304,
        17,
        364,
        398,
        337,
        192,
        54,
        167,
        263,
        108,
        245,
        39,
        238,
        37,
        374,
        120,
        78,
        348,
        180,
        144,
        174,
        228,
        258,
        161,
        286,
        314,
        224,
        260,
        382,
        101,
        251,
        87,
        243,
        237,
        50,
        164,
        231,
        89,
        257,
        236,
        285,
        294,
        38,
        221,
        114,
        303,
        8,
        200,
        400
      ],
      "score": 5562.0,
      "length": 3819.196158242663
    },
    {
      "route_index": 2,
      "nodes": [
        0,
        3,
        168,
        255,
        44,
        160,
        33,
        346,
        177,
        213,
        284,
        215,
        335,
        119,
        128,
        116,
        185,
        16,
        267,
        316,
        172,
        163,
        166,
        327,
        25,
        300,
        14,
        20,
        117,
        195,
        106,
        159,
        63,
        6,
        340,
        75,
        396,
        319,
        275,
        250,
        310,
        129,
        112,
        141,
        61,
        328,
        253,
        361,
        31,
        58,
        223,
        362,
        99,
        10,
        131,
        331,
        389,
        313,
        194,
        386,
        329,
        92,
        2,
        206,
        360,
        392,
        372,
        145,
        188,
        9,
        241,
        30,
        124,
        352,
        265,
        254,
        4,
        279,
        259,
        140,
        13,
        376,
        336,
        79,
        227,
        225,
        280,
        211,
        72,
        381,
        264,
        121,
        1,
        138,
        384,
        147,
        109,
        292,
        326,
        343,
        157,
        306,
        299,
        272,
        55,
        400
      ],
      "score": 6087.0,
      "length": 3810.118191596329
    }
  ],
  "dataset": "dang",
  "instance_name": "rd400_gen2_m2.txt",
  "run_seed": 75007,
  "run_index": 0
}