{
  "instance": {
    "num_nodes": 401,
    "team_size": 4,
    "max_route_distance": 1910.25,
    "start_depot": 0,
    "end_depot": 400
  },
  "objective": {
    "total_score": 9621.0
  },
  "performance": {
    "cpu_time_seconds": 7.693897500001185,
    "iterations": 20,
    "iterations_to_convergence": 19,
    "last_improvement_iteration": 19,
    "stagnation_iterations": 1,
    "accepted_worse_moves": 5,
    "restarts_performed": 1,
    "num_lp_solves": null,
    "num_labels_generated": null
  },
  "routes": [
    {
      "route_index": 1,
      "nodes": [
        0,
        200,
        38,
        294,
        284,
        201,
        281,
        116,
        316,
        172,
        12,
        18,
        383,
        297,
        41,
        390,
        20,
        14,
        29,
        75,
        396,
        319,
        67,
        252,
        205,
        47,
        123,
        22,
        141,
        61,
        328,
        253,
        344,
        59,
        121,
        1,
        147,
        292,
        326,
        343,
        338,
        272,
        55,
        274,
        400
      ],
      "score": 2392.0,
      "length": 1900.4460651749857
    },
    {
      "route_index": 2,
      "nodes": [
        0,
        3,
        168,
        132,
        248,
        238,
        37,
        43,
        127,
        7,
        334,
        192,
        337,
        148,
        90,
        82,
        49,
        393,
        295,
        179,
        203,
        209,
        318,
        228,
        174,
        144,
        180,
        78,
        89,
        231,
        164,
        50,
        237,
        308,
        177,
        213,
        215,
        335,
        221,
        114,
        303,
        400
      ],
      "score": 1913.0,
      "length": 1902.2323351104067
    },
    {
      "route_index": 3,
      "nodes": [
        0,
        202,
        357,
        91,
        156,
        299,
        275,
        250,
        310,
        306,
        157,
        109,
        384,
        138,
        298,
        359,
        353,
        102,
        178,
        226,
        214,
        19,
        165,
        367,
        273,
        325,
        81,
        269,
        385,
        98,
        369,
        247,
        354,
        104,
        309,
        333,
        302,
        263,
        108,
        167,
        39,
        245,
        351,
        289,
        400
      ],
      "score": 2511.0,
      "length": 1906.5021373542977
    },
    {
      "route_index": 4,
      "nodes": [
        0,
        8,
        246,
        119,
        128,
        25,
        327,
        166,
        163,
        185,
        16,
        267,
        66,
        204,
        394,
        233,
        356,
        154,
        235,
        262,
        243,
        87,
        184,
        126,
        152,
        70,
        40,
        342,
        113,
        391,
        286,
        314,
        224,
        260,
        101,
        382,
        161,
        258,
        348,
        374,
        120,
        236,
        257,
        285,
        33,
        160,
        44,
        255,
        400
      ],
      "score": 2805.0,
      "length": 1908.1911748888847
    }
  ],
  "dataset": "dang",
  "instance_name": "rd400_gen2_m4.txt",
  "run_seed": 77008,
  "run_index": 1
}