{
  "instance": {
    "num_nodes": 401,
    "team_size": 4,
    "max_route_distance": 1910.25,
    "start_depot": 0,
    "end_depot": 400
  },
  "objective": {
    "total_score": 7957.0
  },
  "performance": {
    "cpu_time_seconds": 9.637211600000228,
    "iterations": 20,
    "iterations_to_convergence": 20,
    "last_improvement_iteration": 20,
    "stagnation_iterations": 0,
    "accepted_worse_moves": 5,
    "restarts_performed": 1,
    "num_lp_solves": null,
    "num_labels_generated": null
  },
  "routes": [
    {
      "route_index": 1,
      "nodes": [
        0,
        351,
        111,
        302,
        193,
        60,
        332,
        234,
        93,
        240,
        176,
        143,
        197,
        77,
        373,
        291,
        324,
        301,
        85,
        182,
        371,
        282,
        130,
        375,
        11,
        26,
        217,
        219,
        74,
        81,
        273,
        367,
        19,
        214,
        256,
        400
      ],
      "score": 2166.0,
      "length": 1909.430511252477
    },
    {
      "route_index": 2,
      "nodes": [
        0,
        200,
        8,
        303,
        221,
        38,
        294,
        284,
        201,
        154,
        210,
        283,
        76,
        198,
        399,
        288,
        347,
        277,
        152,
        126,
        70,
        40,
        342,
        83,
        397,
        52,
        64,
        113,
        314,
        224,
        161,
        312,
        348,
        228,
        174,
        144,
        180,
        78,
        374,
        120,
        236,
        160,
        44,
        168,
        3,
        400
      ],
      "score": 1948.0,
      "length": 1905.8462602222505
    },
    {
      "route_index": 3,
      "nodes": [
        0,
        55,
        272,
        338,
        156,
        306,
        157,
        129,
        310,
        250,
        275,
        319,
        67,
        46,
        122,
        270,
        183,
        35,
        153,
        71,
        159,
        106,
        195,
        117,
        20,
        300,
        390,
        41,
        97,
        239,
        18,
        12,
        172,
        163,
        316,
        16,
        66,
        204,
        281,
        215,
        335,
        128,
        119,
        246,
        114,
        400
      ],
      "score": 1629.0,
      "length": 1909.9356565868222
    },
    {
      "route_index": 4,
      "nodes": [
        0,
        366,
        21,
        65,
        226,
        56,
        105,
        325,
        36,
        377,
        27,
        268,
        249,
        222,
        387,
        376,
        51,
        352,
        13,
        140,
        279,
        259,
        79,
        227,
        225,
        280,
        381,
        72,
        211,
        4,
        254,
        265,
        134,
        92,
        329,
        386,
        194,
        313,
        271,
        208,
        121,
        1,
        138,
        384,
        298,
        359,
        353,
        91,
        357,
        202,
        400
      ],
      "score": 2214.0,
      "length": 1903.7806072823598
    }
  ],
  "dataset": "dang",
  "instance_name": "rd400_gen3_m4.txt",
  "run_seed": 80007,
  "run_index": 0
}