{
  "instance": {
    "num_nodes": 401,
    "team_size": 2,
    "max_route_distance": 3820.5,
    "start_depot": 0,
    "end_depot": 400
  },
  "objective": {
    "total_score": 10410.0
  },
  "performance": {
    "cpu_time_seconds": 9.13394899999912,
    "iterations": 20,
    "iterations_to_convergence": 17,
    "last_improvement_iteration": 17,
    "stagnation_iterations": 3,
    "accepted_worse_moves": 7,
    "restarts_performed": 1,
    "num_lp_solves": null,
    "num_labels_generated": null
  },
  "routes": [
    {
      "route_index": 1,
      "nodes": [
        0,
        202,
        357,
        256,
        226,
        214,
        165,
        367,
        19,
        56,
        178,
        95,
        102,
        353,
        359,
        298,
        384,
        138,
        1,
        121,
        264,
        208,
        99,
        362,
        244,
        223,
        58,
        31,
        361,
        253,
        61,
        328,
        344,
        59,
        147,
        292,
        326,
        141,
        112,
        349,
        100,
        395,
        123,
        47,
        252,
        67,
        319,
        299,
        136,
        114,
        38,
        294,
        116,
        163,
        172,
        316,
        267,
        16,
        185,
        66,
        204,
        356,
        233,
        394,
        53,
        288,
        399,
        198,
        76,
        283,
        210,
        154,
        235,
        262,
        243,
        87,
        184,
        126,
        152,
        70,
        40,
        342,
        113,
        314,
        224,
        161,
        312,
        348,
        78,
        374,
        120,
        257,
        236,
        160,
        44,
        200,
        400
      ],
      "score": 5313.0,
      "length": 3811.2419729127355
    },
    {
      "route_index": 2,
      "nodes": [
        0,
        3,
        168,
        255,
        33,
        285,
        346,
        177,
        308,
        237,
        50,
        164,
        89,
        231,
        382,
        101,
        260,
        286,
        391,
        365,
        189,
        307,
        158,
        84,
        358,
        155,
        203,
        209,
        258,
        228,
        174,
        144,
        180,
        43,
        127,
        37,
        238,
        248,
        132,
        245,
        39,
        54,
        167,
        108,
        263,
        111,
        370,
        65,
        21,
        366,
        91,
        274,
        55,
        272,
        338,
        156,
        109,
        343,
        157,
        306,
        310,
        250,
        275,
        396,
        75,
        340,
        6,
        63,
        159,
        106,
        195,
        117,
        20,
        14,
        300,
        390,
        41,
        297,
        383,
        166,
        327,
        25,
        281,
        201,
        213,
        284,
        215,
        335,
        128,
        119,
        246,
        221,
        303,
        8,
        400
      ],
      "score": 5097.0,
      "length": 3816.082349902235
    }
  ],
  "dataset": "dang",
  "instance_name": "rd400_gen2_m2.txt",
  "run_seed": 75008,
  "run_index": 1
}