{
  "instance": {
    "num_nodes": 401,
    "team_size": 2,
    "max_route_distance": 3820.5,
    "start_depot": 0,
    "end_depot": 400
  },
  "objective": {
    "total_score": 199.0
  },
  "performance": {
    "cpu_time_seconds": 9.310904399999345,
    "iterations": 20,
    "iterations_to_convergence": 14,
    "last_improvement_iteration": 14,
    "stagnation_iterations": 6,
    "accepted_worse_moves": 4,
    "restarts_performed": 1,
    "num_lp_solves": null,
    "num_labels_generated": null
  },
  "routes": [
    {
      "route_index": 1,
      "nodes": [
        0,
        3,
        168,
        248,
        132,
        351,
        245,
        39,
        108,
        167,
        54,
        238,
        37,
        127,
        43,
        144,
        180,
        348,
        312,
        161,
        224,
        286,
        314,
        260,
        101,
        382,
        231,
        89,
        164,
        50,
        237,
        308,
        177,
        346,
        294,
        38,
        335,
        116,
        281,
        66,
        185,
        16,
        267,
        316,
        12,
        172,
        163,
        166,
        327,
        25,
        300,
        14,
        20,
        29,
        75,
        68,
        340,
        315,
        117,
        195,
        106,
        159,
        63,
        6,
        46,
        122,
        205,
        47,
        123,
        252,
        67,
        319,
        395,
        100,
        349,
        112,
        141,
        361,
        31,
        58,
        223,
        244,
        362,
        10,
        99,
        59,
        344,
        253,
        328,
        61,
        129,
        310,
        250,
        275,
        396,
        299,
        338,
        156,
        91,
        357,
        202,
        400
      ],
      "score": 100.0,
      "length": 3813.201224552459
    },
    {
      "route_index": 2,
      "nodes": [
        0,
        200,
        8,
        303,
        114,
        221,
        246,
        119,
        128,
        215,
        284,
        213,
        285,
        33,
        160,
        255,
        44,
        289,
        146,
        65,
        21,
        366,
        256,
        107,
        359,
        353,
        102,
        95,
        178,
        56,
        226,
        214,
        19,
        273,
        367,
        165,
        110,
        103,
        98,
        385,
        269,
        81,
        105,
        325,
        36,
        377,
        27,
        268,
        249,
        222,
        387,
        376,
        336,
        79,
        227,
        225,
        280,
        4,
        254,
        279,
        259,
        140,
        13,
        51,
        352,
        124,
        30,
        241,
        9,
        188,
        145,
        392,
        372,
        265,
        134,
        92,
        329,
        386,
        313,
        194,
        211,
        72,
        381,
        264,
        208,
        121,
        1,
        138,
        298,
        384,
        147,
        292,
        109,
        343,
        326,
        157,
        306,
        272,
        55,
        274,
        400
      ],
      "score": 99.0,
      "length": 3820.219918177865
    }
  ],
  "dataset": "dang",
  "instance_name": "rd400_gen1_m2.txt",
  "run_seed": 72008,
  "run_index": 1
}