{
  "instance": {
    "num_nodes": 401,
    "team_size": 3,
    "max_route_distance": 2547.0,
    "start_depot": 0,
    "end_depot": 400
  },
  "objective": {
    "total_score": 193.0
  },
  "performance": {
    "cpu_time_seconds": 9.186663399999816,
    "iterations": 20,
    "iterations_to_convergence": 16,
    "last_improvement_iteration": 16,
    "stagnation_iterations": 4,
    "accepted_worse_moves": 4,
    "restarts_performed": 1,
    "num_lp_solves": null,
    "num_labels_generated": null
  },
  "routes": [
    {
      "route_index": 1,
      "nodes": [
        0,
        8,
        303,
        114,
        221,
        246,
        119,
        25,
        327,
        166,
        163,
        172,
        12,
        316,
        267,
        16,
        185,
        116,
        281,
        66,
        204,
        356,
        210,
        233,
        394,
        198,
        76,
        283,
        262,
        50,
        164,
        231,
        89,
        120,
        374,
        78,
        37,
        238,
        248,
        132,
        351,
        289,
        146,
        214,
        226,
        165,
        367,
        273,
        19,
        56,
        178,
        95,
        102,
        107,
        353,
        359,
        298,
        138,
        384,
        91,
        156,
        338,
        274,
        400
      ],
      "score": 62.0,
      "length": 2514.366642989034
    },
    {
      "route_index": 2,
      "nodes": [
        0,
        38,
        294,
        215,
        335,
        128,
        300,
        14,
        20,
        29,
        75,
        68,
        340,
        315,
        117,
        390,
        41,
        195,
        106,
        159,
        63,
        6,
        46,
        122,
        34,
        205,
        47,
        123,
        252,
        67,
        319,
        395,
        100,
        349,
        112,
        141,
        61,
        328,
        59,
        344,
        253,
        361,
        31,
        58,
        223,
        244,
        362,
        99,
        208,
        121,
        1,
        147,
        292,
        109,
        343,
        326,
        157,
        306,
        129,
        310,
        250,
        275,
        396,
        299,
        272,
        55,
        400
      ],
      "score": 65.0,
      "length": 2529.1177689548026
    },
    {
      "route_index": 3,
      "nodes": [
        0,
        202,
        357,
        366,
        21,
        256,
        65,
        370,
        110,
        385,
        269,
        74,
        219,
        230,
        290,
        369,
        142,
        98,
        103,
        111,
        263,
        108,
        245,
        39,
        167,
        54,
        192,
        337,
        148,
        90,
        334,
        7,
        127,
        43,
        180,
        144,
        174,
        228,
        348,
        312,
        161,
        224,
        286,
        314,
        260,
        382,
        101,
        251,
        87,
        243,
        237,
        308,
        235,
        154,
        201,
        284,
        213,
        177,
        346,
        285,
        33,
        160,
        44,
        255,
        168,
        3,
        200,
        400
      ],
      "score": 66.0,
      "length": 2546.7010271262566
    }
  ],
  "dataset": "dang",
  "instance_name": "rd400_gen1_m3.txt",
  "run_seed": 73007,
  "run_index": 0
}