{
  "instance": {
    "num_nodes": 401,
    "team_size": 3,
    "max_route_distance": 2547.0,
    "start_depot": 0,
    "end_depot": 400
  },
  "objective": {
    "total_score": 10232.0
  },
  "performance": {
    "cpu_time_seconds": 8.305676099998891,
    "iterations": 20,
    "iterations_to_convergence": 17,
    "last_improvement_iteration": 17,
    "stagnation_iterations": 3,
    "accepted_worse_moves": 7,
    "restarts_performed": 1,
    "num_lp_solves": null,
    "num_labels_generated": null
  },
  "routes": [
    {
      "route_index": 1,
      "nodes": [
        0,
        274,
        299,
        306,
        157,
        129,
        310,
        250,
        275,
        396,
        319,
        67,
        252,
        47,
        123,
        22,
        58,
        223,
        31,
        361,
        253,
        328,
        61,
        141,
        326,
        343,
        109,
        292,
        147,
        384,
        359,
        353,
        298,
        138,
        1,
        121,
        264,
        381,
        72,
        211,
        280,
        4,
        279,
        259,
        227,
        79,
        336,
        249,
        268,
        27,
        377,
        105,
        325,
        36,
        74,
        219,
        230,
        317,
        247,
        354,
        142,
        103,
        110,
        370,
        146,
        289,
        3,
        400
      ],
      "score": 3566.0,
      "length": 2541.7343912265437
    },
    {
      "route_index": 2,
      "nodes": [
        0,
        202,
        366,
        357,
        91,
        156,
        338,
        272,
        55,
        136,
        114,
        221,
        246,
        25,
        327,
        300,
        14,
        20,
        315,
        340,
        6,
        63,
        159,
        106,
        195,
        41,
        297,
        383,
        18,
        12,
        172,
        163,
        316,
        267,
        16,
        185,
        116,
        281,
        66,
        204,
        356,
        233,
        394,
        198,
        76,
        283,
        210,
        235,
        262,
        243,
        87,
        50,
        237,
        308,
        177,
        201,
        284,
        213,
        33,
        160,
        44,
        255,
        200,
        400
      ],
      "score": 3330.0,
      "length": 2546.120561581726
    },
    {
      "route_index": 3,
      "nodes": [
        0,
        8,
        303,
        119,
        128,
        335,
        38,
        294,
        285,
        236,
        257,
        89,
        231,
        101,
        382,
        120,
        374,
        37,
        238,
        39,
        245,
        108,
        263,
        167,
        54,
        379,
        96,
        218,
        73,
        139,
        187,
        266,
        171,
        133,
        363,
        69,
        80,
        240,
        93,
        234,
        60,
        193,
        302,
        333,
        309,
        369,
        98,
        385,
        269,
        81,
        273,
        367,
        165,
        19,
        226,
        214,
        65,
        21,
        400
      ],
      "score": 3336.0,
      "length": 2541.075180058347
    }
  ],
  "dataset": "dang",
  "instance_name": "rd400_gen2_m3.txt",
  "run_seed": 76008,
  "run_index": 1
}