{
  "instance": {
    "num_nodes": 401,
    "team_size": 3,
    "max_route_distance": 2547.0,
    "start_depot": 0,
    "end_depot": 400
  },
  "objective": {
    "total_score": 9308.0
  },
  "performance": {
    "cpu_time_seconds": 9.97366030000012,
    "iterations": 20,
    "iterations_to_convergence": 19,
    "last_improvement_iteration": 19,
    "stagnation_iterations": 1,
    "accepted_worse_moves": 7,
    "restarts_performed": 1,
    "num_lp_solves": null,
    "num_labels_generated": null
  },
  "routes": [
    {
      "route_index": 1,
      "nodes": [
        0,
        200,
        38,
        294,
        346,
        177,
        308,
        235,
        154,
        201,
        213,
        284,
        215,
        335,
        128,
        119,
        246,
        25,
        327,
        166,
        163,
        172,
        12,
        18,
        383,
        297,
        287,
        135,
        57,
        48,
        341,
        212,
        229,
        345,
        378,
        118,
        278,
        153,
        35,
        183,
        270,
        34,
        123,
        47,
        252,
        205,
        122,
        46,
        6,
        340,
        315,
        68,
        75,
        396,
        275,
        250,
        310,
        129,
        306,
        157,
        326,
        343,
        109,
        156,
        338,
        272,
        55,
        400
      ],
      "score": 2630.0,
      "length": 2541.3733379604705
    },
    {
      "route_index": 2,
      "nodes": [
        0,
        3,
        168,
        44,
        160,
        236,
        257,
        89,
        231,
        382,
        101,
        260,
        224,
        161,
        312,
        348,
        180,
        144,
        7,
        334,
        148,
        90,
        82,
        49,
        393,
        17,
        304,
        232,
        181,
        216,
        139,
        187,
        266,
        171,
        133,
        363,
        69,
        80,
        332,
        234,
        93,
        240,
        323,
        149,
        293,
        130,
        375,
        42,
        11,
        125,
        26,
        320,
        62,
        296,
        217,
        169,
        230,
        290,
        369,
        98,
        385,
        110,
        370,
        146,
        289,
        400
      ],
      "score": 3563.0,
      "length": 2522.6384187834724
    },
    {
      "route_index": 3,
      "nodes": [
        0,
        303,
        114,
        221,
        300,
        14,
        20,
        117,
        195,
        106,
        159,
        150,
        5,
        97,
        239,
        23,
        305,
        267,
        316,
        185,
        16,
        66,
        204,
        356,
        210,
        283,
        76,
        198,
        394,
        53,
        399,
        288,
        347,
        277,
        86,
        311,
        186,
        355,
        388,
        330,
        199,
        24,
        28,
        368,
        94,
        196,
        173,
        380,
        339,
        152,
        126,
        184,
        251,
        87,
        243,
        50,
        237,
        285,
        33,
        255,
        400
      ],
      "score": 3115.0,
      "length": 2544.030790931144
    }
  ],
  "dataset": "dang",
  "instance_name": "rd400_gen3_m3.txt",
  "run_seed": 79008,
  "run_index": 1
}