{
  "instance": {
    "num_nodes": 401,
    "team_size": 4,
    "max_route_distance": 1910.25,
    "start_depot": 0,
    "end_depot": 400
  },
  "objective": {
    "total_score": 179.0
  },
  "performance": {
    "cpu_time_seconds": 8.461143399999855,
    "iterations": 20,
    "iterations_to_convergence": 20,
    "last_improvement_iteration": 20,
    "stagnation_iterations": 0,
    "accepted_worse_moves": 2,
    "restarts_performed": 1,
    "num_lp_solves": null,
    "num_labels_generated": null
  },
  "routes": [
    {
      "route_index": 1,
      "nodes": [
        0,
        136,
        14,
        117,
        195,
        106,
        390,
        41,
        297,
        383,
        18,
        12,
        172,
        163,
        316,
        267,
        16,
        185,
        66,
        204,
        154,
        235,
        177,
        308,
        237,
        164,
        50,
        243,
        87,
        251,
        101,
        382,
        231,
        89,
        78,
        374,
        120,
        248,
        132,
        351,
        3,
        400
      ],
      "score": 40.0,
      "length": 1889.6780409659093
    },
    {
      "route_index": 2,
      "nodes": [
        0,
        289,
        146,
        65,
        366,
        357,
        91,
        156,
        338,
        109,
        292,
        147,
        99,
        10,
        362,
        244,
        223,
        58,
        31,
        361,
        141,
        112,
        349,
        100,
        395,
        319,
        67,
        252,
        123,
        47,
        205,
        34,
        122,
        46,
        340,
        315,
        68,
        75,
        299,
        272,
        55,
        274,
        400
      ],
      "score": 41.0,
      "length": 1897.6515550010029
    },
    {
      "route_index": 3,
      "nodes": [
        0,
        8,
        303,
        114,
        221,
        246,
        119,
        128,
        335,
        215,
        281,
        116,
        166,
        327,
        25,
        300,
        20,
        29,
        396,
        275,
        250,
        310,
        129,
        306,
        157,
        343,
        326,
        61,
        328,
        253,
        344,
        59,
        208,
        121,
        1,
        138,
        384,
        298,
        359,
        353,
        107,
        102,
        95,
        178,
        56,
        19,
        273,
        367,
        165,
        214,
        226,
        256,
        21,
        202,
        400
      ],
      "score": 53.0,
      "length": 1896.7311339023752
    },
    {
      "route_index": 4,
      "nodes": [
        0,
        168,
        255,
        44,
        160,
        33,
        285,
        346,
        257,
        236,
        37,
        127,
        43,
        180,
        144,
        174,
        228,
        348,
        312,
        161,
        260,
        224,
        286,
        314,
        113,
        342,
        40,
        70,
        339,
        152,
        126,
        184,
        262,
        283,
        76,
        198,
        394,
        233,
        356,
        210,
        201,
        213,
        284,
        294,
        38,
        200,
        400
      ],
      "score": 45.0,
      "length": 1886.588248645561
    }
  ],
  "dataset": "dang",
  "instance_name": "rd400_gen1_m4.txt",
  "run_seed": 74008,
  "run_index": 1
}