{
  "instance": {
    "num_nodes": 226,
    "team_size": 2,
    "max_route_distance": 31661.0,
    "start_depot": 0,
    "end_depot": 225
  },
  "objective": {
    "total_score": 5014.0
  },
  "performance": {
    "cpu_time_seconds": 1.2769745999994484,
    "iterations": 20,
    "iterations_to_convergence": 18,
    "last_improvement_iteration": 18,
    "stagnation_iterations": 2,
    "accepted_worse_moves": 7,
    "restarts_performed": 1,
    "num_lp_solves": null,
    "num_labels_generated": null
  },
  "routes": [
    {
      "route_index": 1,
      "nodes": [
        0,
        1,
        2,
        3,
        4,
        5,
        6,
        130,
        131,
        7,
        8,
        9,
        10,
        11,
        12,
        13,
        14,
        135,
        136,
        137,
        138,
        139,
        37,
        38,
        39,
        40,
        41,
        161,
        61,
        60,
        59,
        58,
        57,
        56,
        159,
        158,
        157,
        156,
        155,
        31,
        134,
        133,
        132,
        27,
        26,
        225
      ],
      "score": 2226.0,
      "length": 31575.07003295752
    },
    {
      "route_index": 2,
      "nodes": [
        0,
        28,
        29,
        30,
        32,
        33,
        34,
        35,
        36,
        160,
        162,
        163,
        164,
        65,
        64,
        63,
        62,
        185,
        186,
        187,
        188,
        189,
        87,
        86,
        85,
        84,
        83,
        82,
        81,
        184,
        183,
        182,
        181,
        180,
        55,
        54,
        53,
        52,
        51,
        175,
        50,
        154,
        153,
        152,
        151,
        150,
        25,
        129,
        128,
        127,
        126,
        125,
        225
      ],
      "score": 2788.0,
      "length": 31556.561139893518
    }
  ],
  "dataset": "dang",
  "instance_name": "ts225_gen2_m2.txt",
  "run_seed": 81008,
  "run_index": 1
}